index, checksum,uptime mp,uptime nav,missiontime,  errorflag mp,errorflag NAV,  accel x, accel y, accel z, accelworld x, accelworld y, accelworld z, accelhighg x, accelhighg y, accelhighg z, gyro x, gyro y, gyro z, euler x, euler y, euler z, quat w, quat x, quat y, quat z, altitude, presusre, verticalvel,filtered vvel, maxalt, altitudeagl, filtered alt, imutemp, barotemp,state,battstate,pyros fired,pyros cont,pyros state, checksum2
0, 101,137783,137782,-8460,1,1,-2.590073,9.476857,0.453754,0.015154,-0.019698,0.033865,7.977643,2.965941,-9.017131,-0.581708,-1.075353,1.198838,177.459584,-176.405154,164.459276,0.990181,-0.017713,-0.034066,-0.134414,612.230408,94781.000000,-0.118637,0.393653,1.044678,0.771240,0.820458,12.250000,16.550220,0,2.910000,0,0,0, 202
1, 101,137833,137832,-8410,1,1,-2.604565,9.475251,0.446231,0.002027,-0.004023,0.035831,9.899747,4.888044,-9.017131,-1.522393,-0.385540,-0.075130,177.417456,-176.374144,164.453388,0.990160,-0.018039,-0.034384,-0.134446,612.230652,94779.054688,-1.135828,0.394944,1.044678,0.771484,0.838513,12.250000,16.536507,0,2.910000,0,0,0, 202
2, 101,137883,137866,-8360,1,1,-2.575372,9.494644,0.419249,0.037667,-0.003788,0.068345,9.419221,2.485415,-8.056079,-0.101434,0.832316,-1.723712,177.473218,-176.379458,164.476570,0.990423,-0.017682,-0.034322,-0.132556,612.300293,94777.085938,-0.113461,0.104677,1.044678,0.841125,0.818464,12.250000,16.536507,0,2.910000,0,0,0, 202
3, 101,137933,137932,-8310,1,1,-2.571582,9.535338,0.451523,0.014162,-0.026327,0.085288,9.899747,2.965941,-8.536605,1.391664,0.743515,0.037373,177.524622,-176.419333,164.660766,0.990429,-0.017228,-0.033837,-0.132696,612.196594,94777.062500,-0.957157,0.108107,1.044678,0.737427,0.824942,12.250000,16.550220,0,2.910000,0,0,0, 202
4, 101,137983,137966,-8260,1,1,-2.604718,9.543111,0.451765,0.022281,0.001201,0.048589,9.419221,2.485415,-7.575553,0.192585,0.195080,0.278215,177.524239,-176.455560,164.620823,0.990528,-0.017173,-0.033540,-0.132042,612.245972,94777.078125,-0.984091,-0.413091,1.044678,0.786804,0.791736,12.250000,16.541079,0,2.910000,0,0,0, 202
5, 101,138033,138032,-8210,1,1,-2.601893,9.480276,0.451696,-0.042150,-0.021083,0.040102,8.458169,2.485415,-7.575553,-1.549169,0.069014,0.120479,177.502218,-176.432706,164.734887,0.990515,-0.017459,-0.033736,-0.132051,612.267395,94771.187500,-0.303754,-0.408853,1.044678,0.808228,0.766777,12.250000,16.531935,0,2.910000,0,0,0, 202
6, 101,138083,138082,-8160,1,1,-2.607044,9.503083,0.433737,-0.039434,0.005391,0.062661,9.899747,2.965941,-9.017131,-3.376500,0.456296,-0.521250,177.457781,-176.437993,164.731827,0.990271,-0.017665,-0.033677,-0.133856,612.138367,94782.976562,-0.626396,-0.489662,1.044678,0.679199,0.745176,12.250000,16.545649,0,2.910000,0,0,0, 202
7, 101,138133,138132,-8110,1,1,-2.597238,9.512610,0.457139,0.015755,-0.023070,0.070352,8.938695,2.965941,-9.017131,-1.158972,2.277990,-1.924606,177.468887,-176.464194,164.472840,0.990213,-0.017707,-0.033543,-0.134313,612.262756,94776.101562,0.072288,-0.487247,1.044678,0.803589,0.722667,12.250000,16.536507,0,2.910000,0,0,0, 202
8, 101,138183,138182,-8060,1,1,-2.584567,9.490921,0.411039,0.023372,0.011114,0.044093,9.419221,2.965941,-9.497657,2.237625,-1.638815,0.480913,177.529362,-176.433007,164.480955,0.990375,-0.016611,-0.033690,-0.133213,612.188965,94777.070312,0.267876,-0.243974,1.044678,0.729797,0.739384,12.250000,16.545649,0,2.910000,0,0,0, 202
9, 101,138232,138232,-8011,1,1,-2.566789,9.509403,0.436924,0.016609,-0.019366,0.058382,9.419221,2.004889,-7.575553,-2.635418,0.919307,-0.448113,177.561600,-176.417530,164.638718,0.990409,-0.016900,-0.033813,-0.132897,612.260803,94779.039062,0.944001,-0.241632,1.044678,0.801636,0.728230,12.250000,16.545649,0,2.910000,0,0,0, 202
10, 101,138283,138282,-7960,1,1,-2.544924,9.500589,0.436637,0.024023,-0.033601,0.044140,8.938695,3.446467,-9.978183,3.196009,-1.194918,2.641864,177.640024,-176.443648,164.705927,0.990623,-0.017756,-0.033708,-0.131205,612.224243,94778.054688,0.320989,-0.060743,1.044678,0.765076,0.749060,12.250000,16.545649,0,2.910000,0,0,0, 202
11, 101,138333,138332,-7910,1,1,-2.570581,9.504187,0.436473,-0.014672,-0.002567,0.054341,8.938695,3.446467,-9.017131,-2.815139,0.515312,0.319141,177.476974,-176.435712,164.792753,0.990578,-0.017698,-0.033730,-0.131544,612.297363,94777.070312,0.269914,-0.058095,1.044678,0.838196,0.746292,12.250000,16.545649,0,2.910000,0,0,0, 202
12, 101,138382,138383,-7861,1,1,-2.563910,9.504270,0.431481,-0.007715,0.015837,0.052458,8.938695,3.926993,-8.536605,-1.905020,-0.121784,-0.185188,177.396050,-176.419866,164.790895,0.990526,-0.017674,-0.033859,-0.131906,612.331787,94780.023438,2.375229,0.729302,1.044678,0.872620,0.795592,12.250000,16.545649,0,2.910000,0,0,0, 202
13, 101,138432,138416,-7811,1,1,-2.592522,9.515386,0.432707,-0.038374,-0.000115,0.038948,9.419221,3.446467,-8.536605,0.240126,3.778297,0.971031,177.487779,-176.456271,164.774653,0.990564,-0.017623,-0.033543,-0.131709,612.188843,94778.046875,-0.638312,0.730301,1.044678,0.729675,0.818232,12.250000,16.550220,0,2.910000,0,0,0, 202
14, 101,138483,138466,-7760,1,1,-2.573042,9.504360,0.415841,-0.019265,0.021348,0.054227,8.938695,2.965941,-9.978183,-1.654700,-0.237401,1.609811,177.459953,-176.572370,164.819240,0.990638,-0.018011,-0.032564,-0.131341,612.300964,94778.054688,-1.278068,0.078263,1.044678,0.841797,0.812993,12.250000,16.545649,0,2.910000,0,0,0, 202
15, 101,138533,138516,-7710,1,1,-2.578052,9.486112,0.418227,-0.007469,-0.012968,0.028914,9.899747,2.965941,-8.056079,1.171473,-0.765222,-0.506674,177.573403,-176.595716,164.736540,0.990566,-0.017034,-0.032245,-0.132094,612.126404,94782.976562,0.140196,0.079632,1.044678,0.667236,0.815426,12.250000,16.545649,0,2.910000,0,0,0, 202
16, 101,138583,138566,-7660,1,1,-2.571121,9.500208,0.432118,-0.023975,-0.023892,0.078939,9.899747,3.446467,-8.056079,-2.259505,0.400446,2.152011,177.542735,-176.551224,164.737073,0.990552,-0.017247,-0.032665,-0.132071,612.086853,94782.968750,-1.805908,0.081624,1.044678,0.627686,0.819057,12.250000,16.550220,0,2.910000,0,0,0, 202
17, 101,138633,138617,-7610,1,1,-2.565463,9.484391,0.454908,-0.019404,-0.074568,0.049000,9.419221,2.965941,-9.497657,-0.097580,-1.028795,-2.154585,177.522736,-176.537919,164.734054,0.990542,-0.017404,-0.032803,-0.132088,612.128479,94781.976562,-1.187343,-0.532111,1.044678,0.669312,0.726510,12.250000,16.554790,0,2.910000,0,0,0, 202
18, 101,138695,138667,-7548,1,1,-2.596468,9.503942,0.449496,-0.024325,-0.024007,0.061425,9.899747,2.485415,-8.536605,0.174422,2.005292,-0.113547,177.531028,-176.641642,164.708031,0.990538,-0.017446,-0.031901,-0.132338,612.218201,94776.085938,-0.247328,-0.440227,1.044678,0.759033,0.749179,12.375000,16.545649,0,2.910000,0,0,0, 202
19, 101,138766,138745,-7477,1,1,-2.571314,9.499407,0.445693,0.013631,-0.012789,0.050329,9.899747,2.485415,-8.536605,2.907388,1.696392,1.215160,177.472466,-176.706652,164.625236,0.990447,-0.018005,-0.031420,-0.133052,612.332031,94777.125000,0.635190,-0.436976,1.044678,0.872864,0.729744,12.375000,16.509081,0,2.910000,0,0,0, 202
20, 101,138842,138824,-7401,1,1,-2.563207,9.509264,0.429122,0.034638,0.017556,0.056929,9.899747,2.485415,-8.536605,-0.668350,0.946636,-0.310536,177.387949,-176.810402,164.573599,0.990621,-0.018001,-0.030553,-0.131957,612.247620,94780.093750,1.058080,-0.012140,1.044678,0.788452,0.762377,12.375000,16.495367,0,2.910000,0,0,0, 202
21, 101,138917,138900,-7326,1,1,-2.552988,9.511258,0.437333,0.007544,-0.002960,0.056635,9.899747,2.485415,-8.536605,1.095563,0.706268,1.371492,177.468013,-176.799242,164.788723,0.990656,-0.018195,-0.030599,-0.131658,612.172729,94781.101562,-0.369436,-0.009627,1.044678,0.713562,0.761589,12.375000,16.481653,0,2.910000,0,0,0, 202
22, 101,138991,138976,-7252,1,1,-2.594977,9.475545,0.431544,-0.029411,-0.004239,0.032880,9.899747,2.485415,-8.536605,-0.766147,2.332079,0.923849,177.515223,-176.768765,164.714178,0.990571,-0.017732,-0.030820,-0.132309,612.151611,94779.132812,-0.856036,-0.165088,1.044678,0.692444,0.754606,12.375000,16.477083,0,2.910000,0,0,0, 202
23, 101,139064,139052,-7179,1,1,-2.574964,9.496057,0.439147,0.004823,-0.004038,0.047774,9.899747,2.485415,-8.536605,-0.962023,-2.098623,0.300782,177.462207,-176.764599,164.655725,0.990520,-0.018346,-0.030955,-0.132575,612.035645,94782.093750,-1.377142,-0.513455,1.044678,0.576477,0.699604,12.375000,16.472511,0,2.910000,0,0,0, 202
24, 101,139134,139129,-7109,1,1,-2.569611,9.500781,0.458970,0.019450,-0.023214,0.051790,9.899747,2.485415,-8.536605,-1.796195,1.111976,-0.061095,177.454148,-176.713782,164.598871,0.990415,-0.018164,-0.031384,-0.133277,612.086304,94781.117188,-1.113911,-0.509857,1.044678,0.627136,0.663316,12.375000,16.467939,0,2.910000,0,0,0, 202
25, 101,139204,139179,-7039,1,1,-2.592399,9.512651,0.426981,-0.005578,-0.007181,0.061081,9.899747,2.485415,-8.536605,0.035416,0.030878,-0.496074,177.476619,-176.778492,164.673129,0.990519,-0.018066,-0.030787,-0.132655,612.065430,94782.093750,-0.093361,-0.611413,1.044678,0.606262,0.656440,12.375000,16.472511,0,2.910000,0,0,0, 202
26, 101,139274,139253,-6969,1,1,-2.588400,9.507639,0.449144,-0.000079,-0.011029,0.062905,9.899747,2.485415,-8.536605,0.416774,-2.743643,0.252726,177.449954,-176.708209,164.620892,0.990439,-0.018200,-0.031433,-0.133084,612.147949,94779.148438,0.241929,-0.607056,1.044678,0.688782,0.616029,12.375000,16.467939,0,2.910000,0,0,0, 202
27, 101,139348,139331,-6895,1,1,-2.606977,9.515560,0.427809,-0.006938,-0.007711,0.074481,9.899747,2.485415,-8.536605,-0.031473,0.286016,-1.959252,177.560166,-176.741158,164.577533,0.990413,-0.017274,-0.031027,-0.133496,612.160889,94779.140625,0.709337,-0.240852,1.044678,0.701721,0.683942,12.375000,16.472511,0,2.910000,0,0,0, 202
28, 101,139425,139408,-6818,1,1,-2.630135,9.500284,0.455637,-0.023999,-0.033894,0.067074,9.899747,2.485415,-8.536605,1.577104,-0.023895,-0.648499,177.554019,-176.747537,164.514573,0.990165,-0.018883,-0.031177,-0.135075,612.023315,94782.109375,-0.643074,-0.357827,1.044678,0.564148,0.650736,12.375000,16.463369,0,2.910000,0,0,0, 202
29, 101,139500,139483,-6743,1,1,-2.611979,9.463523,0.430619,0.022536,0.014454,0.025770,9.899747,2.485415,-8.536605,0.810281,0.774403,-1.359616,177.392963,-176.815853,164.298698,0.990075,-0.018733,-0.030622,-0.135877,612.211792,94776.203125,-0.044620,-0.353462,1.044678,0.752625,0.626008,12.375000,16.463369,0,2.910000,0,0,0, 202
30, 101,139574,139559,-6669,1,1,-2.582399,9.507354,0.405829,0.047027,0.043062,0.058979,9.899747,2.485415,-8.536605,-0.456994,0.273505,-1.518444,177.372554,-176.892160,164.401834,0.990210,-0.019027,-0.029970,-0.134998,612.102051,94783.078125,0.977400,-0.153652,1.044678,0.642883,0.675965,12.375000,16.472511,0,2.910000,0,0,0, 202
31, 101,139649,139636,-6594,1,1,-2.573819,9.508074,0.450129,0.047973,-0.002453,0.059442,9.899747,2.485415,-8.536605,1.676702,0.719711,-0.355461,177.378469,-176.849293,164.429551,0.990525,-0.018977,-0.030385,-0.132579,612.303833,94774.218750,0.511574,0.034842,1.044678,0.844666,0.737096,12.375000,16.472511,0,2.910000,0,0,0, 202
32, 101,139719,139712,-6524,1,1,-2.613194,9.490748,0.414801,-0.042365,0.043395,0.051486,9.899747,2.485415,-8.536605,-0.159130,-0.102422,1.089142,177.344851,-176.751704,164.715531,0.990541,-0.019185,-0.031164,-0.132247,612.160034,94781.125000,0.830728,0.038959,1.044678,0.700867,0.739636,12.375000,16.463369,0,2.910000,0,0,0, 202
33, 101,139792,139789,-6451,1,1,-2.570776,9.445669,0.418688,0.024199,0.021634,-0.002847,9.899747,2.485415,-8.536605,-2.516068,-1.529106,-1.557775,177.412661,-176.794529,164.495790,0.990306,-0.018590,-0.030751,-0.134174,612.052490,94785.046875,-0.457292,0.241322,1.044678,0.593323,0.767041,12.375000,16.472511,0,2.910000,0,0,0, 202
34, 101,139860,139838,-6383,1,1,-2.596493,9.522879,0.449465,0.015824,-0.001661,0.079727,9.899747,2.485415,-8.536605,0.889555,-1.812475,1.855955,177.392717,-176.686967,164.505516,0.990291,-0.018638,-0.031702,-0.134060,611.981079,94781.109375,-1.524488,0.241616,1.044678,0.521912,0.777786,12.375000,16.472511,0,2.910000,0,0,0, 202
35, 101,139934,139916,-6309,1,1,-2.605551,9.504469,0.425872,0.007879,0.038786,0.063260,9.899747,2.485415,-8.536605,-1.217597,1.380501,-1.355572,177.293256,-176.605647,164.476843,0.990222,-0.019393,-0.032526,-0.134261,612.159668,94777.195312,-0.847232,-0.335681,1.044678,0.700500,0.688864,12.375000,16.458797,0,2.910000,0,0,0, 202
36, 101,140010,139993,-6233,1,1,-2.572176,9.463041,0.443335,0.023821,0.012717,0.015367,9.899747,2.485415,-8.536605,1.623181,-2.613442,2.267693,177.324374,-176.589801,164.499874,0.990408,-0.018499,-0.032565,-0.133005,612.121704,94778.156250,0.431322,-0.118721,1.044678,0.662537,0.689746,12.375000,16.472511,0,2.910000,0,0,0, 202
37, 101,140086,140068,-6157,1,1,-2.590469,9.516479,0.410090,0.005670,0.030259,0.070227,9.899747,2.485415,-8.536605,2.201314,0.958961,-0.465326,177.437263,-176.610797,164.598448,0.990389,-0.018189,-0.032293,-0.133252,612.187866,94779.132812,0.655550,-0.115693,1.044678,0.728699,0.681523,12.375000,16.477083,0,2.910000,0,0,0, 202
38, 101,140160,140145,-6083,1,1,-2.579834,9.502576,0.461281,0.008825,-0.034717,0.056281,9.899747,2.485415,-8.536605,2.611369,0.986029,1.660241,177.511972,-176.637667,164.601863,0.990411,-0.017576,-0.031974,-0.133250,612.097351,94780.125000,0.007795,0.072675,1.044678,0.638184,0.686328,12.375000,16.472511,0,2.910000,0,0,0, 202
39, 101,140385,140383,-5858,1,1,-2.606587,9.523605,0.416378,-0.003437,0.076928,0.081348,9.899747,2.485415,-8.536605,-0.586401,-0.966736,0.813448,177.136694,-176.835414,164.579542,0.990365,-0.021046,-0.030705,-0.133386,612.123657,94779.101562,0.104701,-0.292836,1.044678,0.664490,0.611343,12.375000,16.504509,0,2.910000,0,0,0, 202
40, 101,140438,140436,-5805,1,1,-2.597169,9.504379,0.468525,-0.012327,0.015720,0.062956,9.899747,2.485415,-8.536605,2.406528,0.169349,1.136231,177.185967,-176.817752,164.636779,0.990376,-0.019921,-0.030683,-0.133480,612.166016,94776.148438,0.421607,-0.091046,1.044678,0.706848,0.653650,12.375000,16.499937,0,2.910000,0,0,0, 202
41, 101,140489,140490,-5754,1,1,-2.590876,9.493796,0.420647,-0.000460,0.045635,0.048856,9.899747,2.485415,-8.536605,-0.624258,1.664462,-0.689023,177.283393,-176.846370,164.603311,0.990421,-0.019797,-0.030436,-0.133223,612.100708,94780.085938,0.665142,-0.088010,1.044678,0.641541,0.649242,12.375000,16.499937,0,2.910000,0,0,0, 202
42, 101,140556,140539,-5687,1,1,-2.572495,9.472283,0.424289,0.014320,0.045359,0.023441,9.899747,2.485415,-8.536605,0.145483,-0.342401,-1.844537,177.251742,-176.797930,164.583735,0.990509,-0.017931,-0.030630,-0.132786,612.111877,94779.125000,0.522050,0.057583,1.044678,0.652710,0.653380,12.375000,16.486225,0,2.910000,0,0,0, 202
43, 101,140632,140615,-5611,1,1,-2.634587,9.520075,0.453502,-0.048306,-0.013362,0.087176,9.899747,2.485415,-8.536605,0.199442,-2.281580,-0.123633,177.460363,-176.774926,164.663512,0.990505,-0.018200,-0.030838,-0.132733,612.024658,94784.054688,-0.077978,0.060704,1.044678,0.565491,0.657419,12.375000,16.481653,0,2.910000,0,0,0, 202
44, 101,140707,140691,-5536,1,1,-2.597648,9.510295,0.433405,-0.014128,0.011851,0.067180,9.899747,2.485415,-8.536605,-0.866907,-0.500825,2.414436,177.414533,-176.700928,164.659892,0.990477,-0.018508,-0.031531,-0.132735,612.100647,94779.132812,-0.428759,0.032339,1.044678,0.641479,0.655683,12.375000,16.481653,0,2.910000,0,0,0, 202
45, 101,140781,140768,-5462,1,1,-2.586719,9.505748,0.445199,-0.012059,-0.003587,0.060460,9.899747,2.485415,-8.536605,0.083921,-0.113501,-0.379160,177.433138,-176.757632,164.700750,0.990464,-0.018604,-0.031024,-0.132940,612.111938,94780.117188,-0.033269,0.011088,1.044678,0.652771,0.653840,12.375000,16.477083,0,2.910000,0,0,0, 202
46, 101,140850,140843,-5393,1,1,-2.574221,9.517679,0.419102,-0.002389,0.000633,0.067560,9.899747,2.485415,-8.536605,1.999788,-1.332524,3.476368,177.559141,-176.722552,164.739914,0.990597,-0.017306,-0.031164,-0.132088,612.033203,94782.085938,-0.302772,0.014317,1.044678,0.574036,0.654707,12.375000,16.481653,0,2.910000,0,0,0, 202
47, 101,140922,140922,-5321,1,1,-2.567321,9.492335,0.448502,0.020103,-0.008504,0.042589,9.899747,2.485415,-8.536605,1.227932,-1.207010,-1.798554,177.426841,-176.677774,164.596699,0.990400,-0.018357,-0.031727,-0.133280,612.120117,94778.156250,-0.372654,-0.155882,1.044678,0.660950,0.611956,12.375000,16.472511,0,2.910000,0,0,0, 202
48, 101,140990,140969,-5253,1,1,-2.595902,9.515795,0.425082,0.016666,0.011695,0.071656,9.899747,2.485415,-8.536605,1.077829,1.629459,-3.378277,177.454503,-176.645549,164.499328,0.990284,-0.018053,-0.031988,-0.134122,612.048340,94779.132812,-0.299055,-0.154642,1.044678,0.589172,0.605274,12.375000,16.477083,0,2.910000,0,0,0, 202
49, 101,141064,141046,-5179,1,1,-2.612178,9.579301,0.513097,0.017515,-0.077144,0.141006,9.899747,2.485415,-8.536605,0.630682,-0.840944,-0.146415,177.475321,-176.637585,164.471679,0.990253,-0.017856,-0.032037,-0.134365,612.137573,94778.171875,0.168045,-0.124534,1.044678,0.678406,0.597140,12.375000,16.463369,0,2.910000,0,0,0, 202
50, 101,141140,141123,-5103,1,1,-2.618719,9.542261,0.460309,-0.025606,-0.018018,0.104723,9.899747,2.485415,-8.536605,0.641340,-1.599804,3.243900,177.444886,-176.569788,164.642693,0.990262,-0.018936,-0.032719,-0.133988,612.167480,94777.171875,0.959994,0.183083,1.044678,0.708313,0.638135,12.375000,16.472511,0,2.910000,0,0,0, 202
51, 101,141216,141199,-5027,1,1,-2.587001,9.506515,0.432752,0.023988,0.024562,0.060668,9.899747,2.485415,-8.536605,-0.441902,-2.602306,-0.502203,177.328718,-176.446790,164.480736,0.990195,-0.018900,-0.033856,-0.134200,612.103760,94780.117188,-0.083635,0.188758,1.044678,0.644592,0.651021,12.375000,16.481653,0,2.910000,0,0,0, 202
52, 101,141291,141275,-4952,1,1,-2.583777,9.469088,0.443804,0.002789,-0.012257,0.024290,9.899747,2.485415,-8.536605,1.020156,-0.366780,0.611948,177.476387,-176.384813,164.557576,0.990294,-0.017574,-0.034207,-0.133565,612.175049,94780.109375,0.296787,0.191433,1.044678,0.715881,0.667708,12.375000,16.486225,0,2.910000,0,0,0, 202
53, 101,141365,141352,-4878,1,1,-2.588265,9.525805,0.450814,0.002079,-0.003104,0.080463,9.899747,2.485415,-8.536605,-2.783137,0.895886,-0.467477,177.397416,-176.471324,164.625645,0.990391,-0.018515,-0.033561,-0.132875,611.957214,94781.101562,-1.139242,-0.191459,1.044678,0.498047,0.605266,12.375000,16.477083,0,2.910000,0,0,0, 202
54, 101,141434,141428,-4809,1,1,-2.589516,9.505530,0.442263,-0.007940,0.014391,0.060847,9.899747,2.485415,-8.536605,-0.630240,-0.351970,1.151745,177.344072,-176.499424,164.650084,0.990408,-0.018879,-0.033356,-0.132753,611.954041,94784.039062,-1.432918,-0.186865,1.044678,0.494873,0.591906,12.375000,16.490795,0,2.910000,0,0,0, 202
55, 101,141507,141505,-4736,1,1,-2.593331,9.513804,0.438886,-0.023541,0.013057,0.069650,9.899747,2.485415,-8.536605,1.980847,-2.515293,0.666688,177.379330,-176.342835,164.726473,0.990464,-0.018414,-0.034655,-0.132067,611.850342,94783.054688,-1.486858,-0.390185,1.044678,0.391174,0.558326,12.375000,16.490795,0,2.910000,0,0,0, 202
56, 101,141577,141554,-4666,1,1,-2.584357,9.492073,0.438860,-0.039548,-0.010055,0.059055,9.899747,2.485415,-8.536605,0.523468,-0.749477,-2.078646,177.430351,-176.270203,164.718003,0.990444,-0.017886,-0.035226,-0.132139,611.839355,94781.085938,-1.879408,-0.387456,1.044678,0.380188,0.541228,12.375000,16.490795,0,2.910000,0,0,0, 202
57, 101,141650,141631,-4593,1,1,-2.599586,9.506993,0.438869,-0.001493,0.016941,0.064753,9.899747,2.485415,-8.536605,-1.188521,-2.044808,0.284616,177.346968,-176.194729,164.545923,0.990211,-0.018464,-0.036002,-0.133582,611.833740,94782.070312,-1.115101,-0.814676,1.044678,0.374573,0.475026,12.375000,16.490795,0,2.910000,0,0,0, 202
58, 101,141726,141708,-4517,1,1,-2.593989,9.496649,0.419609,0.018204,0.037966,0.052396,9.899747,2.485415,-8.536605,-0.137538,0.463654,-0.379583,177.326450,-176.263482,164.456789,0.990264,-0.016949,-0.035229,-0.133600,611.810364,94784.039062,-0.189874,-0.638014,1.044678,0.351196,0.456839,12.375000,16.490795,0,2.910000,0,0,0, 202
59, 101,141801,141783,-4442,1,1,-2.579089,9.485694,0.439115,0.013593,-0.018428,0.038837,9.899747,2.485415,-8.536605,0.139333,-1.800940,-0.732317,177.538309,-176.121728,164.536484,0.990211,-0.016722,-0.036411,-0.133707,611.816895,94784.039062,0.323051,-0.633056,1.044678,0.357727,0.412704,12.375000,16.490795,0,2.910000,0,0,0, 202
60, 101,141875,141860,-4368,1,1,-2.571248,9.537058,0.437768,0.013731,0.017524,0.086261,9.899747,2.485415,-8.536605,1.238199,1.306299,2.631285,177.349468,-176.098232,164.658444,0.990317,-0.018365,-0.036814,-0.132587,612.015320,94780.101562,1.161290,-0.384778,1.044678,0.556152,0.440884,12.375000,16.490795,0,2.910000,0,0,0, 202
61, 101,141950,141937,-4293,1,1,-2.593972,9.515617,0.455423,-0.018049,0.001683,0.072335,9.899747,2.485415,-8.536605,-0.654798,-4.260393,-0.376552,177.347364,-176.032881,164.673211,0.990208,-0.018266,-0.037354,-0.133261,611.992615,94784.031250,1.619034,0.185827,1.044678,0.533447,0.483188,12.375000,16.495367,0,2.910000,0,0,0, 202
62, 101,142018,142014,-4225,1,1,-2.594707,9.486927,0.427793,-0.000606,0.019164,0.043639,9.899747,2.485415,-8.536605,-0.751711,0.035365,-1.484382,177.392293,-176.067892,164.535733,0.990173,-0.017920,-0.037046,-0.133654,612.042358,94778.132812,0.159511,0.190048,1.044678,0.583191,0.496406,12.375000,16.490795,0,2.910000,0,0,0, 202
63, 101,142089,142063,-4154,1,1,-2.599547,9.496090,0.429664,0.018844,0.048833,0.068408,9.899747,2.485415,-8.536605,-0.204018,1.074742,0.981413,177.304799,-175.999222,164.439550,0.990028,-0.018563,-0.037757,-0.134440,611.858215,94782.070312,-1.074897,0.068666,1.044678,0.399048,0.501145,12.375000,16.490795,0,2.910000,0,0,0, 202
64, 101,142158,142137,-4085,1,1,-2.568561,9.494479,0.406536,0.037641,0.042378,0.043018,9.899747,2.485415,-8.536605,0.868628,0.262503,0.315629,177.365437,-176.006571,164.476884,0.990084,-0.018060,-0.037617,-0.134139,611.975464,94779.109375,-0.847996,0.072011,1.044678,0.516296,0.505767,12.375000,16.495367,0,2.910000,0,0,0, 202
65, 101,142233,142214,-4010,1,1,-2.572252,9.491642,0.428688,-0.013925,0.009547,0.042335,9.899747,2.485415,-8.536605,1.444688,-4.303615,-0.384556,177.447563,-175.789781,164.734423,0.990334,-0.017182,-0.039355,-0.131890,612.018433,94781.085938,0.760624,-0.133708,1.044678,0.559265,0.500436,12.375000,16.490795,0,2.910000,0,0,0, 202
66, 101,142307,142291,-3936,1,1,-2.580774,9.489963,0.444951,-0.000059,-0.000096,0.043682,9.899747,2.485415,-8.536605,0.645885,-1.293553,2.391839,177.402621,-175.652480,164.589732,0.990119,-0.017359,-0.040615,-0.133092,611.954041,94780.101562,0.153696,-0.038199,1.044678,0.494873,0.487554,12.375000,16.490795,0,2.910000,0,0,0, 202
67, 101,142381,142367,-3862,1,1,-2.598046,9.515712,0.432998,-0.006941,0.023894,0.072474,9.899747,2.485415,-8.536605,0.177234,-0.855093,-0.260821,177.343499,-175.588304,164.575293,0.990050,-0.016725,-0.041089,-0.133538,611.970703,94779.117188,-0.113450,-0.057634,1.044678,0.511536,0.495084,12.375000,16.490795,0,2.910000,0,0,0, 202
68, 101,142451,142443,-3792,1,1,-2.585598,9.490813,0.438008,-0.008582,-0.010699,0.045447,9.899747,2.485415,-8.536605,0.955351,0.925940,-0.333981,177.509090,-175.641689,164.616329,0.990162,-0.016436,-0.040580,-0.132897,611.988403,94780.109375,0.536207,-0.052230,1.044678,0.529236,0.491177,12.250000,16.486225,0,2.910000,0,0,0, 202
69, 101,142522,142520,-3721,1,1,-2.612662,9.525927,0.441174,-0.008146,-0.018713,0.086543,9.899747,2.485415,-8.536605,1.695523,-2.847206,0.262548,177.547038,-175.549959,164.510953,0.990017,-0.015963,-0.041343,-0.133800,612.102783,94778.125000,1.056866,0.198116,1.044678,0.643616,0.536011,12.250000,16.495367,0,2.910000,0,0,0, 202
70, 101,142593,142568,-3650,1,1,-2.574345,9.514033,0.439860,-0.017455,-0.001116,0.029363,9.899747,2.485415,-8.536605,-0.746018,0.200160,-0.159371,177.560562,-175.595394,164.565157,0.990096,-0.015919,-0.040928,-0.133347,612.207153,94772.218750,0.948019,0.201009,1.044678,0.747986,0.544662,12.250000,16.495367,0,2.910000,0,0,0, 202
71, 101,142664,142645,-3579,1,1,-2.583472,9.530358,0.428398,-0.009001,0.020707,0.082576,9.899747,2.485415,-8.536605,-2.733239,3.178023,0.190741,177.392758,-175.750630,164.700545,0.990275,-0.017599,-0.039761,-0.132155,612.042908,94783.046875,0.293310,0.413682,1.044678,0.583740,0.619102,12.250000,16.495367,0,2.910000,0,0,0, 202
72, 101,142739,142721,-3504,1,1,-2.606414,9.486138,0.424916,-0.037656,0.044369,0.045694,9.899747,2.485415,-8.536605,-2.118831,-0.384008,-0.423476,177.278011,-175.837251,164.676298,0.990061,-0.016743,-0.038848,-0.134129,612.059875,94782.054688,-0.296728,0.208651,1.044678,0.600708,0.601140,12.250000,16.499937,0,2.910000,0,0,0, 202
73, 101,142814,142797,-3429,1,1,-2.589291,9.515367,0.450364,0.024617,-0.009431,0.070614,9.899747,2.485415,-8.536605,-1.139883,1.165278,-0.421090,177.422524,-175.834382,164.443457,0.990005,-0.017352,-0.039042,-0.134406,612.007202,94779.117188,-0.784044,0.212402,1.044678,0.548035,0.615674,12.250000,16.490795,0,2.910000,0,0,0, 202
74, 101,142890,142873,-3353,1,1,-2.577357,9.511085,0.441344,0.014833,-0.000290,0.062978,9.899747,2.485415,-8.536605,-0.817788,2.895979,0.585255,177.424341,-175.870418,164.566113,0.990159,-0.017420,-0.038710,-0.133356,612.129761,94780.101562,0.496876,-0.007616,1.044678,0.670593,0.606015,12.250000,16.490795,0,2.910000,0,0,0, 202
75, 101,142960,142951,-3283,1,1,-2.582963,9.488867,0.462479,0.013320,-0.008399,0.043995,9.899747,2.485415,-8.536605,-0.549489,-1.962569,-0.446663,177.343785,-175.880472,164.500612,0.990147,-0.018462,-0.038790,-0.133279,611.883667,94784.031250,-0.472402,-0.142141,1.044678,0.424500,0.545298,12.250000,16.495367,0,2.910000,0,0,0, 202
76, 101,143031,143027,-3212,1,1,-2.585917,9.482469,0.430448,-0.009537,0.051798,0.037023,9.899747,2.485415,-8.536605,-3.750277,1.203152,0.335387,177.188289,-175.933966,164.623432,0.990205,-0.019554,-0.038426,-0.132797,612.132446,94778.117188,-0.213810,-0.138539,1.044678,0.673279,0.535504,12.250000,16.499937,0,2.910000,0,0,0, 202
77, 101,143102,143077,-3141,1,1,-2.586843,9.508549,0.434194,-0.021783,0.024523,0.064044,9.899747,2.485415,-8.536605,0.915448,-1.874629,1.531465,177.393769,-175.836636,164.647270,0.990239,-0.017672,-0.039025,-0.132636,611.926636,94784.023438,0.711676,0.096995,1.044678,0.467468,0.616363,12.250000,16.499937,0,2.910000,0,0,0, 202
78, 101,143173,143152,-3070,1,1,-2.639284,9.512890,0.433172,-0.069250,0.017604,0.080469,9.899747,2.485415,-8.536605,-0.818272,0.923358,-0.270628,177.408249,-175.788620,164.711583,0.990301,-0.017513,-0.039413,-0.132074,612.001587,94780.085938,-0.368903,0.100927,1.044678,0.542419,0.622972,12.250000,16.504509,0,2.910000,0,0,0, 202
79, 101,143247,143229,-2996,1,1,-2.577013,9.525846,0.424763,0.042310,0.012692,0.076308,9.899747,2.485415,-8.536605,2.888054,2.173531,-1.075455,177.437045,-175.806037,164.435042,0.989989,-0.017190,-0.039271,-0.134477,611.909424,94783.039062,-0.741150,-0.260808,1.044678,0.450256,0.568425,12.250000,16.499937,0,2.910000,0,0,0, 202
80, 101,143323,143306,-2920,1,1,-2.581020,9.507650,0.453134,0.030075,-0.032899,0.061070,9.899747,2.485415,-8.536605,0.274004,-1.120208,0.848211,177.537804,-175.815981,164.443908,0.990175,-0.017767,-0.039290,-0.133020,612.043091,94779.101562,-0.073659,-0.209401,1.044678,0.583923,0.581219,12.250000,16.499937,0,2.910000,0,0,0, 202
81, 101,143399,143382,-2844,1,1,-2.615689,9.534283,0.445744,-0.034662,-0.006483,0.095556,9.899747,2.485415,-8.536605,0.689816,-4.608413,1.264175,177.463860,-175.668367,164.664386,0.990219,-0.016875,-0.040395,-0.132472,611.967712,94782.054688,0.386714,-0.205168,1.044678,0.508545,0.566739,12.250000,16.499937,0,2.910000,0,0,0, 202
82, 101,143474,143458,-2769,1,1,-2.593709,9.500209,0.450350,0.008774,-0.014183,0.057186,9.899747,2.485415,-8.536605,1.948982,-0.773348,0.049001,177.452440,-175.607934,164.477034,0.989982,-0.016836,-0.040958,-0.134073,611.841248,94784.015625,-0.871076,-0.137408,1.044678,0.382080,0.540988,12.250000,16.509081,0,2.910000,0,0,0, 202
83, 101,143549,143534,-2694,1,1,-2.577364,9.498753,0.425798,0.028480,0.014879,0.050364,9.899747,2.485415,-8.536605,1.436259,-1.196527,-0.953003,177.416295,-175.621895,164.462978,0.990149,-0.016434,-0.040813,-0.132925,611.830811,94783.039062,-1.202224,-0.443266,1.044678,0.371643,0.488151,12.250000,16.499937,0,2.910000,0,0,0, 202
84, 101,143622,143610,-2621,1,1,-2.609647,9.491371,0.429701,-0.031796,-0.015652,0.051907,9.899747,2.485415,-8.536605,0.540894,0.163720,0.765895,177.598319,-175.667944,164.622585,0.990190,-0.015698,-0.040249,-0.132881,611.827332,94786.000000,-0.508933,-0.439160,1.044678,0.368164,0.457331,12.250000,16.495367,0,2.910000,0,0,0, 202
85, 101,143692,143688,-2551,1,1,-2.601220,9.510408,0.482933,-0.020621,-0.065304,0.070309,9.899747,2.485415,-8.536605,-0.817526,3.888719,-0.953301,177.576148,-175.801857,164.617149,0.990220,-0.016045,-0.039119,-0.132950,612.064331,94778.117188,0.932839,-0.399588,1.044678,0.605164,0.449190,12.375000,16.499937,0,2.910000,0,0,0, 202
86, 101,143764,143765,-2479,1,1,-2.578887,9.493168,0.430508,0.001329,-0.009218,0.045631,9.899747,2.485415,-8.536605,-0.076933,-1.180542,-0.753276,177.540631,-175.849053,164.612217,0.990224,-0.016821,-0.038810,-0.132915,611.885010,94785.000000,0.838361,-0.047906,1.044678,0.425842,0.453491,12.375000,16.509081,0,2.910000,0,0,0, 202
87, 101,143833,143812,-2410,1,1,-2.576255,9.513655,0.452123,0.002246,-0.021821,0.065643,9.899747,2.485415,-8.536605,1.497028,-0.936841,0.438080,177.492137,-175.760192,164.640016,0.990223,-0.016730,-0.039573,-0.132714,611.955261,94781.070312,-0.070793,-0.045892,1.044678,0.496094,0.451373,12.375000,16.499937,0,2.910000,0,0,0, 202
88, 101,143907,143890,-2336,1,1,-2.581388,9.511268,0.440974,0.011672,0.011797,0.064189,9.899747,2.485415,-8.536605,-2.191069,3.448493,-0.152239,177.357651,-175.805886,164.559474,0.990122,-0.017918,-0.039346,-0.133375,612.144653,94779.093750,1.242058,0.086865,1.044678,0.685486,0.520198,12.375000,16.509081,0,2.910000,0,0,0, 202
89, 101,143982,143966,-2261,1,1,-2.549855,9.500666,0.441311,0.038089,0.004193,0.045710,9.899747,2.485415,-8.536605,-0.252793,-2.083349,-1.337501,177.383510,-175.780806,164.564515,0.990359,-0.017408,-0.039537,-0.131618,612.075439,94778.117188,1.040002,0.317226,1.044678,0.616272,0.546430,12.375000,16.504509,0,2.910000,0,0,0, 202
90, 101,144055,144042,-2188,1,1,-2.586289,9.496486,0.436486,-0.023948,0.007957,0.051006,9.899747,2.485415,-8.536605,1.441412,0.970539,-1.795053,177.417756,-175.705947,164.714451,0.990282,-0.017335,-0.040116,-0.132033,612.103027,94780.093750,0.464106,0.321116,1.044678,0.643860,0.568610,12.375000,16.495367,0,2.910000,0,0,0, 202
91, 101,144125,144119,-2118,1,1,-2.619333,9.529840,0.431298,-0.044230,0.040406,0.091481,9.899747,2.485415,-8.536605,0.837551,-0.094112,1.988876,177.279363,-175.741519,164.702362,0.990256,-0.018569,-0.039970,-0.132097,612.174438,94777.132812,1.059965,0.437045,1.044678,0.715271,0.598725,12.375000,16.499937,0,2.910000,0,0,0, 202
92, 101,144196,144197,-2047,1,1,-2.598622,9.534513,0.433257,-0.029824,0.045015,0.090642,9.899747,2.485415,-8.536605,-0.732780,0.398570,-1.396247,177.234817,-175.677424,164.737920,0.990128,-0.016918,-0.040274,-0.133185,612.094604,94779.093750,0.287588,0.392672,1.044678,0.635437,0.598254,12.375000,16.509081,0,2.910000,0,0,0, 202
93, 101,144266,144244,-1977,1,1,-2.565879,9.491377,0.432864,0.018636,0.006528,0.040593,9.899747,2.485415,-8.536605,-0.570116,0.659670,0.614351,177.426035,-175.733910,164.575307,0.990130,-0.017248,-0.039886,-0.133244,612.045288,94778.109375,-0.693046,0.395741,1.044678,0.586121,0.615949,12.375000,16.509081,0,2.910000,0,0,0, 202
94, 101,144340,144322,-1903,1,1,-2.590924,9.489033,0.407814,-0.007609,0.011398,0.043834,9.899747,2.485415,-8.536605,-0.602105,1.002216,0.276703,177.556437,-175.808892,164.598352,0.990198,-0.016217,-0.039083,-0.133108,612.052917,94781.062500,-0.515739,0.170134,1.044678,0.593750,0.608786,12.375000,16.509081,0,2.910000,0,0,0, 202
95, 101,144416,144399,-1827,1,1,-2.564005,9.512547,0.445231,0.039142,-0.035342,0.060954,9.899747,2.485415,-8.536605,0.216172,1.286449,-2.135490,177.594727,-175.888313,164.500667,0.990323,-0.017475,-0.038611,-0.132152,612.136597,94774.179688,-0.434319,0.022776,1.044678,0.677429,0.625813,12.375000,16.504509,0,2.910000,0,0,0, 202
96, 101,144491,144474,-1752,1,1,-2.581872,9.498522,0.443971,-0.013058,-0.008299,0.052164,9.899747,2.485415,-8.536605,1.560889,1.362997,-0.924140,177.464407,-175.835871,164.681421,0.990289,-0.017072,-0.038945,-0.132365,612.067261,94779.093750,0.023762,0.027325,1.044678,0.608093,0.627488,12.375000,16.509081,0,2.910000,0,0,0, 202
97, 101,144563,144551,-1680,1,1,-2.594848,9.497500,0.412074,-0.015141,0.026083,0.053169,9.899747,2.485415,-8.536605,0.009843,-0.406352,-0.216706,177.451620,-175.736956,164.628541,0.990197,-0.017049,-0.039822,-0.132794,612.204468,94776.140625,0.475342,0.104476,1.044678,0.745300,0.610879,12.375000,16.509081,0,2.910000,0,0,0, 202
98, 101,144634,144628,-1609,1,1,-2.575812,9.522827,0.427092,0.004411,0.006601,0.073279,9.899747,2.485415,-8.536605,-0.914240,-0.587601,-1.621745,177.473682,-175.673613,164.651013,0.990239,-0.016486,-0.040304,-0.132406,611.957397,94784.007812,0.254067,0.145429,1.044678,0.498230,0.570059,12.375000,16.513651,0,2.910000,0,0,0, 202
99, 101,144704,144705,-1539,1,1,-2.603714,9.498151,0.443051,-0.055421,-0.019322,0.057349,9.899747,2.485415,-8.536605,-0.421523,0.664502,2.714769,177.553582,-175.633889,164.796742,0.990374,-0.016107,-0.040571,-0.131352,612.047546,94779.093750,-1.654024,0.150550,1.044678,0.588379,0.580419,12.375000,16.509081,0,2.910000,0,0,0, 202
100, 101,144775,144753,-1468,1,1,-2.600840,9.500385,0.428494,-0.006731,-0.006763,0.058270,9.899747,2.485415,-8.536605,2.609360,-0.266621,-1.556995,177.543924,-175.559508,164.535446,0.990048,-0.016010,-0.041261,-0.133590,611.936768,94782.046875,-1.154000,-0.263841,1.044678,0.477600,0.541980,12.375000,16.509081,0,2.910000,0,0,0, 202
101, 101,144849,144831,-1394,1,1,-2.573471,9.486820,0.430188,0.015212,-0.018227,0.038055,9.899747,2.485415,-8.536605,1.206791,-3.090130,0.739845,177.584905,-175.381090,164.531184,0.990072,-0.016239,-0.042877,-0.132876,612.030701,94780.078125,-0.461050,-0.312808,1.044678,0.571533,0.554639,12.375000,16.509081,0,2.910000,0,0,0, 202
102, 101,144925,144907,-1318,1,1,-2.574731,9.491189,0.436159,-0.011385,-0.002553,0.042882,9.899747,2.485415,-8.536605,-1.870771,-0.768928,0.835357,177.472371,-175.343551,164.681885,0.990139,-0.016428,-0.043189,-0.132248,611.929382,94785.007812,0.531945,-0.309526,1.044678,0.470215,0.532781,12.375000,16.499937,0,2.910000,0,0,0, 202
103, 101,144999,144984,-1244,1,1,-2.590182,9.496621,0.438371,-0.015280,-0.001432,0.052263,9.899747,2.485415,-8.536605,0.174057,-0.077672,-0.040167,177.457221,-175.359096,164.625891,0.990077,-0.016556,-0.043080,-0.132729,611.963074,94780.078125,-0.600422,-0.229426,1.044678,0.503906,0.517813,12.375000,16.509081,0,2.910000,0,0,0, 202
104, 101,145073,145060,-1170,1,1,-2.615565,9.501206,0.414381,-0.031691,0.030013,0.062261,9.899747,2.485415,-8.536605,-0.427687,2.750990,-2.704610,177.424846,-175.409093,164.599814,0.989887,-0.015591,-0.042483,-0.134444,611.816101,94788.921875,-0.450738,-0.294753,1.044678,0.356934,0.470489,12.375000,16.518223,0,2.910000,0,0,0, 202
105, 101,145142,145135,-1101,1,1,-2.585868,9.525975,0.432857,0.033537,-0.022951,0.079113,9.899747,2.485415,-8.536605,0.497233,1.617879,0.442250,177.599234,-175.531326,164.421149,0.989913,-0.015457,-0.041456,-0.134591,612.045044,94781.062500,-0.031254,-0.289657,1.044678,0.585876,0.449975,12.375000,16.509081,0,2.910000,0,0,0, 202
106, 101,145215,145213,-1028,1,1,-2.577492,9.517569,0.447581,-0.023236,-0.014825,0.069519,9.899747,2.485415,-8.536605,3.601548,0.758915,1.204677,177.489801,-175.617851,164.783068,0.990345,-0.016634,-0.040784,-0.131444,611.925659,94782.046875,0.220709,-0.313165,1.044678,0.466492,0.462032,12.375000,16.509081,0,2.910000,0,0,0, 202
107, 101,145286,145261,-957,1,1,-2.584098,9.496812,0.410625,-0.046246,0.003041,0.062224,9.899747,2.485415,-8.536605,-0.191585,1.314573,1.845814,177.513789,-175.720249,164.775513,0.990370,-0.016543,-0.039873,-0.131542,611.940125,94780.078125,-0.506333,-0.310299,1.044678,0.480957,0.448447,12.375000,16.509081,0,2.910000,0,0,0, 202
108, 101,145358,145339,-885,1,1,-2.580515,9.494523,0.445315,-0.007747,-0.028441,0.047983,9.899747,2.485415,-8.536605,-0.299234,-2.371755,1.172746,177.570220,-175.763157,164.648007,0.990244,-0.016061,-0.039456,-0.132673,611.990601,94780.070312,-0.089844,-0.367723,1.044678,0.531433,0.461990,12.375000,16.513651,0,2.910000,0,0,0, 202
109, 101,145434,145416,-809,1,1,-2.585629,9.497551,0.437945,-0.020196,-0.007284,0.051933,9.899747,2.485415,-8.536605,0.305871,0.510541,0.991117,177.496399,-175.649352,164.694726,0.990126,-0.016949,-0.040546,-0.133117,612.297974,94773.187500,1.889303,0.275727,1.044678,0.838806,0.599195,12.375000,16.509081,0,2.910000,0,0,0, 202
110, 101,145509,145492,-734,1,1,-2.586260,9.507819,0.457357,-0.012178,-0.019532,0.062874,9.899747,2.485415,-8.536605,-0.920945,-3.861114,2.036929,177.453396,-175.567663,164.647802,0.990168,-0.016842,-0.041280,-0.132588,612.140808,94779.093750,1.269757,0.279017,1.044678,0.681641,0.618671,12.375000,16.509081,0,2.910000,0,0,0, 202
111, 101,145583,145568,-660,1,1,-2.566059,9.490956,0.434000,0.020695,-0.012941,0.040274,9.899747,2.485415,-8.536605,0.748644,-2.506472,1.202273,177.530373,-175.483105,164.549940,0.990039,-0.016042,-0.041935,-0.133442,612.236877,94774.156250,0.038020,0.490822,1.044678,0.777710,0.660667,12.375000,16.518223,0,2.910000,0,0,0, 202
112, 101,145656,145645,-587,1,1,-2.586256,9.506586,0.445107,-0.021884,-0.021238,0.061104,9.899747,2.485415,-8.536605,-1.254215,-4.098266,2.594649,177.538282,-175.282188,164.695136,0.989995,-0.016795,-0.043753,-0.133090,612.217896,94779.093750,0.565273,0.510304,1.044678,0.758728,0.679650,12.375000,16.509081,0,2.910000,0,0,0, 202
113, 101,145725,145722,-518,1,1,-2.561642,9.511188,0.414927,0.029762,0.040285,0.057720,9.899747,2.485415,-8.536605,-1.546361,0.898533,-1.356990,177.331518,-175.320683,164.554994,0.989964,-0.017570,-0.043569,-0.133285,612.189636,94777.109375,-0.016275,0.514342,1.044678,0.730469,0.715916,12.375000,16.518223,0,2.910000,0,0,0, 202
114, 101,145795,145771,-448,1,1,-2.591100,9.503426,0.455878,0.017665,0.001549,0.059531,9.899747,2.485415,-8.536605,-1.519214,-0.865977,-0.289918,177.399533,-175.306231,164.494615,0.989899,-0.016943,-0.043623,-0.133829,612.188416,94774.156250,-0.669637,0.219536,1.044678,0.729248,0.651951,12.375000,16.518223,0,2.910000,0,0,0, 202
115, 101,145866,145847,-377,1,1,-2.578101,9.532637,0.422866,0.024132,0.024477,0.083098,9.899747,2.485415,-8.536605,-0.157238,2.010505,0.524217,177.386488,-175.325710,164.525310,0.989939,-0.017090,-0.043466,-0.133564,612.120605,94779.078125,-0.661131,0.223578,1.044678,0.661438,0.666917,12.375000,16.518223,0,2.910000,0,0,0, 202
116, 101,145942,145923,-301,1,1,-2.568403,9.497085,0.446651,0.011053,-0.001927,0.047385,9.899747,2.485415,-8.536605,-1.163485,1.197800,-0.898130,177.397826,-175.319208,164.589309,0.990013,-0.017009,-0.043499,-0.133013,612.189819,94779.078125,0.344941,0.095907,1.044678,0.730652,0.651559,12.375000,16.518223,0,2.910000,0,0,0, 202
117, 101,146017,146000,-226,1,1,-2.602461,9.509262,0.446276,-0.023614,0.009513,0.068011,9.899747,2.485415,-8.536605,1.614046,-5.193551,0.833174,177.355492,-175.284729,164.618050,0.989893,-0.016963,-0.043765,-0.133825,612.047058,94782.031250,-0.011006,0.063808,1.044678,0.587891,0.627444,12.375000,16.518223,0,2.910000,0,0,0, 202
118, 101,146091,146075,-152,1,1,-2.589513,9.476915,0.435915,0.014991,0.014407,0.032976,9.899747,2.485415,-8.536605,-0.533391,1.136595,-0.892010,177.359427,-175.248925,164.418294,0.989785,-0.017192,-0.044176,-0.134459,611.904663,94783.023438,-2.252883,0.067461,1.044678,0.445496,0.631922,12.375000,16.513651,0,2.910000,0,0,0, 202
119, 101,146167,146151,-76,1,1,-2.588653,9.487166,0.424752,-0.031551,-0.007610,0.042110,9.899747,2.485415,-8.536605,-0.080199,2.155191,-0.502102,177.577842,-175.263788,164.717306,0.990168,-0.015437,-0.043751,-0.131963,612.067200,94782.023438,-1.081509,-0.343739,1.044678,0.608032,0.634530,12.375000,16.522793,0,2.910000,0,0,0, 202
120, 101,146827,146777,584,1,1,-2.599140,9.491334,0.445681,0.066763,-0.082011,0.049299,9.899747,2.485415,-8.536605,-0.746396,3.495198,-0.079868,177.852266,-176.195494,164.123230,0.989783,-0.013968,-0.035458,-0.137392,611.952209,94784.085938,-0.097321,0.009375,1.044678,0.493042,0.638885,12.375000,16.454227,2,2.910000,0,0,0, 202
121, 101,147067,147056,824,1,1,-2.586852,9.511584,0.451041,0.086948,-0.077760,0.065705,9.899747,2.485415,-8.536605,-0.901331,-2.213403,-0.768445,177.791819,-176.170127,164.103300,0.989745,-0.014453,-0.035752,-0.137540,611.996521,94780.984375,0.335691,0.296745,1.044678,0.537354,0.584923,12.375000,16.559362,2,2.910000,0,0,0, 202
122, 101,147122,147112,879,1,1,-2.601381,9.523070,0.425526,0.076152,-0.052648,0.079716,9.899747,2.485415,-8.536605,-0.248605,0.311796,0.346136,177.801654,-176.144800,164.112056,0.989750,-0.014340,-0.035957,-0.137462,612.127441,94778.031250,-0.712363,0.300398,1.044678,0.668274,0.599581,12.375000,16.563932,2,2.910000,0,0,0, 202
123, 101,147179,147166,936,1,1,-2.586175,9.510694,0.457830,0.078957,-0.082152,0.065013,9.899747,2.485415,-8.536605,-0.138589,1.745643,2.198211,177.780098,-176.113300,164.146904,0.989781,-0.014499,-0.036251,-0.137148,612.234741,94777.078125,0.674038,0.388210,1.044678,0.775574,0.639801,12.375000,16.541079,2,2.910000,0,0,0, 202
124, 101,147235,147222,992,1,1,-2.584169,9.517554,0.431904,0.099492,-0.038120,0.070016,9.899747,2.485415,-8.536605,-2.340181,1.708913,-1.285605,177.670077,-176.236871,164.065174,0.989701,-0.015574,-0.035326,-0.137845,612.162476,94779.054688,1.036855,0.391430,1.044678,0.703308,0.659345,12.375000,16.536507,2,2.910000,0,0,0, 202
125, 101,147293,147277,1050,1,1,-2.552406,9.474627,0.448299,0.126917,-0.064437,0.020612,9.899747,2.485415,-8.536605,0.404637,3.378754,-1.535914,177.706427,-176.299627,164.010833,0.989657,-0.015320,-0.034748,-0.138339,612.022888,94783.007812,-0.118538,0.265362,1.044678,0.563721,0.617902,12.375000,16.522793,2,2.910000,0,0,0, 202
126, 101,147351,147332,1108,1,1,-2.612764,9.541412,0.428471,0.099649,-0.045366,0.100348,9.899747,2.485415,-8.536605,0.390188,0.141729,-0.218557,177.739731,-176.290843,163.946629,0.989581,-0.015002,-0.034792,-0.138902,612.104370,94780.054688,-0.477678,0.265783,1.044678,0.645203,0.631088,12.375000,16.522793,2,2.910000,0,0,0, 202
127, 101,147407,147391,1164,1,1,-2.591479,9.502250,0.484795,0.105975,-0.112992,0.058997,9.899747,2.485415,-8.536605,0.558082,0.293038,0.000838,177.792720,-176.299067,163.944908,0.989588,-0.014554,-0.034657,-0.138935,612.081909,94781.046875,-0.351222,0.115887,1.044678,0.622742,0.619296,12.375000,16.518223,2,2.910000,0,0,0, 202
128, 101,147474,147474,1231,1,1,-2.577522,9.487853,0.410911,0.115529,-0.037572,0.038566,9.899747,2.485415,-8.536605,-0.021676,1.741900,0.592716,177.778486,-176.415167,163.976887,0.989654,-0.014828,-0.033668,-0.138678,611.852173,94784.984375,-1.008403,0.119548,1.044678,0.393005,0.627901,12.375000,16.518223,2,2.910000,0,0,0, 202
129, 101,147532,147530,1289,1,1,-2.594970,9.493607,0.443508,0.095054,-0.080266,0.050074,9.899747,2.485415,-8.536605,1.907043,2.472516,1.039459,177.847471,-176.470163,163.998566,0.989702,-0.014306,-0.033107,-0.138522,611.940002,94781.054688,-1.328638,-0.229599,1.044678,0.480835,0.568362,12.375000,16.513651,2,2.910000,0,0,0, 202
130, 101,147593,147588,1350,1,1,-2.565876,9.513612,0.419583,0.122715,-0.054159,0.060571,9.899747,2.485415,-8.536605,0.619401,-0.561921,0.008100,177.827636,-176.477581,164.041022,0.989753,-0.014498,-0.033061,-0.138151,612.011841,94775.140625,-0.960014,-0.227252,1.044678,0.552673,0.556348,12.375000,16.518223,2,2.910000,0,0,0, 202
131, 101,147649,147646,1406,1,1,-2.595390,9.512561,0.443829,0.094911,-0.084839,0.068430,9.899747,2.485415,-8.536605,-0.701357,1.668718,-0.335951,177.877537,-176.577001,164.032198,0.989772,-0.014186,-0.032144,-0.138261,611.883728,94782.031250,-0.181846,-0.275170,1.044678,0.424561,0.522047,12.375000,16.518223,2,2.910000,0,0,0, 202
132, 101,147717,147703,1474,1,1,-2.603472,9.485746,0.436313,0.083054,-0.064991,0.044643,9.899747,2.485415,-8.536605,-1.792667,-3.160219,1.379719,177.805178,-176.605305,164.017062,0.989752,-0.014841,-0.031988,-0.138377,612.085388,94776.125000,1.073003,-0.271918,1.044678,0.626221,0.508026,12.375000,16.518223,2,2.910000,0,0,0, 202
133, 101,147773,147759,1530,1,1,-2.568011,9.495755,0.444503,0.128902,-0.069603,0.044820,9.899747,2.485415,-8.536605,-1.067129,-2.227594,-1.284071,177.768077,-176.582383,163.960262,0.989673,-0.015117,-0.032239,-0.138853,611.984497,94783.015625,1.022290,0.031177,1.044678,0.525330,0.548696,12.375000,16.518223,2,2.910000,0,0,0, 202
134, 101,147837,147814,1594,1,1,-2.588794,9.519100,0.431816,0.141722,-0.052917,0.070706,9.899747,2.485415,-8.536605,0.566445,-0.122183,1.351530,177.736795,-176.576619,163.899405,0.989593,-0.015363,-0.032335,-0.139368,611.892212,94783.015625,-0.277388,0.033795,1.044678,0.433044,0.550254,12.375000,16.518223,2,2.910000,0,0,0, 202
135, 101,148068,148059,1825,1,1,-2.543686,9.503295,0.419980,0.145519,-0.032674,0.044664,9.899747,2.485415,-8.536605,-1.895121,-0.434217,-0.597221,177.690322,-176.577056,164.019903,0.989733,-0.015799,-0.032371,-0.138315,612.240723,94778.023438,3.779738,0.286830,1.044678,0.781555,0.545497,12.375000,16.568504,2,2.910000,0,0,0, 202
136, 101,148125,148117,1882,1,1,-2.587811,9.487835,0.461520,0.095469,-0.073568,0.043503,9.899747,2.485415,-8.536605,1.996497,-0.791056,-0.627986,177.702739,-176.548560,164.024247,0.989733,-0.015658,-0.032601,-0.138275,612.269897,94779.945312,3.523830,1.397851,1.044678,0.810730,0.696982,12.375000,16.600502,2,2.910000,0,0,0, 202
137, 101,148183,148172,1940,1,1,-2.588439,9.485249,0.424958,0.103750,-0.040320,0.039638,9.899747,2.485415,-8.536605,0.659924,-1.361518,-1.346841,177.718052,-176.494042,163.978676,0.989667,-0.015447,-0.033060,-0.138661,612.087158,94781.929688,1.649509,1.400358,1.044678,0.627991,0.766663,12.375000,16.591360,2,2.910000,0,0,0, 202
138, 101,148238,148229,1995,1,1,-2.582791,9.505780,0.451701,0.125055,-0.071443,0.058714,9.899747,2.485415,-8.536605,0.609703,-0.799315,-2.753132,177.738557,-176.406328,163.905416,0.989560,-0.015141,-0.033802,-0.139282,612.098816,94782.914062,0.229203,1.370026,1.044678,0.639648,0.724443,12.375000,16.591360,2,2.910000,0,0,0, 202
139, 101,148296,148283,2053,1,1,-2.578291,9.493105,0.474117,0.140075,-0.089135,0.046022,9.899747,2.485415,-8.536605,0.268503,1.348271,-1.820095,177.703600,-176.482184,163.818003,0.989467,-0.015511,-0.033201,-0.140042,612.222656,94777.015625,0.319879,1.372466,1.044678,0.763489,0.791406,12.375000,16.582216,2,2.910000,0,0,0, 202
140, 101,148352,148337,2109,1,1,-2.594702,9.469984,0.442750,0.122677,-0.057108,0.027062,9.899747,2.485415,-8.536605,-1.095254,1.409958,-0.440672,177.703409,-176.570608,163.805463,0.989473,-0.015618,-0.032440,-0.140169,612.195801,94778.984375,0.548065,1.221959,1.044678,0.736633,0.732808,12.375000,16.582216,2,2.910000,0,0,0, 202
141, 101,148409,148393,2166,1,1,-2.587806,9.498061,0.422501,0.148991,-0.033516,0.051162,9.899747,2.485415,-8.536605,-1.455548,0.049990,-0.781382,177.681648,-176.623269,163.745521,0.989409,-0.015854,-0.032020,-0.140692,612.129089,94781.000000,0.358562,1.223660,1.044678,0.669922,0.794312,12.375000,16.550220,2,2.910000,0,0,0, 202
142, 101,148471,148447,2228,1,1,-2.548905,9.430840,0.420909,0.169482,-0.036861,-0.024255,9.899747,2.485415,-8.536605,-0.635165,-1.167900,-0.692414,177.685309,-176.608037,163.733691,0.989391,-0.015800,-0.032149,-0.140791,612.155579,94778.046875,-0.260385,0.899240,1.044678,0.696411,0.711200,12.375000,16.550220,2,2.910000,0,0,0, 202
143, 101,148530,148509,2287,1,1,-2.607952,9.493033,0.439289,0.145523,-0.039733,0.032479,9.899747,2.485415,-8.536605,1.172340,-2.134332,0.763360,177.661280,-176.584992,163.734306,0.989383,-0.015979,-0.032377,-0.140775,612.184204,94777.085938,0.034889,0.900192,1.044678,0.725037,0.759184,12.375000,16.536507,2,2.910000,0,0,0, 202
144, 101,148592,148591,2349,1,1,-2.593798,9.483291,0.436921,0.135502,-0.042658,0.039290,9.899747,2.485415,-8.536605,-2.131618,3.304599,-0.478189,177.652291,-176.608160,163.761012,0.989420,-0.016093,-0.032184,-0.140546,612.207397,94777.093750,0.444184,0.691240,1.044678,0.748230,0.734412,12.375000,16.531935,2,2.910000,0,0,0, 202
145, 101,148649,148647,2406,1,1,-2.602266,9.500761,0.427135,0.136130,-0.029354,0.057970,9.899747,2.485415,-8.536605,-0.501181,-0.439181,-0.424152,177.636063,-176.598503,163.741423,0.989391,-0.016216,-0.032290,-0.140709,612.122681,94780.046875,0.288714,0.591682,1.044678,0.663513,0.689936,12.375000,16.527365,2,2.910000,0,0,0, 202
146, 101,148715,148703,2472,1,1,-2.608281,9.507154,0.474461,0.115067,-0.057897,0.068023,9.899747,2.485415,-8.536605,-1.784906,0.529583,1.301711,177.535659,-176.579023,163.823604,0.989473,-0.017082,-0.032570,-0.139967,612.063049,94780.054688,-0.269749,0.594596,1.044678,0.603882,0.720001,12.375000,16.522793,2,2.910000,0,0,0, 202
147, 101,148773,148762,2530,1,1,-2.593162,9.470746,0.447338,0.104395,-0.037665,0.027902,9.899747,2.485415,-8.536605,0.579371,1.842151,1.224610,177.571217,-176.675957,163.925483,0.989624,-0.016922,-0.031674,-0.139118,612.179688,94773.132812,-0.373283,0.357751,1.044678,0.720520,0.698745,12.500000,16.545649,2,2.910000,0,0,0, 202
148, 101,148836,148814,2593,1,1,-2.589060,9.508608,0.446939,0.123092,-0.028886,0.063108,9.899747,2.485415,-8.536605,-1.014295,0.153830,-1.178399,177.525783,-176.734382,163.903298,0.989604,-0.017380,-0.031228,-0.139310,612.118652,94779.023438,0.045324,0.359282,1.044678,0.659485,0.715504,12.500000,16.554790,2,2.910000,0,0,0, 202
149, 101,149069,149059,2826,1,1,-2.591061,9.535623,0.447929,0.143510,-0.029790,0.089442,9.899747,2.485415,-8.536605,2.364620,0.167517,0.898510,177.520947,-176.493058,163.805476,0.989428,-0.017097,-0.033333,-0.140100,612.008301,94778.976562,-1.917323,0.113810,1.044678,0.549133,0.652458,12.500000,16.586788,2,2.910000,0,0,0, 202
150, 101,149124,149116,2881,1,1,-2.590198,9.472203,0.432899,0.133378,-0.010425,0.027594,9.899747,2.485415,-8.536605,-0.197353,-1.475203,-0.346393,177.482752,-176.421245,163.768470,0.989360,-0.017328,-0.034005,-0.140392,611.969910,94782.898438,-1.020149,-0.323339,1.044678,0.510742,0.611708,12.500000,16.600502,2,2.910000,0,0,0, 202
151, 101,149181,149171,2938,1,1,-2.562892,9.489195,0.443474,0.164902,-0.015863,0.036808,9.899747,2.485415,-8.536605,-0.699667,-2.463894,-0.301203,177.442427,-176.365484,163.758416,0.989328,-0.017604,-0.034537,-0.140454,612.166870,94776.046875,0.787405,-0.321562,1.044678,0.707703,0.595625,12.500000,16.573074,2,2.910000,0,0,0, 202
152, 101,149237,149228,2994,1,1,-2.589362,9.510571,0.439300,0.152794,-0.003236,0.064362,9.899747,2.485415,-8.536605,-2.214647,1.663317,-0.613308,177.404410,-176.332385,163.715987,0.989262,-0.017878,-0.034876,-0.140801,612.062073,94780.968750,0.707894,-0.038311,1.044678,0.602905,0.622595,12.500000,16.573074,2,2.910000,0,0,0, 202
done
'