{uptime mp, euler x, euler y, euler z},
{11626,47.756703,2.799624,-16.407941},
{13701,71.334550,0.928357,-18.835030},
{15781,82.697116,0.973595,-15.441022},
{17861,81.866497,-9.927311,48.972361},
{19937,76.748431,-0.421177,80.893557},
{22080,79.588772,1.235593,81.161260},
{24160,81.128386,1.740600,81.070719},
{26240,81.752727,2.387436,81.165433},
{28326,81.788558,2.915067,81.287939},
{30413,81.900634,2.567895,81.607524},
{32500,84.151844,3.054134,79.592809},
{34555,89.294048,-4.711361,84.552735},
{36612,93.385283,-7.217917,124.343935},
{38727,91.006417,-15.398443,137.857041},
{40782,88.433376,-11.168854,136.523693},
{42840,86.552751,-11.116021,135.813285},
{44901,86.465714,-8.141439,135.236926},
{46963,86.128153,-7.682726,134.664638},
{49024,85.737172,-7.136711,133.915066},
{51091,85.481272,-6.976393,133.234233},
{53156,85.565475,-6.893807,132.680673},
{55279,84.977334,-7.349678,132.074057},
{57346,85.305900,-6.730424,131.687946},
{59416,84.937719,-6.853306,131.158661},
{61482,84.669026,-6.529729,130.470943},
{63555,126.591833,-129.310835,117.568101},
{65625,170.338593,174.318462,18.063912},
{67700,50.525464,7.704706,171.348245},
{69778,71.869402,5.422475,162.131096},
{71911,81.647808,7.583212,127.565490},
{73985,83.093267,11.004140,152.394689},
{76058,87.810503,3.929832,150.858798},
{78134,80.358712,-2.227551,171.132329},
{80209,81.859851,-1.572255,-144.954523},
{82289,86.732194,-3.827014,-145.269654},
{84365,88.744026,-5.228296,-145.433306},
{86450,89.592179,-6.057020,-145.520691},
{88585,90.367091,-6.317479,-145.566808},
{90667,90.550864,-6.420863,-145.429071},
{92748,90.334941,-6.402888,-145.642487},
{94832,90.282629,-6.249454,-145.846723},
{96919,90.216888,-6.257193,-146.429912},
{98975,89.920274,-6.928391,-146.477874},
{101032,92.274954,-65.619116,-122.829177},
{103090,8.505775,75.052441,-71.142212},
{105206,172.202852,102.096964,148.298570},
{107265,161.315763,95.907098,111.431292},
{109326,1.737474,83.891163,-115.704347},
{111388,1.385389,82.929944,-127.864666},
{113449,0.262811,82.796311,-132.843833},
{115514,179.621899,98.219001,45.201092},
{117580,0.493594,81.050344,-136.964240},
{119646,1.557266,80.206618,-138.808063},
{121778,0.277757,79.442374,-137.684511},
{123845,0.186384,78.152589,-137.645920},
{125913,0.486973,77.322038,-138.106534},
{127982,0.084109,76.855331,-137.931258},
{130053,0.480955,76.093731,-138.411939},
{132125,0.745632,75.214514,-138.799880},
{134198,0.666259,74.734591,-138.919559},
{136274,0.427881,74.261362,-138.153253},
{11588,14.685511,-20.129904,-73.531180},
{13665,8.064971,-27.285334,-111.028461},
{15745,3.282987,-29.142904,-128.694069},
{17884,0.936769,-29.805880,-136.887810},
{19965,176.028264,-148.580465,31.730829},
{22047,0.266602,-33.017998,-141.407496},
{24126,179.949202,-145.526770,36.927066},
{26212,179.954721,-143.849808,35.995251},
{28348,179.968832,-142.022855,35.447039},
{30405,0.105459,-39.804362,-144.755901},
{32465,0.062999,-40.070503,-144.438188},
{34584,0.104683,-41.582789,-144.520792},
{36642,0.023885,-42.394861,-144.263103},
{38701,0.193862,-43.762316,-144.565380},
{40763,179.961210,-134.394326,35.243216},
{42825,0.027985,-48.047140,-144.989821},
{44887,0.035344,-49.085260,-144.786145},
{46951,0.105538,-49.931483,-144.332784},
{49014,179.861024,-128.437473,35.273289},
{51139,0.226049,-52.501366,-144.534097},
{53204,179.921786,-125.997251,35.319233},
{55271,0.201050,-55.108627,-144.627425},
{57340,0.213813,-55.319147,-144.363630},
{59412,179.954721,-124.331177,35.635737},
{61483,0.090396,-56.776904,-144.568153},
{63555,179.915447,-122.476043,35.338880},
{65631,0.050285,-59.362158,-144.809982},
{67761,0.089711,-60.250697,-144.641058},
{69833,179.959188,-118.048181,34.815448},
{71908,0.080271,-63.341037,-145.113885},
{73984,0.145044,-64.444720,-144.921834},
{76065,0.070203,-65.640358,-144.919826},
{78143,0.365953,-67.227858,-144.860990},
{80219,0.129394,-68.249456,-145.154962},
{82301,0.671520,-67.758639,-144.459908},
{84441,171.403146,-111.590108,-5.828216},
{86521,105.170181,-109.949004,-44.292950},
{88603,45.336620,-104.151212,-70.223449},
{90685,88.057579,-32.687626,54.291753},
{92814,77.338942,-17.210929,21.747954},
{94877,88.175140,-3.251159,18.135390},
{96931,96.213945,1.850379,16.456723},
{98992,96.639602,2.907504,50.212214},
{101103,97.069651,10.412099,44.814930},
{103163,101.866111,5.921791,64.545766},
{105237,91.073831,16.566340,75.465025},
{107297,82.300808,3.338904,70.601056},
{109359,83.847464,0.117654,66.142596},
{111424,83.461886,-0.400612,66.360615},
{113493,83.252971,-0.765744,66.209470},
{115561,83.328622,3.135636,65.492157},
{117685,109.755300,20.406715,66.397990},
{119751,88.396902,8.577778,54.446279},
{121817,87.710462,6.398447,62.676398},
{123886,90.864732,5.341336,-13.372451},
{125956,92.311748,-8.260715,-126.150083},
{128025,84.721400,-0.541633,-123.165181},
{130099,85.263697,2.696417,-120.291407},
{132172,84.284678,-6.890465,-121.077001},
{134304,91.597242,-7.600771,-130.423077},
{136379,92.106774,-6.848868,-127.939866},
{138455,92.356459,-9.315253,-118.426177},
{140532,90.012024,-7.942254,-118.966951},
{142609,92.129041,-8.718586,-117.753964},
{144688,90.082238,-5.446029,-121.478767},
{146769,91.267447,-3.572964,-113.973468},
{148848,92.729264,-3.764466,-113.857157},
{150985,90.967342,-6.382726,-92.562327},
{153065,88.981519,-1.857558,-105.154164},
{155150,84.770366,3.050507,-106.205070},
{157280,85.648291,-7.447550,-77.932868},
{159335,69.169940,-10.301355,173.134176},
{161391,67.367576,6.790732,171.566115},
{163474,83.111941,53.566319,-168.485973},
{165538,24.909416,156.066476,-86.898127},
{167655,17.182787,173.382563,-101.021107},
{169714,11.195843,178.799941,-116.490338},
{171775,7.584788,-178.994820,-131.089321},
{173838,5.862427,-178.818246,-140.553217},
{175900,4.556303,-178.739876,-144.601621},
{177965,3.862105,179.983435,-148.339442},
{180029,152.661818,-16.399284,58.072140},
{182097,90.243232,-21.594567,52.765489},
{184217,77.237275,6.865158,121.240475},
{186283,56.625967,2.016534,-162.487455},
{188351,137.218965,8.904796,-104.101092},
{190424,8.865633,163.475100,58.493972},
{192496,34.685254,-173.325763,-87.986087},
{194567,17.704436,-161.638134,-117.176772},
{196638,9.964351,-160.344701,-134.291177},
{198710,32.413858,-170.623999,-126.137871},
{200841,33.951183,-168.945672,-138.650859},
{202915,34.492066,-169.728985,-148.874177},
{204994,35.908828,-177.116709,-147.226121},
{207068,39.366263,178.857874,-148.450569},
{209149,39.406377,177.595410,-141.724376},
{211228,39.355267,-179.963040,-137.461437},
{213312,36.137991,179.233098,-147.987359},
{215390,44.858627,173.025863,-138.047754},
{217531,43.793971,176.803640,-134.930756},
{219618,63.355646,169.771401,-135.089339},
{221754,85.852315,174.682593,-119.891827},
{223811,85.865812,178.978113,-110.939389},
{225867,82.714861,-179.905393,-113.199444},
{227927,83.201977,-179.111657,-114.720199},
{230010,25.010911,177.628440,-108.551923},
{232073,20.814520,171.607588,-102.475118},
{234190,146.748732,-22.909996,76.086975},
{236251,6.538701,-27.709970,-28.853233},
{238315,107.938743,-150.093940,-89.565302},
{240380,21.168517,-40.361408,88.292865},
{242446,74.048683,-21.149011,128.359690},
{244516,80.377851,-8.975465,128.709423},
{246603,84.648228,-5.069533,123.078902},
{248674,85.765060,-2.855263,126.354019},
{250801,86.489681,-2.102821,125.627806},
{252893,86.883394,-1.670932,125.208665},
{254964,87.001242,-1.657189,125.309710},
{257036,86.813105,-1.308957,125.159173},
{259113,86.986625,-1.629069,125.002270},
{261185,86.932681,-1.536077,124.869081},
{263263,87.359800,-1.730840,124.874586},
{265345,87.250578,-1.699990,124.455185},
{267481,87.204037,-1.587498,123.858241},
{269559,86.978033,-1.352895,121.992766},
{271638,86.722393,-1.220143,121.481854},
{273715,86.953813,-1.534233,121.282863},
{275798,86.763258,-1.300177,121.349143},
{277880,86.746326,-0.975256,121.109513},
{279965,86.729182,-1.557302,123.738535},
{282051,87.016002,-1.828674,123.766921},
{284194,86.735992,-1.687277,123.410658},
{286328,87.299892,-1.674903,123.284477},
{288386,87.375960,-1.500594,123.937321},
{290443,87.080083,-1.560437,123.322344},
{292501,87.244130,-1.419534,123.483728},
{294560,87.065350,-1.723690,123.395208},
{296642,86.776167,-1.270551,123.107384},
{298704,86.948247,-1.341319,122.922204},
{300824,86.600549,-1.235810,122.982173},
{302887,86.716430,-1.315031,122.766011},
{304951,86.859680,-1.222671,122.495591},
{307018,86.944196,-1.297517,122.246029},
{309083,86.715815,-1.335725,121.985048},
{311154,86.927401,-1.796821,121.727304},
{313227,86.736668,-1.630121,121.661706},
{315297,86.794458,-1.584759,121.434903},
{317425,87.215157,-1.899595,121.087055},
{319493,87.102834,-1.674024,120.568453},
{321565,86.777717,-1.535827,120.194268},
{323657,86.864959,-1.244016,120.058429},
{325731,87.095055,-1.382023,119.740497},
{327808,86.929996,-1.198059,119.630094},
{329884,86.988251,-0.927018,119.525865},
{331959,87.119473,-1.008296,119.041605},
{334094,86.985758,-1.211198,118.708374},
{335353,86.622283,-1.144969,118.387819},
{335532,86.447252,-1.170675,118.330118},
{335713,86.305178,-1.192342,118.367315},
{335896,86.226869,-1.253241,118.403993},
{336083,86.147168,-1.148961,118.452009},
{336265,86.289243,-1.248943,118.345704},
{336469,86.299208,-1.259815,118.340472},
{336754,86.170432,-1.544688,118.182763},
{336933,86.190751,-1.714062,118.201560},
{337090,86.233228,-1.710254,118.157560},
{337248,86.123897,-1.529080,118.148339},
{337409,86.080034,-1.510443,118.202967},
{337567,86.002764,-1.415668,118.169007},
{337730,85.941327,-1.311683,118.118436},
{337893,85.796766,-1.235533,118.037075},
{338115,85.653502,-1.257658,117.961465},
{338278,85.559492,-1.261717,117.972817},
{338441,85.520628,-1.404350,118.032895},
{338608,85.523592,-1.419425,117.941739},
{338774,85.457913,-1.418655,117.844792},
{338945,85.387740,-1.346061,117.818427},
{339114,85.387740,-1.318205,117.802718},
{339283,85.392985,-1.492553,117.815422},
{339511,85.304917,-1.690535,117.831145},
{339683,85.166913,-1.571147,117.844218},
{339857,85.034831,-1.471387,117.816597},
{340027,85.058436,-1.653806,117.836281},
{340202,84.903705,-1.761121,117.969047},
{340377,84.947568,-1.800020,117.855570},
{340557,84.999778,-1.942880,117.811105},
{340736,85.106438,-2.012370,117.726083},
{340972,85.049823,-1.972457,117.654626},
{341152,85.187936,-1.976367,117.603468},
{341332,85.199104,-2.118312,117.564426},
{341514,85.218747,-2.003271,117.485374},
{341694,85.250931,-2.055733,117.462506},
{341910,85.270493,-2.068621,117.533007},
{342097,85.080033,-1.986616,117.610257},
{342339,84.792345,-1.894119,117.683763},
{342551,84.795549,-1.878868,117.563060},
{342711,84.778070,-1.897472,117.405242},
{342871,84.788336,-1.931049,117.336557},
{343031,84.771213,-1.837322,117.260333},
{343191,84.720130,-1.830536,117.200637},
{343352,84.653522,-1.745563,117.192358},
{343516,84.776219,-1.797312,117.202016},
{343683,84.809899,-1.899277,117.164928},
{343903,84.728230,-2.061918,117.128783},
{344069,84.797065,-2.064325,117.055741},
{344235,84.847888,-2.071028,117.019186},
{344404,84.778699,-2.056841,116.994747},
{344570,84.820042,-1.934155,116.848254},
{344743,84.704666,-1.901108,116.837817},
{344916,84.694195,-1.835590,116.944573},
{345111,84.678554,-1.878699,116.963492},
{345343,84.589755,-1.886240,116.746962},
{345517,84.561328,-1.876479,116.730747},
{345691,84.657859,-1.906564,116.670423},
{345864,84.809735,-1.839964,116.456966},
{346041,84.825820,-1.835198,116.388035},
{346217,84.806777,-1.779543,116.318408},
{346397,84.767367,-1.712505,116.305991},
{346578,84.898145,-1.784077,116.347929},
{346819,84.888603,-1.919322,116.297276},
{347001,84.912994,-1.870385,116.226829},
{347185,84.872907,-1.948840,116.184072},
{347370,85.003828,-2.053483,116.108708},
{347555,84.860552,-2.160159,116.154347},
{347742,84.954624,-2.272996,116.128802},
{347982,84.874588,-2.344874,116.137572},
{348159,84.925691,-2.343456,116.082562},
{348374,84.975306,-2.504033,115.956285},
{348531,84.928710,-2.517356,115.938308},
{348689,84.996937,-2.509823,115.878257},
{348854,84.865701,-2.398134,115.839844},
{349014,84.835997,-2.418884,115.872834},
{349175,84.850122,-2.497279,115.906207},
{349337,84.856269,-2.402636,115.884377},
{349532,84.920725,-2.430116,115.872247},
{349749,84.763208,-2.631874,115.862848},
{349914,84.713969,-2.685434,115.846497},
{350077,84.739575,-2.668945,115.857097},
{350245,84.739350,-2.676174,115.843902},
{350416,84.741290,-2.742495,115.761980},
{350586,84.767224,-2.700247,115.670060},
{352657,85.641543,-1.590002,115.236520},
{354731,86.360598,-1.082981,114.956114},
{356873,86.828356,-1.094510,114.181994},
{358945,86.437191,-0.869822,113.840122},
{361020,86.751920,-0.697694,113.385040},
{363097,86.927462,-0.945407,113.358860},
{365178,86.800448,-0.878210,113.090659},
{367260,86.606013,-0.969781,112.842819},
{369342,86.671679,-0.841201,113.065428},
{371421,86.607769,-0.868712,112.830060},
{373556,86.650703,-0.855452,112.834869},
{375634,86.509523,-1.082544,111.794808},
{377713,86.452054,-0.967391,112.754750},
{379795,86.516005,-1.036483,112.659797},
{381879,86.141055,-0.626711,112.635844},
{384025,86.081912,-0.538141,112.230800},
{386081,86.171087,-0.813882,111.800375},
{388140,86.345578,-0.562784,111.570894},
{390255,86.320218,-0.399979,111.182297},
{392316,86.385815,-0.739868,111.055816},
{394375,86.392406,-0.826841,111.203341},
{396438,86.631087,-0.682826,110.720823},
{398500,86.656652,-0.804390,110.638225},
{399702,86.674663,-1.044364,110.604723},
{399865,86.609722,-1.018241,110.610214},
{400031,86.568440,-1.053010,110.656475},
{400256,86.338229,-1.042366,110.686166},
{400421,86.138214,-0.962369,110.774829},
{400590,86.053369,-1.088722,110.782096},
{400757,85.950718,-1.082866,110.777438},
{400923,85.960465,-1.159218,110.853950},
{401093,85.993004,-1.227831,110.886543},
{401266,85.918063,-1.190307,110.891809},
{401442,85.888782,-1.277303,110.935509},
{401671,85.919948,-1.419481,111.072789},
{401844,85.825726,-1.372515,111.047633},
{402024,85.666097,-1.358691,110.952462},
{402202,85.620567,-1.456325,111.052551},
{402379,85.659868,-1.491160,111.020258},
{402560,85.544513,-1.364357,111.089578},
{402742,85.446677,-1.397002,111.074094},
{402922,85.378089,-1.451858,111.078957},
{403163,85.211780,-1.453003,111.115587},
{403341,85.270868,-1.431734,111.024383},
{403528,85.161777,-1.328137,110.994529},
{403710,85.099554,-1.319995,111.020654},
{403941,84.790870,-1.224575,111.036862},
{404097,84.768166,-1.084747,110.946178},
{404254,84.666424,-1.013810,110.877282},
{404413,84.506563,-1.022870,110.884795},
{404626,84.424779,-1.069287,110.888654},
{404786,84.296651,-1.043207,110.874836},
{404948,84.243581,-1.090225,110.918147},
{405111,84.234223,-1.240761,110.948739},
{405271,84.304274,-1.177212,110.876920},
{405434,84.203221,-1.129979,110.920114},
{405600,84.229169,-1.156383,110.913188},
{405766,84.206445,-1.222201,111.016385},
{405993,83.946037,-1.144175,111.053535},
{406164,84.061645,-1.209432,111.131057},
{406336,84.018410,-1.232890,111.114638},
{406506,83.899134,-1.290213,111.087501},
{406677,84.019154,-1.255105,111.122649},
{406852,83.980605,-1.059300,111.170789},
{407028,83.948045,-1.065506,111.054156},
{407203,84.098439,-1.271913,110.951102},
{407441,84.155451,-1.606788,111.085650},
{407614,84.221922,-1.510560,111.090746},
{407809,84.170170,-1.388417,111.074845},
{407988,84.217838,-1.303873,110.913878},
{408170,84.332475,-1.453986,110.972221},
{408349,84.399562,-1.366875,111.027805},
{408533,84.332906,-1.262891,111.073049},
{408716,84.371380,-1.166673,111.061485},
{408955,84.189629,-1.040081,111.137881},
{409136,84.258614,-1.078076,111.085964},
{409321,84.199717,-0.955448,111.211059},
{409557,84.008308,-1.072298,111.238612},
{409713,83.954254,-0.990059,111.246481},
{409869,83.897741,-0.989873,111.279949},
{410028,83.901306,-1.019313,111.355320},
{410188,83.912016,-0.940060,111.303766},
{410408,83.946713,-1.110875,111.261152},
{410568,84.074240,-1.112407,111.264868},
{410727,84.051529,-1.045194,111.319024},
{410890,83.879149,-1.038273,111.379922},
{411054,84.056181,-0.988837,111.346734},
{411222,84.088576,-0.981925,111.265113},
{411390,84.136756,-0.984455,111.256439},
{411556,84.176009,-1.057997,111.266336},
{411784,83.994449,-1.157087,111.369772},
{411954,84.012522,-1.092118,111.317843},
{412138,83.965674,-1.245931,111.295528},
{412306,84.047219,-1.162785,111.254014},
{412476,84.010883,-1.095057,111.305562},
{412648,83.968010,-1.218989,111.297605},
{412845,83.979450,-1.301287,111.227179},
{413019,84.061829,-1.474321,111.266903},
{413253,83.940006,-1.553746,111.075576},
{413429,84.002256,-1.479455,111.143208},
{413633,84.091957,-1.576710,111.136071},
{413811,83.991553,-1.494951,111.120607},
{413992,83.874286,-1.551911,111.075507},
{414169,83.722048,-1.334760,110.936622},
{414353,83.681709,-1.289649,110.961204},
{414535,83.699938,-1.399864,111.032416},
{414776,83.758651,-1.739631,110.979386},
{414963,83.750946,-1.874359,110.948302},
{415200,83.688614,-2.015313,110.689144},
{415388,83.672754,-1.976335,110.718220},
{415547,83.763971,-2.032621,110.659166},
{415706,83.755912,-2.047546,110.580114},
{415868,83.759648,-2.122090,110.559384},
{416031,83.853495,-2.028697,110.453175},
{416251,83.710040,-2.094072,110.416831},
{416416,83.876410,-2.042328,110.371807},
{416580,83.813654,-1.936946,110.309228},
{416743,83.918218,-1.867228,110.216440},
{416907,83.931154,-1.773651,110.166546},
{417076,83.883015,-1.729005,110.084440},
{417243,83.826570,-1.586682,110.078525},
{417409,83.646164,-1.418589,110.095505},
{417637,83.579140,-1.377357,110.092834},
{417816,83.738331,-1.237539,110.104603},
{417986,83.815116,-1.190088,110.133501},
{418156,83.777837,-1.223133,110.189523},
{418330,83.852402,-1.249865,110.151547},
{418525,83.922876,-1.324958,110.146568},
{418703,83.931735,-1.454280,110.174810},
{418882,83.892003,-1.369465,110.212117},
{419110,83.729868,-1.403404,110.272468},
{419290,83.820976,-1.587880,110.268992},
{419481,83.914181,-1.519657,110.071511},
{419663,83.857859,-1.412995,109.953847},
{419847,83.844090,-1.474501,109.934149},
{420029,83.786668,-1.474216,110.010497},
{420243,83.799154,-1.462103,109.976270},
{420432,83.836283,-1.502395,109.881440},
{420675,83.654060,-1.454855,109.837276},
{420906,83.755721,-1.540720,109.742719},
{421072,83.760734,-1.596846,109.732959},
{421230,83.836720,-1.599248,109.758476},
{421388,83.789079,-1.442511,109.816669},
{421554,83.735578,-1.404712,109.858941},
{421713,83.767311,-1.252330,109.894431},
{421875,83.687706,-1.184533,109.930337},
{422093,83.558028,-1.139388,109.908030},
{422259,83.687747,-1.118738,109.921533},
{422423,83.416752,-0.856830,109.833014},
{422589,83.450131,-0.850485,109.824408},
{422755,83.576531,-0.734969,109.951525},
{422925,83.643296,-0.732763,109.972391},
{423095,83.749710,-0.864543,109.980457},
{423263,83.963515,-0.998061,109.923835},
{423494,83.783834,-0.925555,109.913467},
{423671,83.738809,-0.898437,109.861516},
{423844,83.740052,-0.942724,109.923794},
{424019,83.825894,-0.964265,109.867547},
{424193,83.852969,-0.911978,109.843225},
{424372,83.883493,-0.926431,109.837433},
{424547,83.866718,-1.036854,109.919143},
{424723,83.759805,-1.049024,109.975055},
{424964,83.711987,-1.169930,109.975929},
{425147,83.672686,-1.069418,109.923207},
{425328,83.658773,-1.005177,109.903249},
{425511,83.777365,-1.183666,109.875423},
{425697,83.706960,-1.099072,109.821471},
{425883,83.856322,-1.073649,109.820788},
{426097,83.778889,-1.015205,109.816109},
{426280,83.806647,-0.963665,109.675045},
{426576,83.675049,-1.033593,109.816369},
{426730,83.672775,-0.860654,109.868135},
{426889,83.663540,-0.882863,109.814129},
{427047,83.566285,-0.932755,109.868108},
{427208,83.738891,-1.056395,109.994432},
{427369,83.771246,-1.103471,109.936751},
{427528,83.825409,-1.142399,109.882000},
{427690,83.849281,-1.043653,109.891897},
{427911,83.567173,-0.852543,109.856920},
{428073,83.519048,-0.769523,109.811144},
{428241,83.697288,-0.864039,109.765866},
{428407,83.678751,-0.979102,109.822892},
{428577,83.753139,-1.058570,109.833615},
{428743,83.910288,-1.105085,109.895053},
{428914,84.001013,-1.025411,109.849208},
{429086,84.026763,-1.025058,109.831300},
{429321,83.964383,-0.889328,109.778502},
{429498,83.915076,-0.890411,109.755703},
{429674,83.906565,-1.027501,109.726675},
{431750,85.367898,-0.997232,109.653073},
{433828,85.903795,-0.844989,109.441726},
{435903,86.442130,-0.699567,108.878693},
{437981,86.655771,-1.469451,113.461504},
{440059,86.016964,0.952708,113.736911},
{442198,85.870217,-1.820134,105.225648},
{444274,86.710973,-0.263567,105.663600},
{446353,86.546352,-0.173592,105.230047},
{448432,85.731769,-0.283839,111.545254},
{450540,86.244081,-0.646679,113.719761},
{452624,85.572401,-0.393289,110.905258},
{454711,85.886487,-0.322663,108.479742},
{456847,85.963251,-0.270673,106.043625},
{458961,94.293842,-4.105444,97.945746},
{461020,114.354435,3.378454,119.595656},
{463074,172.464599,-174.119062,-0.514383},
{465132,174.069270,-168.574669,-22.019536},
{467194,17.605731,5.974553,169.972946},
{469255,11.597961,7.136559,-165.972982},
{471317,31.645872,35.094601,155.663809},
{473376,34.643525,55.233841,-162.203100},
{475495,13.390605,57.731327,-146.403425},
{477558,1.840332,57.879030,-137.660400},
{479625,179.902456,124.603114,44.985074},
{481691,179.894998,127.165555,45.362616},
{483760,179.987902,130.344311,45.388475},
{485848,179.889984,133.343980,45.466599},
{487936,178.375540,135.711255,44.622343},
{490010,86.081140,10.129531,-112.371126},
{492138,100.734178,-38.896807,-78.433692},
{494208,108.539042,-45.574331,-70.266842},
{496286,105.912055,-54.737952,-73.154659},
{498358,112.897863,-68.705160,-71.449250},
{500430,101.355103,-67.089144,-73.873714},
{502507,163.568960,-15.989089,-7.946588},
{504589,173.967896,-5.814844,-28.771257},
{506667,0.519396,-179.815699,142.103739},
{508800,1.233876,179.825917,135.736103},
{510878,0.628602,145.720747,-174.760075},
{512953,94.523971,125.989342,109.285158},
{515039,95.974827,154.305776,115.431167},
{517123,96.936879,166.133970,121.804772},
{519224,94.800662,173.543687,129.624259},
{521354,93.718965,176.787876,133.680326},
{523410,79.925713,159.953345,102.425961},
{525526,76.267859,141.426361,111.316060},
{527582,8.661100,171.925437,161.601688},
{529641,5.314978,173.975683,151.630555},
{531703,3.719856,174.690872,147.263072},
{533762,2.817812,175.047380,144.876522},
{535823,2.488975,175.511410,143.718914},
{537901,2.316283,175.813591,143.105481},
{539989,2.080257,176.123545,142.918744},
{542110,2.457299,176.370374,142.915206},
{544170,2.210130,176.804856,142.939986},
{546253,2.219582,177.095303,142.793110},
{548341,2.107153,177.327571,142.841372},
{550429,2.042200,177.199641,142.832397},
{552517,2.309763,177.573881,143.491852},
{554605,2.253722,177.775412,143.138785},
{556680,1.858069,177.600710,143.086152},
{558814,1.864086,177.735920,143.083994},
{560885,2.275293,178.090790,143.113200},
{562958,2.440914,178.554027,142.921094},
{565030,2.135918,178.715083,143.137324},
{567103,1.655026,179.562367,143.560235},
{569178,177.821503,-3.596726,-43.127549},
{571260,2.676388,-177.064130,136.033872},
{573340,2.486223,-177.200133,129.818100},
{575480,2.511857,-177.698996,127.073498},
{577557,1.977981,-178.320352,125.804735},
{579634,1.788265,-178.401440,125.030793},
{581720,1.975399,-178.479195,124.856432},
{583801,2.028357,-179.273847,124.894203},
{585936,2.123216,-179.398129,124.486413},
{587995,0.915240,-179.851790,124.974430},
{590060,0.793281,-179.853880,126.113965},
{592174,0.944484,-179.733778,125.112222},
{594229,110.892329,-15.114652,-137.212353},
{596287,103.596737,-16.259918,-167.022509},
{598347,96.104634,-5.412813,-178.147603},
{600409,93.091073,-4.804215,-173.037488},
{602472,91.326760,-3.939695,-168.282337},
{604534,90.293626,-3.644772,-168.168997},
{606597,89.729930,-3.530681,-162.367120},
{608722,89.710532,-3.750299,-163.113346},
{610785,89.873118,-3.492759,-163.091626},
{612853,89.722601,-3.357079,-163.625583},
{614923,89.725572,-3.587845,-163.764154},
{616994,89.795507,-3.453690,-164.439195},
{619075,89.531185,-3.461557,-166.197969},
{621163,89.456477,-3.548434,-166.346785},
{623251,89.442365,-3.556837,-165.754102},
{625382,89.450411,-3.402595,-165.748638},
{627457,89.438575,-3.448473,-165.766902},
{629533,89.682351,-3.128047,-166.647176},
{631610,89.792857,-3.040866,-166.829338},
{633691,89.561737,-3.137269,-166.935192},
{635770,89.286009,-3.176449,-167.337067},
{637852,88.971697,-3.238285,-167.834700},
{639936,88.833727,-3.289190,-168.399735},
{642081,89.367063,-3.344772,-168.700741},
{642262,89.353949,-3.455189,-168.747104},
{642444,89.354153,-3.681097,-168.805803},
{642659,89.382581,-3.633460,-168.987964},
{642896,89.398434,-3.892902,-169.170931},
{643051,89.483401,-3.927431,-169.221174},
{643209,89.449537,-4.012385,-169.214918},
{643374,89.346429,-4.252953,-169.296689},
{643606,89.247480,-4.664853,-169.358925},
{643764,89.139795,-4.669686,-169.362436},
{643925,89.252513,-4.669445,-169.422323},
{644087,89.246496,-4.764587,-169.477457},
{644248,89.374296,-4.742358,-169.553859},
{644415,89.413071,-4.699508,-169.557711},
{644580,89.483107,-4.707819,-169.655287},
{644744,89.474829,-4.759067,-169.777930},
{644971,89.500436,-4.913482,-169.842421},
{645136,89.490450,-4.822152,-169.751484},
{645306,89.546321,-4.908440,-169.685286},
{645474,89.568478,-4.855758,-169.779105},
{645641,89.477281,-4.776972,-169.800169},
{645840,89.440050,-4.775683,-169.778886},
{646016,89.623652,-4.769965,-169.725761},
{646195,89.613250,-4.815602,-169.831452},
{646423,89.656792,-4.823304,-169.814335},
{646604,89.532100,-4.904971,-169.857734},
{646779,89.518665,-4.867714,-169.937825},
{646958,89.468996,-4.993486,-169.945898},
{647139,89.410400,-5.002472,-169.973506},
{647352,89.434463,-4.962637,-169.961717},
{647536,89.604801,-5.051669,-169.853896},
{647720,89.594248,-5.167826,-169.870165},
{647959,89.585758,-5.226836,-169.925913},
{648139,89.750673,-5.475684,-170.055195},
{648356,89.724507,-5.488022,-170.103184},
{648591,89.813689,-5.449302,-170.183616},
{648750,89.827226,-5.441835,-170.221360},
{648908,89.674052,-5.436044,-170.224106},
{649067,89.446641,-5.457769,-170.265783},
{649227,89.289308,-5.535392,-170.375367},
{649447,89.247705,-5.772216,-170.328034},
{649611,89.340397,-5.799630,-170.317624},
{649774,89.347801,-5.928861,-170.341353},
{649940,89.491686,-5.873124,-170.358619},
{650104,89.591393,-5.707253,-170.381623},
{650271,89.635503,-5.820612,-170.447466},
{650437,89.699379,-5.721483,-170.519457},
{650604,89.572112,-5.714351,-170.610599},
{650831,89.471926,-5.834627,-170.622005},
{651002,89.333840,-5.807052,-170.629409},
{651174,89.428760,-5.819681,-170.621800},
{651347,89.547024,-5.799349,-170.673532},
{651545,89.671047,-5.901579,-170.762242},
{651716,89.706537,-5.861065,-170.840844},
{651891,89.682727,-5.883829,-170.990016},
{652065,89.655542,-5.821748,-171.004591},
{652298,89.637033,-5.973406,-171.047157},
{652504,89.666464,-5.968092,-171.062074},
{652684,89.506378,-5.870819,-171.178215},
{652863,89.412668,-5.932438,-171.143176},
{653041,89.253019,-5.911941,-171.083794},
{653223,89.201635,-5.950696,-171.182094},
{653409,89.311813,-5.995016,-171.383475},
{653592,89.406568,-6.067696,-171.325911},
{653837,89.404553,-6.241853,-171.401125},
{654038,89.397033,-6.101059,-171.401425},
{654275,89.405366,-6.103352,-171.193746},
{654435,89.399369,-6.054257,-171.222597},
{654592,89.352234,-6.040656,-171.259535},
{654757,89.227433,-5.905686,-171.286050},
{654918,89.092742,-5.959656,-171.301445},
{655082,89.211327,-5.983417,-171.277020},
{655303,89.347774,-6.175526,-171.212311},
{655463,89.495627,-6.205235,-171.298467},
{655628,89.417223,-6.278672,-171.433322},
{655791,89.338451,-6.240902,-171.515093},
{655957,89.390681,-6.066403,-171.584092},
{656126,89.519909,-5.990304,-171.624759},
{658196,89.360348,-4.645698,-172.126723},
{660266,89.612990,-4.002983,-172.547558},
{662396,89.394677,-3.951606,-172.830588},
{664462,89.425044,-3.836936,-173.335106},
{666530,89.241332,-3.417400,-173.854187},
{668601,89.328554,-3.218652,-174.394100},
{670674,89.134447,-3.363018,-174.465516},
{672750,89.075680,-3.445613,-174.596875},
{674825,88.948515,-3.493950,-174.746073},
{676901,88.989483,-3.284677,-174.571712},
{679035,89.044691,-3.191169,-176.076567},
{681115,88.735304,-3.182011,-176.063644},
{683193,89.191240,-3.480432,-176.180085},
{685277,89.078603,-3.434591,-176.896709},
{687360,88.789208,-3.278105,-177.548350},
{689445,88.568429,-3.350776,-177.873576},
{691532,89.039227,-3.511076,-178.267992},
{693616,89.015287,-3.047502,-178.562032},
{695756,89.207120,-2.943859,-179.213768},
{697885,89.076670,-3.186796,-179.576356},
{699943,89.127774,-3.110858,179.881365},
{701889,88.749750,-3.071813,179.367598},
{702047,88.774817,-3.146361,179.345454},
{702207,88.838379,-3.327888,179.352640},
{702371,89.069539,-3.450539,179.252318},
{702531,89.068303,-3.529704,179.177227},
{702750,88.997283,-3.734100,179.155179},
{702913,88.906141,-3.779655,179.102873},
{703079,88.757092,-3.881786,179.154441},
{703247,88.818967,-3.914018,179.137407},
{703415,89.045251,-3.881787,179.054283},
{703587,89.057505,-4.010952,179.043150},
{703760,89.035184,-3.999213,178.903063},
{703930,89.024692,-4.101521,178.957513},
{704164,89.019344,-4.219175,178.890946},
{704335,88.974204,-4.292197,178.825950},
{704508,89.078992,-4.372197,178.933034},
{704684,89.076452,-4.383841,178.956325},
{704858,89.243409,-4.504735,178.945137},
{705036,89.240397,-4.593169,178.900686},
{705218,89.287504,-4.751922,178.858544},
{705394,89.007754,-4.864023,178.696218},
{705634,89.008437,-4.962987,178.629473},
{705846,88.754196,-4.971851,178.646548},
{706029,88.643022,-4.880591,178.587549},
{706214,88.536027,-5.022835,178.564627},
{706397,88.612224,-4.943564,178.554081},
{706610,88.651778,-4.873844,178.536651},
{706797,88.513610,-4.879757,178.507513},
{706984,88.647687,-4.993738,178.473089},
{707276,88.762693,-5.089939,178.494850},
{707431,88.607545,-5.356587,178.554395},
{707589,88.454665,-5.343998,178.560720},
{707748,88.511991,-5.315934,178.523960},
{707909,88.733761,-5.267819,178.576129},
{708070,88.841056,-5.270431,178.550912},
{708233,88.928127,-5.326423,178.572154},
{708398,88.945305,-5.264883,178.611755},
{708621,89.099073,-5.439527,178.686710},
{708786,89.164158,-5.482522,178.650783},
{708949,89.138661,-5.474543,178.661643},
{709114,88.960639,-5.656207,178.493962},
{709284,89.070434,-5.648161,178.390894},
{709453,89.086014,-5.585440,178.344627},
{709622,88.988055,-5.395303,178.334791},
{709793,88.950155,-5.479267,178.385977},
{710025,89.168243,-5.533973,178.229087},
{710198,89.196349,-5.597365,178.212258},
{710398,89.323213,-5.517807,178.048456},
{710574,89.234789,-5.567186,177.989785},
{710754,89.020950,-5.631523,177.837171},
{710930,88.782583,-5.755368,177.684885},
{711110,88.794891,-5.803860,177.631869},
{711287,88.683067,-5.942325,177.547475},
{711519,88.522209,-6.112815,177.486263},
{711695,88.261603,-6.439136,177.399574},
{711881,88.147198,-6.520044,177.426485},
{712062,88.109235,-6.385336,177.471688},
{712248,88.043611,-6.372746,177.494528},
{712433,88.291888,-6.311818,177.488326},
{712620,88.367362,-6.352852,177.466428},
{712856,88.500359,-6.462125,177.373497},
{713069,88.754722,-6.714801,177.289253},
{713228,88.786339,-6.667004,177.287423},
{715287,88.810709,-4.825065,176.936296},
{717346,88.464781,-3.936747,176.494369},
{719406,88.305344,-3.800142,176.298261},
{721468,88.772652,-3.455413,175.818577},
{723529,88.574603,-3.164000,174.831683},
{725597,88.450547,-3.371755,170.952286},
{727719,88.142915,-3.419740,170.958037},
{729779,87.892309,-2.701627,156.622426},
{731846,88.073889,-2.294606,162.022851},
{733913,87.948671,-3.120125,166.347809},
{735983,87.566700,-4.148840,162.183047},
{738057,87.426585,-4.050012,166.231218},
{740145,87.946397,-3.918731,166.098043},
{742233,88.078998,-3.892880,164.433403},
{744360,88.348449,-3.224249,165.411404},
{746432,88.375599,-3.326275,165.143264},
{748504,88.219297,-3.571005,164.720831},
{750585,88.270817,-3.195839,164.116837},
{752673,87.843766,-3.237608,163.926302},
{754761,88.043522,-3.024264,163.634640},
{756849,88.251734,-3.188544,163.181839},
{758937,87.996510,-3.218876,162.550415},
{761080,88.242868,-3.167582,162.068013},
{763155,88.281991,-3.604400,161.615881},
{765235,87.780396,-3.321663,161.615021},
{767317,87.698434,-3.178098,161.336718},
{769398,87.863745,-3.062618,160.657770},
{771486,87.644810,-3.056234,160.339005},
{773623,88.025859,-3.050623,159.889483},
{775682,88.042627,-2.942512,154.051024},
{777795,88.731752,-2.526281,153.161023},
{779852,166.491940,136.738734,25.379835},
{781912,117.191826,-178.326595,44.052265},
{783971,108.498764,176.633432,50.105902},
{786036,104.080526,175.614013,53.956353},
{788100,103.649569,174.080758,58.271062},
{790166,112.582855,-176.696639,36.741480},
{792232,110.493282,-173.942242,42.549203},
{794353,108.352912,-170.499827,33.663390},
{796417,156.678420,-166.295831,45.707482},
{798482,79.004095,11.682178,-79.152644},
{800551,92.831567,0.926599,-120.919333},
{802620,96.803199,6.082415,-119.641733},
{804694,93.928652,-0.029664,-121.052003},
{806763,92.323851,-1.702841,-120.145992},
{808833,92.805776,-2.427638,-119.422019},
{810958,92.943828,-2.356023,-120.553836},
{813027,93.049887,-2.932750,-120.736776},
{815101,93.028946,-2.728212,-120.859378},
{817175,93.006590,-2.646618,-121.133132},
{819256,92.660593,-2.632974,-121.365905},
{821336,92.784268,-2.621704,-121.808173},
{823415,92.599777,-2.884649,-122.126678},
{825498,92.515991,-2.816354,-122.399421},
{827636,92.647350,-2.912172,-122.714935},
{829714,92.795838,-3.015905,-122.919745},
{831799,92.731627,-3.094454,-123.583653},
{833885,92.753655,-2.991526,-123.729614},
{835191,92.904984,-3.123865,-124.184368},
{835427,93.058452,-3.142440,-124.223505},
{835587,93.421620,-3.037130,-124.340343},
{835748,93.511095,-3.127434,-124.414956},
{835968,93.711896,-3.089797,-124.597445},
{836132,93.752836,-3.102486,-124.684666},
{836290,93.767371,-3.286817,-124.690144},
{836455,93.767794,-3.322811,-124.588620},
{836619,93.816282,-3.464471,-124.590655},
{836785,93.843111,-3.624601,-124.632087},
{836949,93.893094,-3.737773,-124.679940},
{837117,93.846205,-3.774638,-124.657933},
{837338,94.049007,-3.816688,-124.691551},
{837502,94.155087,-3.805211,-124.712069},
{837666,94.195774,-3.774842,-124.709473},
{837834,94.207290,-3.782227,-124.821529},
{838006,94.235908,-3.880618,-124.892796},
{838179,94.368414,-3.958454,-124.860557},
{838348,94.445199,-3.844631,-124.857811},
{838525,94.543267,-3.912388,-124.943380},
{838757,94.626991,-3.987413,-125.001177},
{838931,94.732012,-4.096290,-124.945415},
{839105,94.783689,-4.070260,-124.999647},
{839284,94.865057,-3.988329,-125.048046},
{839458,94.875378,-3.859331,-125.153927},
{839639,94.984627,-3.595685,-125.211479},
{839826,95.054220,-3.551016,-125.223896},
{840006,94.972763,-3.782303,-125.410879},
{840245,95.091724,-3.943069,-125.427080},
{840452,95.079546,-4.026287,-125.556704},
{840637,95.079081,-4.066982,-125.584940},
{840823,95.030539,-4.152588,-125.625798},
{841059,95.192702,-4.005625,-125.592248},
{841214,95.350438,-4.035834,-125.533864},
{841373,95.457105,-4.070699,-125.618572},
{841531,95.528802,-4.079155,-125.705342},
{841752,95.746254,-4.023129,-125.857464},
{841929,95.757845,-4.067864,-125.851372},
{842090,95.574297,-4.070986,-125.909579},
{842251,95.558445,-4.052385,-125.930807},
{842415,95.651130,-3.969842,-125.974274},
{842580,95.685923,-3.917861,-125.957431},
{842750,95.729917,-3.898046,-126.024449},
{842918,95.665699,-3.931144,-126.184084},
{843141,95.705915,-4.025934,-126.249982},
{843309,95.789250,-3.846583,-126.247905},
{843478,95.652790,-3.904090,-126.264257},
{843648,95.375211,-4.153619,-126.442156},
{843847,95.320344,-4.050186,-126.455789},
{844022,95.405086,-4.179814,-126.527615},
{844200,95.475711,-4.290729,-126.638947},
{844375,95.391487,-4.311471,-126.733600},
{844608,95.422544,-4.393142,-126.804183},
{844794,95.208384,-4.423246,-126.904450},
{844972,95.069745,-4.526215,-126.981017},
{845147,94.833113,-4.690571,-126.964966},
{845328,94.786886,-4.952837,-126.885818},
{845509,94.696372,-5.050949,-126.756481},
{845693,94.828673,-5.054672,-126.761303},
{845877,94.840974,-5.070441,-126.750935},
{846115,94.828482,-5.164509,-126.907879},
{846300,94.932881,-5.064957,-126.995210},
{846496,94.817321,-5.080830,-127.092977},
{846728,94.884421,-5.235486,-127.192998},
{846883,94.915157,-5.214036,-127.169817},
{847043,94.866143,-5.191339,-127.223297},
{847203,94.848296,-5.150990,-127.271737},
{847367,95.029617,-5.171008,-127.221098},
{847588,95.131455,-5.294025,-127.227464},
{847749,95.049582,-5.248328,-127.298347},
{847911,94.980119,-5.301700,-127.325176},
{848076,94.898860,-5.447078,-127.383288},
{848239,94.765583,-5.350246,-127.448557},
{848404,94.792029,-5.376471,-127.461302},
{848570,94.811058,-5.302250,-127.576363},
{848739,94.920204,-5.142617,-127.629065},
{848968,95.051706,-5.200045,-127.509796},
{849136,95.045306,-5.273146,-127.561747},
{849306,95.011592,-5.174548,-127.616197},
{849475,94.995384,-5.347105,-127.603548},
{849649,95.068044,-5.381249,-127.554111},
{849825,95.087728,-5.404545,-127.602714},
{849998,94.854600,-5.546370,-127.584382},
{850193,94.948946,-5.417357,-127.611730},
{850425,94.953625,-5.398397,-127.824531},
{850602,94.936583,-5.310058,-127.909786},
{850781,95.024337,-5.230779,-127.877711},
{850957,95.107249,-5.123184,-127.918774},
{851138,95.053892,-5.220812,-128.045065},
{851322,95.095720,-5.260751,-128.112410},
{851504,95.243511,-5.233387,-128.226734},
{851719,95.395428,-5.186884,-128.289135},
{851962,95.500210,-5.349151,-128.358830},
{852146,95.512921,-5.273607,-128.372108},
{852380,95.527681,-5.439387,-128.441530},
{852545,95.378223,-5.481948,-128.518520},
{852703,95.324360,-5.567005,-128.577246},
{852864,95.350991,-5.616467,-128.608678},
{853023,95.274561,-5.706203,-128.746061},
{853187,95.259542,-5.812789,-128.788203},
{853409,95.377547,-5.845889,-128.782411},
{853572,95.280777,-5.809346,-128.839019},
{853736,95.247534,-5.837993,-128.765158},
{853904,95.195017,-5.897539,-128.717797},
{854073,95.110002,-5.851260,-128.709628},
{854244,95.208746,-5.787150,-128.804964},
{854414,95.276563,-5.831454,-128.832859},
{854581,95.108677,-5.806162,-128.976019},
{854810,95.155771,-5.788484,-129.085343},
{854981,95.083302,-5.673705,-129.273283},
{855153,95.153756,-5.671327,-129.290017},
{855328,94.982578,-5.648673,-129.425897},
{855508,94.952996,-5.681867,-129.514675},
{855683,95.004052,-5.513584,-129.612197},
{855859,94.970242,-5.290116,-129.668519},
{856039,94.959806,-5.288569,-129.783771},
{856271,94.951480,-5.267535,-129.863493},
{856446,94.921980,-5.173442,-129.947750},
{856627,94.950387,-5.212176,-130.046829},
{856809,94.835080,-5.272103,-130.076076},
{856992,94.894659,-5.182343,-130.224332},
{857206,94.816611,-5.179145,-130.259070},
{857390,94.801871,-5.259309,-130.131810},
{857577,94.807185,-5.336023,-130.117112},
{857815,94.890234,-5.308536,-130.177381},
{858048,95.078077,-5.528618,-130.301377},
{858212,95.310406,-5.282587,-130.411793},
{858370,95.236469,-5.156167,-130.440904},
{858527,95.095235,-5.158654,-130.560459},
{858687,94.884530,-5.262459,-130.663459},
{858850,94.905813,-5.217800,-130.720723},
{859015,94.934063,-5.235298,-130.723551},
{859235,94.884052,-5.102338,-130.894469},
{859409,94.804002,-5.162018,-130.868583},
{859574,94.746697,-5.171408,-130.989081},
{859740,94.668444,-5.159397,-130.993753},
{859909,94.637400,-5.213678,-131.043012},
{860076,94.328375,-5.223768,-131.201732},
{860248,94.237705,-5.410660,-131.209450},
{860418,94.286438,-5.331223,-131.268408},
{860648,94.348654,-5.332300,-131.350439},
{860818,94.275605,-5.498839,-131.482917},
{860993,94.266268,-5.530103,-131.487985},
{861169,94.276889,-5.654376,-131.535701},
{861343,94.304798,-5.504882,-131.473833},
{861523,94.342732,-5.509163,-131.552107},
{861703,94.158918,-5.429241,-131.558268},
{861885,94.202078,-5.488802,-131.591709},
{862120,94.136666,-5.535127,-131.653713},
{862299,94.181055,-5.482043,-131.651623},
{862502,94.227104,-5.315594,-131.703573},
{862684,94.178439,-5.401904,-131.755715},
{862868,94.214680,-5.377364,-131.769772},
{863049,94.252287,-5.289122,-131.825547},
{863237,94.264984,-5.356894,-131.893330},
{863422,94.337664,-5.480670,-132.026027},
{863713,94.375340,-5.466721,-132.117893},
{863878,94.263960,-5.432453,-132.093140},
{864033,94.164499,-5.513397,-132.106500},
{864193,94.090746,-5.547742,-132.172862},
{864357,93.972249,-5.469463,-132.261696},
{864519,93.889051,-5.442983,-132.235194},
{864683,93.818898,-5.376308,-132.330626},
{864848,93.826035,-5.193596,-132.389488},
{865079,93.874714,-5.422868,-132.422137},
{865245,93.829348,-5.397654,-132.560120},
{865409,93.844866,-5.329694,-132.690153},
{865575,93.876558,-5.508467,-132.710685},
{865742,93.853582,-5.625798,-132.688173},
{865913,93.829710,-5.666579,-132.743975},
{866082,93.755432,-5.775187,-132.837371},
{866256,93.883723,-5.760625,-132.968251},
{866483,94.019337,-5.921222,-132.926177},
{866652,94.040517,-5.791606,-132.879445},
{866826,94.087604,-5.975774,-132.827522},
{867003,94.206866,-5.896365,-132.772963},
{867177,94.324236,-5.759765,-132.781118},
{867355,94.261590,-5.717829,-132.760354},
{867535,94.352506,-5.561749,-132.770340},
{867712,94.368154,-5.581687,-132.744576},
{867949,94.555950,-5.613612,-132.750928},
{868129,94.511192,-5.445541,-132.891740},
{868312,94.552556,-5.430414,-132.989466},
{868489,94.443389,-5.346540,-133.120319},
{868673,94.507647,-5.437969,-133.098530},
{868858,94.444256,-5.350702,-133.122272},
{869040,94.393884,-5.430664,-133.403334},
{869280,94.465608,-5.440857,-133.475680},
{869491,94.489773,-5.431401,-133.653715},
{869645,94.414101,-5.577069,-133.617830},
{869807,94.419319,-5.586144,-133.674083},
{869971,94.424032,-5.531186,-133.725501},
{872045,93.319358,-4.354246,-134.461085},
{874112,92.632644,-3.985182,-134.636265},
{876200,92.054626,-3.946171,-136.026632},
{878288,92.676036,-4.219539,-135.255750},
{880409,92.632603,-3.718513,-137.541309},
{882471,92.607700,-4.040542,-138.934831},
{884552,90.027952,-6.860832,-142.083139},
{886622,152.150127,49.331127,107.751480},
{888710,24.491347,138.514406,-82.591836},
{890798,44.834427,153.189832,-17.232467},
{892886,72.333213,-168.853491,-36.396142},
{894974,71.278577,-147.975980,-54.650611},
{897107,66.673021,-140.330963,-56.165431},
{899180,175.686303,-92.286907,45.906603},
{901256,165.112993,-90.035724,31.975206},
{903332,158.752871,-85.216596,23.203601},
{905414,164.921638,-80.380535,28.864328},
{907502,168.277816,-75.485659,31.914182},
{909590,170.899516,-70.357109,34.688779},
{911678,171.990051,-65.454263,36.154947},
{913817,172.966946,-60.031332,37.659013},
{915900,174.379948,-54.706168,39.372936},
{917985,174.925530,-49.582273,40.543801},
{920069,175.056628,-43.877111,41.554273},
{922155,175.266206,-39.050319,42.220459},
{924246,175.737830,-33.888038,42.869720},
{926389,175.521163,-29.048033,43.540226},
{928446,175.895075,-24.229770,43.820653},
{930564,175.852605,-18.979528,44.570014},
{932626,175.908121,-14.144356,45.558940},
{934687,176.205289,-8.865889,46.007027},
{936748,175.746231,-3.884348,46.146165},
{938822,175.525330,-0.063621,47.733542},
{940910,177.401733,5.902433,47.891681},
{942992,146.873970,11.780533,50.566623},
{945080,77.569345,5.668128,51.856094},
{947201,97.265889,-5.397516,1.848954},
{949266,99.671086,-6.895377,8.258541},
{951334,85.748852,-4.937559,33.124150},
{953401,90.313809,-2.308103,16.699008},
{955477,90.202770,1.540165,17.344492},
{957565,90.299363,2.177904,23.205740},
{959639,90.711059,3.068546,23.675642},
{961712,90.145923,3.283475,23.534588},
{963844,90.156052,3.372136,23.335427},
{965919,90.149003,3.566121,23.116765},
{967996,90.294957,3.578685,21.517008},
{970074,90.289309,3.669774,21.714753},
{972152,90.184411,3.547012,21.416289},
{974231,90.150287,3.491084,20.914710},
{976315,90.072252,3.395017,20.357107},
{978394,90.089758,3.440125,20.119203},
{980532,90.057451,3.503407,19.685947},
{981569,90.070517,3.475253,19.565427},
{981751,89.893991,3.571200,19.537971},
{981936,89.754983,3.633557,19.507369},
{982123,89.789052,3.675867,19.520006},
{982280,89.938763,3.869035,19.489697},
{982437,89.924201,3.936416,19.506383},
{982595,89.963659,3.999916,19.504129},
{982812,89.747566,4.215361,19.619887},
{982971,89.625339,4.296676,19.619223},
{983133,89.389158,4.357015,19.578693},
{983297,89.283919,4.410297,19.617965},
{983462,89.299177,4.430508,19.551126},
{983623,89.267205,4.536741,19.477666},
{983785,89.303672,4.512083,19.439932},
{983952,89.217201,4.436981,19.473405},
{984179,89.215869,4.674207,19.473733},
{984348,89.268114,4.775928,19.495059},
{984516,89.193801,4.821637,19.500894},
{984684,89.203637,4.960004,19.464497},
{984861,89.191322,5.026300,19.458710},
{985033,89.271413,5.058015,19.453214},
{985206,89.379671,5.142509,19.466324},
{985383,89.301281,5.187330,19.496708},
{985616,89.130861,5.189015,19.633486},
{985788,89.246947,5.253309,19.617521},
{985963,89.315324,5.234681,19.610803},
{986139,89.323438,5.240709,19.692730},
{986314,89.341832,5.259652,19.912426},
{986512,89.456292,5.281480,19.980941},
{986690,89.453970,5.229359,20.042995},
{986875,89.398317,5.249841,19.999021},
{987112,89.308275,5.258610,20.008990},
{987291,89.087441,5.407941,19.984307},
{987503,89.217830,5.432878,19.935510},
{987687,89.261522,5.501582,19.991086},
{987844,89.262445,5.535771,20.026977},
{988010,89.370341,5.435571,20.018297},
{988172,89.445214,5.409653,19.962862},
{990234,89.941843,4.341687,19.782806},
{992355,90.136190,3.844194,19.551314},
{994414,90.257630,3.773954,19.515176},
{996473,90.463322,3.603521,19.499734},
{998551,90.283360,3.542367,19.080048},
{1000614,90.201240,3.630061,19.111554},
{1002679,90.054931,3.611392,18.650088},
{1004745,90.146934,3.980616,18.821573},
{1006813,90.388306,3.888092,18.294293},
{1008942,90.547763,3.666986,18.766729},
{1011009,90.651377,3.902388,18.809646},
{1013077,90.688561,3.932343,18.164234},
{1015149,90.644759,4.090854,18.306623},
{1017224,90.675631,4.021154,18.148800},
{1019299,90.555413,3.877118,18.054811},
{1021375,90.502834,3.725750,18.048099},
{1023454,90.489645,3.864063,17.907539},
{1025582,90.443828,3.862478,17.863245},
{1027657,90.628284,3.753943,17.713230},
{1029732,90.539301,4.139681,17.998144},
{1031815,90.669785,3.912749,17.893098},
{1033895,90.304834,4.135014,18.010468},
{1035978,90.565023,3.873203,17.294099},
{1038062,90.816996,3.883620,23.238447},
{9538,0.000000,3066.108419,-18649962702227.003906},
{9538,0.000000,3066.108419,-18649962702227.003906},
{11710,49.211230,-1.551134,-12.429353},
{13845,71.902446,0.040393,-13.259801},
{15899,82.807506,1.202518,-13.907699},
{17960,88.531751,1.970422,-14.556646},
{18197,88.964006,2.135830,-14.546611},
{18353,89.156829,2.172641,-14.583195},
{18510,89.234331,2.364942,-14.660812},
{18669,89.528392,2.474659,-14.766080},
{18832,89.618325,2.621379,-14.807626},
{18998,89.838790,2.725556,-14.862884},
{19165,89.952280,2.766622,-14.891499},
{19331,90.225795,2.833109,-14.976330},
{19561,90.408803,3.133159,-15.031920},
{19728,90.544246,3.178491,-14.938638},
{19896,90.557565,3.232902,-14.979650},
{20065,90.663644,3.296490,-15.010165},
{20264,90.892237,3.426423,-15.155148},
{20436,90.977840,3.473392,-15.264428},
{20610,91.032133,3.568526,-15.316165},
{20788,91.079910,3.614950,-15.360194},
{21020,91.172220,3.744600,-15.275086},
{21196,91.257796,3.855549,-15.220296},
{21372,91.304678,3.888512,-15.101902},
{21550,91.375090,4.015495,-15.072223},
{21724,91.450393,4.118094,-15.122242},
{21904,91.550674,4.153007,-15.072503},
{22081,91.734372,4.125965,-15.051036},
{22261,91.809005,4.260378,-15.078235},
{22498,91.890981,4.364905,-15.119168},
{22681,91.991494,4.517815,-15.080351},
{22870,92.031198,4.525805,-15.217704},
{23054,92.169414,4.636732,-15.225680},
{23290,92.198224,4.762326,-15.332996},
{23446,92.299201,4.814757,-15.250957},
{23605,92.304085,4.883312,-15.326328},
{23764,92.289919,4.796055,-15.321827},
{23982,92.269101,4.977838,-15.237802},
{24140,92.236384,5.051886,-15.194452},
{24299,92.131103,5.054437,-15.138506},
{24458,92.166040,5.028409,-15.118258},
{24620,92.337362,5.051458,-15.040959},
{24783,92.422992,4.910859,-15.154204},
{24952,92.501470,4.932811,-15.135474},
{25121,92.510466,4.964397,-14.928813},
{25345,92.717878,5.145443,-14.853324},
{25513,92.723902,5.269835,-14.817518},
{25680,92.853102,5.135090,-14.795843},
{25850,92.977569,5.273555,-14.804782},
{26021,92.985225,5.220994,-14.807241},
{26193,93.058575,5.218610,-14.866105},
{26368,93.294626,5.245904,-14.731456},
{26544,93.373433,5.307418,-14.673330},
{26776,93.407796,5.493476,-14.626242},
{26947,93.360408,5.529495,-14.608492},
{27124,93.410965,5.560667,-14.626618},
{27302,93.556605,5.540096,-14.583661},
{27480,93.527823,5.455210,-14.614216},
{27663,93.509238,5.508364,-14.696590},
{27845,93.577034,5.483220,-14.771290},
{28030,93.604949,5.423001,-14.898311},
{28275,93.635992,5.618197,-14.915904},
{28460,93.454364,5.513269,-14.858942},
{28648,93.396396,5.446322,-14.835097},
{28878,93.485632,5.372488,-14.735541},
{29041,93.396608,5.310762,-14.651970},
{29200,93.489444,5.378704,-14.571932},
{29360,93.480230,5.477052,-14.222030},
{29524,93.491500,5.408095,-13.965906},
{29739,93.545246,5.579527,-13.860561},
{29900,93.591377,5.585523,-13.847794},
{31960,93.236836,4.268918,-13.896651},
{34023,93.087678,3.616998,-14.156267},
{36086,93.354868,3.390338,-14.179245},
{38152,92.879918,3.076792,-14.440403},
{40217,92.775907,3.140238,-14.649161},
{42290,92.804280,2.761621,-14.821082},
{44414,92.991810,3.259032,-14.932296},
{46478,93.303239,3.148715,-14.718373},
{48548,93.184517,3.102293,-15.061026},
{50620,93.539372,3.257361,-14.795093},
{52693,92.817066,2.960871,-15.064228},
{54768,92.930113,2.895260,-15.411458},
{56841,92.699553,3.046606,-15.751980},
{58919,92.777922,3.091019,-15.690317},
{61052,92.899602,3.125241,-16.050904},
{63127,92.824456,3.184019,-16.197824},
{65205,93.025004,2.963100,-15.889088},
{67308,92.947031,3.156580,-16.841266},
{69392,92.900033,2.760837,-15.217303},
{71474,92.746674,2.933052,-15.528145},
{73559,92.818542,3.076403,-15.839157},
{75644,92.846286,2.927030,-16.026610},
{77786,92.432950,2.814025,-14.506366},
{79868,92.511921,3.520072,-16.774405},
{82003,87.458284,-13.111834,-58.172441},
{84061,131.873700,-175.848657,129.704650},
{86121,123.418650,-178.366579,132.234812},
{88181,140.856273,-167.626912,97.458665},
{90239,117.563115,-149.054986,85.901937},
{92298,109.841770,-140.196108,92.375945},
{94415,103.828875,-134.543020,89.503974},
{96476,114.556834,-139.998387,123.691324},
{98541,114.604017,-134.645855,101.662728},
{100618,114.639247,-133.772588,99.331851},
{102683,113.377548,-133.012934,97.451507},
{104765,112.830941,-132.501135,97.289665},
{106836,112.964062,-132.201071,97.099260},
{108906,112.639136,-131.855122,96.770967},
{111033,112.970175,-131.790331,97.197062},
{113102,112.642886,-131.707904,97.038034},
{115174,112.471216,-131.733531,96.790522},
{117245,111.998601,-131.634151,96.208180},
{119316,111.682226,-131.650298,95.762012},
{121392,111.619853,-131.561314,95.477602},
{123470,111.323580,-132.024183,95.113854},
{125550,110.954347,-131.967150,94.816406},
{127681,110.070083,-131.694025,93.572915},
{129761,109.666644,-131.342762,93.104720},
{131841,109.337907,-131.377650,92.805270},
{133922,109.019962,-131.076904,92.543599},
{136004,108.823205,-130.800158,91.972158},
{138092,108.277712,-130.714043,91.447060},
{140179,108.295955,-130.509014,91.194275},
{142263,107.681675,-130.738195,90.305920},
{144399,107.369973,-130.484166,90.075258},
{146530,106.943380,-130.060872,89.211286},
{148584,105.603337,-130.452051,88.845946},
{150640,103.635580,-129.983404,84.471388},
{152697,101.345561,-129.322023,82.657747},
{154757,100.109106,-129.268570,82.013988},
{156820,94.193595,-129.049731,74.607707},
{158894,87.100116,-128.935298,65.923927},
{161012,64.362362,-128.538628,62.900271},
{163074,77.303152,-174.101030,80.480536},
{165135,42.806927,-150.838608,33.782843},
{167200,47.214789,-154.964343,10.634548},
{169277,76.753841,165.304976,-19.778882},
{171342,88.214079,149.513114,4.523709},
{173428,91.983155,139.605037,2.602759},
{175516,89.223553,137.340761,10.274102},
{177638,81.548081,136.856787,19.288084},
{179705,76.608160,136.847457,23.417285},
{181780,72.821462,137.249168,28.146052},
{183868,68.746421,140.126891,28.806029},
{185943,67.967609,145.006173,40.114343},
{188021,68.231875,144.648121,35.333829},
{190097,69.192863,143.063134,33.032554},
{192179,67.281707,147.823216,57.477292},
{194321,60.554640,156.316816,59.451995},
{196401,54.521623,161.787770,62.589613},
{198481,6.962459,-165.780753,70.331961},
{200559,4.967456,-163.767569,65.384260},
{202636,117.860009,17.983364,179.744693},
{204724,92.572265,18.897595,110.258856},
{206809,85.724973,0.339267,103.649610},
{208905,86.054913,7.450444,104.209508},
{211099,85.499051,1.002257,105.541695},
{213153,87.163814,1.228495,104.471063},
{215208,86.974468,0.458496,106.319681},
{217265,86.931991,0.419987,106.414641},
{219323,87.149157,0.412007,106.104182},
{221409,87.156868,0.172217,105.591726},
{223469,87.173554,0.046755,105.965966},
{225532,87.007799,0.045538,106.443273},
{227653,86.875635,0.153984,106.195528},
{229712,87.086401,0.346822,105.347246},
{231775,86.983101,0.550717,104.768811},
{233843,86.905012,0.562340,104.410240},
{235913,87.058916,0.260936,103.676268},
{237980,86.991666,0.170128,103.495329},
{240049,86.784903,-0.144259,103.221514},
{242116,86.662451,-0.057362,103.228406},
{244245,86.601751,-0.094907,103.117258},
{246317,86.786842,0.235314,102.754165},
{248411,86.776529,0.440526,102.425913},
{250486,86.851620,0.481442,101.925383},
{252562,86.847788,0.567848,101.795323},
{254641,86.808945,0.456839,101.363941},
{256746,86.806090,0.454198,100.983466},
{258825,86.832338,0.427676,101.040805},
{260958,87.022504,0.369583,100.493734},
{263041,86.915325,0.474530,100.261310},
{265123,86.872800,0.339849,100.048577},
{267208,87.050631,0.420735,99.701146},
{269288,86.980827,0.158812,99.185548},
{271377,87.275986,0.656871,98.882308},
{273466,87.309973,0.798641,98.610358},
{275603,86.892908,0.512643,98.331911},
{277713,86.925666,0.822301,98.126814},
{279770,87.129438,0.935336,97.996207},
{281838,87.190807,0.541289,97.523791},
{283898,86.719688,0.540315,97.565339},
{285957,86.881967,0.422999,97.649480},
{288021,86.978771,0.496825,97.236260},
{290083,87.054524,0.634766,96.968920},
{292147,87.005087,0.486388,96.388244},
{294274,87.048958,0.598350,96.147425},
{296338,86.842980,0.918718,95.721536},
{298404,86.884350,0.936022,95.402928},
{300472,87.036506,0.940009,94.834267},
{302540,86.804738,0.852221,94.491603},
{304611,86.916281,0.818823,94.356502},
{306680,86.938978,1.033918,93.883006},
{308754,87.351105,0.817015,93.391444},
{309901,86.931943,1.023686,93.351160},
{310089,86.783427,1.040951,93.340300},
{310264,86.680189,1.012691,93.360838},
{310440,86.594518,1.045955,93.274969},
{310613,86.464376,1.121801,93.254724},
{310806,86.380952,1.146295,93.326100},
{310981,86.397993,1.147888,93.380837},
{311162,86.298586,1.085651,93.389907},
{311398,86.198989,1.131102,93.309899},
{311576,86.108796,1.220064,93.098306},
{311761,85.906335,1.286220,93.101810},
{311945,85.885667,1.290037,93.077918},
{312125,85.793665,1.248907,93.153310},
{312339,85.707611,1.305393,93.230675},
{312580,85.515232,1.194582,93.230463},
{312737,85.556869,1.183674,93.173192},
{312954,85.534746,1.367329,93.118913},
{313115,85.522991,1.404127,93.101701},
{313276,85.485999,1.344717,93.082897},
{313436,85.519002,1.266296,93.096851},
{313598,85.561889,1.240451,93.055112},
{313758,85.528783,1.342656,93.070705},
{313920,85.478902,1.306583,93.091852},
{314083,85.421413,1.448192,93.044853},
{314308,85.368547,1.378269,93.075732},
{314474,85.355761,1.386423,93.090834},
{314639,85.388081,1.379014,93.111809},
{314804,85.341704,1.284256,93.077303},
{314973,85.297943,1.275991,92.955227},
{315147,85.337531,1.249436,92.841334},
{315319,85.279160,1.287072,92.736108},
{315511,85.328071,1.174841,92.535492},
{315740,85.247441,0.959237,92.464847},
{315914,85.217688,0.918181,92.502338},
{316093,85.073476,0.872027,92.563536},
{316271,85.069077,0.874083,92.587688},
{316444,85.069760,0.954961,92.632501},
{316621,85.104799,0.882084,92.532794},
{316799,85.123056,0.818552,92.626183},
{316978,84.952855,0.913259,92.629236},
{317216,84.910419,0.872631,92.632494},
{317393,85.145200,1.448182,92.908113},
{317529,89.402429,-7.864641,92.575066},
{317664,91.954058,-20.982549,90.080708},
{317800,91.954058,-20.982549,90.080708},
{317979,92.800544,-21.824792,36.470540},
{318083,92.800544,-21.824792,36.470540},
{318193,86.449479,-11.383933,-153.080672},
{318358,96.817829,-17.566359,110.955173},
{318471,92.175028,-28.421770,54.997086},
{318581,92.175028,-28.421770,54.997086},
{318692,73.599127,-28.529704,-5.767425},
{318803,68.998462,-21.984118,-42.998247},
{318917,66.401139,-19.077687,-77.533890},
{319031,66.401139,-19.077687,-77.533890},
{319149,62.880805,-11.175362,-125.353396},
{319325,66.415769,-3.345996,-169.178158},
{319442,72.968612,-0.090800,152.489670},
{319562,72.968612,-0.090800,152.489670},
{319677,82.134165,-3.685659,113.690637},
{319799,77.981185,-23.197544,61.095065},
{319920,77.981185,-23.197544,61.095065},
{320041,56.582376,-29.680942,26.578068},
{320167,38.079411,-22.352788,3.492131},
{320381,26.739304,-0.845072,-15.494359},
{320507,25.427534,16.049577,-21.824657},
{320632,27.271328,32.463742,-26.137204},
{320762,35.366255,43.572393,-40.423382},
{320890,35.366255,43.572393,-40.423382},
{321015,52.223859,45.260160,-62.761031},
{321147,55.787428,40.111952,-64.512585},
{321281,51.021687,33.531533,-55.978636},
{321472,44.269605,30.008306,-42.185827},
{321609,42.103707,31.830232,-30.117289},
{321744,42.103707,31.830232,-30.117289},
{321879,41.462742,37.937179,-15.185623},
{322062,29.543591,40.007215,-0.867110},
{322167,29.543591,40.007215,-0.867110},
{322276,41.358950,25.801291,-6.873201},
{322382,42.865919,42.971575,-35.804371},
{322547,72.959159,47.647618,-121.088599},
{322657,72.959159,47.647618,-121.088599},
{322767,89.762442,56.370873,152.402749},
{322877,90.124770,64.124282,69.250352},
{322995,109.809764,54.384224,-44.553689},
{323111,109.809764,54.384224,-44.553689},
{323288,84.331820,39.824576,-123.729696},
{323406,84.331820,39.824576,-123.729696},
{323627,62.573747,27.669323,142.252965},
{323747,62.573747,27.669323,142.252965},
{323923,70.953678,23.616591,-70.355579},
{324044,70.953678,23.616591,-70.355579},
{324219,64.459234,30.908208,154.168612},
{324344,64.459234,30.908208,154.168612},
{324515,69.886298,32.728771,159.437338},
{324642,69.886298,32.728771,159.437338},
{324869,71.385804,34.000149,157.645042},
{324994,71.385804,34.000149,157.645042},
{325165,73.833717,35.988646,151.514578},
{325295,73.833717,35.988646,151.514578},
{325467,75.713323,37.115040,152.241160},
{325598,75.713323,37.115040,152.241160},
{325771,77.346141,37.897305,152.734723},
{325904,77.346141,37.897305,152.734723},
{326137,78.507485,38.873291,153.454557},
{326273,78.507485,38.873291,153.454557},
{326454,80.044858,39.513385,154.002420},
{326645,80.044858,39.513385,154.002420},
{326799,81.299878,40.400145,154.936134},
{326908,81.299878,40.400145,154.936134},
{327095,84.702269,42.472565,155.664232},
{327207,84.702269,42.472565,155.664232},
{327425,85.974699,43.279460,156.190129},
{327538,85.974699,43.279460,156.190129},
{327721,89.149186,45.346350,156.538715},
{327835,89.149186,45.346350,156.538715},
{328017,92.128419,47.181253,156.905455},
{328133,92.128419,47.181253,156.905455},
{328313,95.018491,49.069602,157.021213},
{328432,95.018491,49.069602,157.021213},
{328658,96.118862,49.688503,157.303437},
{328780,96.118862,49.688503,157.303437},
{328954,97.852261,51.172095,158.126160},
{329077,97.852261,51.172095,158.126160},
{329250,99.880704,52.880462,158.249869},
{329372,99.880704,52.880462,158.249869},
{329546,102.453753,54.375020,157.959750},
{329674,102.453753,54.375020,157.959750},
{329907,103.432751,54.972538,158.022396},
{330033,103.432751,54.972538,158.022396},
{330207,103.899854,55.170723,158.953802},
{330338,103.899854,55.170723,158.953802},
{330510,105.080418,55.512653,159.040176},
{330641,105.080418,55.512653,159.040176},
{330816,106.370354,55.870353,158.800682},
{330950,106.370354,55.870353,158.800682},
{331184,107.066589,56.334816,158.875541},
{331320,107.066589,56.334816,158.875541},
{331550,107.745319,56.892109,158.933666},
{331656,107.745319,56.892109,158.933666},
{331846,109.875252,57.708029,158.860228},
{331956,109.875252,57.708029,158.860228},
{332142,111.989059,58.513753,158.518158},
{332254,111.989059,58.513753,158.518158},
{332474,113.305325,58.747960,158.302693},
{332589,113.305325,58.747960,158.302693},
{332770,115.885115,59.480839,157.185971},
{332884,115.885115,59.480839,157.185971},
{333066,117.437043,60.513502,156.884500},
{333182,117.437043,60.513502,156.884500},
{333362,119.101109,61.384836,156.468555},
{333479,119.101109,61.384836,156.468555},
{333705,120.560161,61.556971,155.753134},
{333826,120.560161,61.556971,155.753134},
{334001,122.365639,61.843880,154.977375},
{334120,122.365639,61.843880,154.977375},
{334297,124.484050,62.435285,154.141810},
{334424,124.484050,62.435285,154.141810},
{334595,125.372589,62.537806,153.802295},
{334725,125.372589,62.537806,153.802295},
{334956,126.156026,62.477714,153.581557},
{335084,126.156026,62.477714,153.581557},
{335256,125.882080,62.268014,154.503783},
{335389,125.882080,62.268014,154.503783},
{335567,126.240255,61.990162,154.645632},
{335702,126.240255,61.990162,154.645632},
{335880,127.231521,61.946257,154.146646},
{336019,127.231521,61.946257,154.146646},
{336255,127.893448,61.834386,153.903860},
{336439,127.893448,61.834386,153.903860},
{336588,128.231597,61.414254,154.055572},
{336695,128.231597,61.414254,154.055572},
{336884,130.033264,61.673063,153.072722},
{336996,130.033264,61.673063,153.072722},
{337180,131.756193,62.108276,152.160127},
{337295,131.756193,62.108276,152.160127},
{337512,132.294330,61.992928,152.346727},
{337625,132.294330,61.992928,152.346727},
{337808,134.772050,62.215216,150.735650},
{337924,134.772050,62.215216,150.735650},
{338104,136.883165,62.345092,149.356279},
{338224,136.883165,62.345092,149.356279},
{338400,138.870873,62.471028,148.006907},
{338521,138.870873,62.471028,148.006907},
{338745,139.850596,62.358739,147.436013},
{338866,139.850596,62.358739,147.436013},
{339041,140.797397,62.131594,147.247376},
{339166,140.797397,62.131594,147.247376},
{339337,142.346374,62.195634,146.256330},
{339470,142.346374,62.195634,146.256330},
{339642,143.332435,61.927502,145.652896},
{339770,143.332435,61.927502,145.652896},
{340000,143.554758,61.646781,145.681883},
{340130,143.554758,61.646781,145.681883},
{340304,143.520675,61.157507,146.079578},
{340435,143.520675,61.157507,146.079578},
{340614,143.702426,60.806244,146.148508},
{340750,143.702426,60.806244,146.148508},
{340929,143.576450,60.288912,146.596364},
{341064,143.576450,60.288912,146.596364},
{341352,143.987833,59.881395,146.393944},
{341459,143.987833,59.881395,146.393944},
{341648,145.241691,59.310863,145.504189},
{341758,145.241691,59.310863,145.504189},
{341944,146.874489,59.327249,144.150801},
{342052,146.874489,59.327249,144.150801},
{342240,147.621343,59.330991,143.778952},
{342355,147.621343,59.330991,143.778952},
{342575,148.014161,58.928598,143.607746},
{342690,148.014161,58.928598,143.607746},
{342871,149.631372,58.504306,142.277171},
{342988,149.631372,58.504306,142.277171},
{343167,150.878578,58.305473,141.373072},
{343287,150.878578,58.305473,141.373072},
{343463,151.848301,58.325492,140.686515},
{343591,151.848301,58.325492,140.686515},
{343816,151.941410,58.213252,140.717033},
{343939,151.941410,58.213252,140.717033},
{344112,151.916070,57.674213,140.826398},
{344238,151.916070,57.674213,140.826398},
{344408,152.704506,57.527685,140.117765},
{344536,152.704506,57.527685,140.117765},
{344709,152.871559,57.310826,140.075514},
{344838,152.871559,57.310826,140.075514},
{345069,152.262634,57.113915,140.669822},
{345199,152.262634,57.113915,140.669822},
{345376,151.210607,56.847156,141.693845},
{345512,151.210607,56.847156,141.693845},
{345687,150.771932,56.503044,142.151208},
{345824,150.771932,56.503044,142.151208},
{346005,150.872527,55.954621,141.976492},
{346193,150.872527,55.954621,141.976492},
{346403,150.918630,55.464783,141.872987},
{346509,150.918630,55.464783,141.872987},
{346699,152.202474,54.942574,140.855590},
{346806,152.202474,54.942574,140.855590},
{346995,152.803435,54.923904,140.420630},
{347107,152.803435,54.923904,140.420630},
{347291,154.014004,54.819477,139.504196},
{347408,154.014004,54.819477,139.504196},
{347629,154.489699,54.391781,139.132019},
{347744,154.489699,54.391781,139.132019},
{347925,155.335550,53.913999,138.313189},
{348044,155.335550,53.913999,138.313189},
{348221,156.238842,53.575772,137.478089},
{348342,156.238842,53.575772,137.478089},
{348517,156.947871,53.412971,136.640216},
{348641,156.947871,53.412971,136.640216},
{348865,157.108981,53.085986,136.602076},
{348989,157.108981,53.085986,136.602076},
{349161,157.127928,52.394842,136.760331},
{349288,157.127928,52.394842,136.760331},
{349459,157.259423,52.139226,136.551109},
{349589,157.259423,52.139226,136.551109},
{349763,156.364231,51.954138,137.479304},
{349895,156.364231,51.954138,137.479304},
{350121,156.308811,51.685076,137.077211},
{350250,156.308811,51.685076,137.077211},
{350423,156.107785,51.159435,137.035042},
{350556,156.107785,51.159435,137.035042},
{350733,155.481962,50.604240,137.535052},
{350870,155.481962,50.604240,137.535052},
{351102,155.021429,50.100203,137.948361},
{351208,155.021429,50.100203,137.948361},
{351474,154.855511,49.078440,138.149619},
{351581,154.855511,49.078440,138.149619},
{351770,155.658727,48.969144,137.317811},
{351881,155.658727,48.969144,137.317811},
{352066,156.676739,48.784783,136.436539},
{352182,156.676739,48.784783,136.436539},
{352362,157.463427,48.610473,135.622709},
{352481,157.463427,48.610473,135.622709},
{352702,157.475475,48.385497,135.550104},
{352816,157.475475,48.385497,135.550104},
{352998,157.970295,47.976147,135.106333},
{353118,157.970295,47.976147,135.106333},
{353294,158.738733,47.651730,134.512912},
{353415,158.738733,47.651730,134.512912},
{353590,159.234809,47.528257,134.056382},
{353713,159.234809,47.528257,134.056382},
{353936,159.295953,47.180922,133.989460},
{354059,159.295953,47.180922,133.989460},
{354232,159.455861,46.765673,133.875683},
{354359,159.455861,46.765673,133.875683},
{354530,159.814911,46.461027,133.436611},
{354660,159.814911,46.461027,133.436611},
{354835,159.398474,45.892939,133.697934},
{354970,159.398474,45.892939,133.697934},
{355200,159.368312,45.222051,133.779555},
{355333,159.368312,45.222051,133.779555},
{355509,158.548676,44.772754,134.492463},
{355644,158.548676,44.772754,134.492463},
{355823,157.969394,44.340410,135.085897},
{356009,157.969394,44.340410,135.085897},
{356163,157.844852,43.479697,135.292182},
{356272,157.844852,43.479697,135.292182},
{356485,157.940926,42.862558,135.113723},
{356594,157.940926,42.862558,135.113723},
{356781,158.619778,42.455267,134.757078},
{356894,158.619778,42.455267,134.757078},
{357077,159.323192,42.248306,134.053760},
{357192,159.323192,42.248306,134.053760},
{357373,160.278353,41.820227,133.233222},
{357491,160.278353,41.820227,133.233222},
{357710,160.282683,41.582079,133.193729},
{357828,160.282683,41.582079,133.193729},
{358006,160.339510,41.075894,133.043506},
{358128,160.339510,41.075894,133.043506},
{358302,161.283811,40.591060,132.233337},
{358427,161.283811,40.591060,132.233337},
{358598,162.036676,40.193119,131.603689},
{358724,162.036676,40.193119,131.603689},
{358951,162.153294,39.836296,131.394876},
{359076,162.153294,39.836296,131.394876},
{359249,161.890851,39.099367,131.710499},
{359380,161.890851,39.099367,131.710499},
{359555,161.647027,38.518377,131.930746},
{359686,161.647027,38.518377,131.930746},
{359864,161.585323,37.847898,131.945103},
{359998,161.585323,37.847898,131.945103},
{360231,161.498908,37.243294,131.854398},
{360364,161.498908,37.243294,131.854398},
{360540,161.004347,36.507819,132.187943},
{360674,161.004347,36.507819,132.187943},
{360903,160.894641,36.006589,132.022789},
{361010,160.894641,36.006589,132.022789},
{361199,161.545080,35.489096,131.440598},
{361310,161.545080,35.489096,131.440598},
{361526,161.165226,35.217763,131.700582},
{361636,161.165226,35.217763,131.700582},
{362710,164.542522,35.046903,124.984826},
{363773,148.850818,60.655741,136.127446},
{364834,143.898958,106.398071,112.503707},
{365897,123.320951,161.979125,125.994437},
{366962,126.042576,-154.042486,111.009459},
{368029,136.356722,-128.344623,106.342166},
{369158,161.758455,-115.078401,128.714437},
{370227,14.736456,-52.268846,-13.152224},
{371299,31.567481,-44.489626,13.115100},
{372468,26.472174,-39.848693,6.026611},
{373543,30.299822,-33.460448,0.187252},
{374617,147.965325,-154.976678,-166.183379},
{375786,74.071113,155.890885,-108.002353},
{376862,28.844288,138.360713,-87.610980},
{377999,176.745229,43.638502,65.655480},
{379167,151.449131,36.083097,91.857015},
{380243,122.393616,20.383086,120.080490},
{381323,114.381647,3.780301,130.075502},
{382492,111.811488,-9.604444,125.989014},
{383570,112.196949,-16.780011,128.050980},
{384651,108.239217,-22.420265,128.311032},
{385820,110.516627,-9.964638,118.076540},
{387004,110.988088,-13.800172,87.498412},
{388089,114.674382,-19.242227,44.046193},
{389177,95.766315,-14.394494,56.038601},
{390345,91.082246,-25.999894,67.899136},
{391402,79.519098,-29.416976,61.423236},
{392462,73.498293,-24.653918,58.861293},
{393522,94.699364,-16.136698,71.575881},
{394582,74.751974,4.949859,-138.390274},
{395703,86.982746,16.677816,-139.803071},
{396763,83.516036,-6.716820,-139.054168},
{397827,56.103618,-17.455190,-98.952885},
{398892,66.455200,-18.812624,-107.271235},
{399958,69.065247,-28.841461,-105.567916},
{401025,90.416514,-22.140644,-117.136679},
{402094,102.348083,-23.660943,-121.527097},
{403163,107.053626,-25.366894,-118.800007},
{404293,110.081005,-32.159515,-98.132968},
{405361,129.883205,-34.772821,-96.700657},
{406430,116.461310,-54.749895,-80.809095},
{407502,92.093858,-66.275060,-98.176442},
{408574,120.516530,-44.256013,-51.547964},
{409742,177.650461,-44.735253,-83.549346},
{410821,149.818601,-65.573361,-140.403185},
{411900,149.004210,-60.251797,153.024624},
{413036,157.701787,-56.736869,110.465961},
{414113,157.640670,-60.763480,111.276766},
{415189,157.826875,-62.463118,115.308087},
{416359,163.489211,-83.994326,132.774288},
{417441,170.314346,-84.398298,137.685057},
{418524,41.652372,-103.582605,89.518782},
{419694,141.882263,-64.103429,-178.583916},
{420779,136.373019,-44.042054,136.364617},
{421921,132.191741,-23.869771,135.629170},
{423090,134.046069,-20.597282,-67.739760},
{424241,150.772068,-13.027463,-53.492706},
{425297,152.326988,11.105314,-84.832548},
{426354,164.390673,7.204279,-125.939604},
{427410,167.731401,3.525384,-120.332879},
{428519,168.807128,-0.890653,-129.269499},
{429583,18.861885,172.086561,97.985074},
{430767,34.861566,-174.742276,141.639914},
{431832,30.749710,-161.377112,121.235981},
{432894,26.378238,-154.056433,102.399323},
{433960,22.097124,-150.562013,89.610839},
{435023,19.223525,-148.319730,80.130823},
{436092,16.915816,-147.536744,73.372235},
{437163,14.559363,-147.238306,68.142864},
{438331,12.913162,-146.879502,65.000247},
{439515,11.643550,-146.871429,62.595733},
{440586,10.573514,-147.253510,60.417244},
{441658,10.105903,-147.337945,59.601180},
{442826,9.498876,-147.913074,58.875766},
{443900,12.271788,-146.572308,58.468250},
{444976,7.857806,-144.098400,127.703009},
{446055,27.324689,-146.324058,139.439254},
{447135,96.807358,-143.488163,114.210230},
{448269,111.472533,-119.903780,27.420435},
{449348,124.607526,-145.714163,-44.786206},
{450429,97.487966,-121.592708,-103.535600},
{451510,73.912633,-78.600417,105.434782},
{452686,74.301817,-63.723671,101.948968},
{453770,110.910825,-38.455533,-59.231243},
{454852,107.066057,-54.320829,-74.738259},
{455937,139.523990,-37.625914,-37.446782},
{457070,56.890391,-49.878327,-173.983264},
{458209,53.964256,-50.923585,-141.536901},
