checksum, eulerx, eulery, euler z, accelx, accely, accel z, gyro x, gyro y, gyro z, altitude, vvel, lyra uptime, errorflag MP, errorflag NAV, state, uptime reciver, dataage,checksum2
AB,88.235498,-179.335796,122.040017,0.210000,-0.090000,9.940000,0.000000,0.010000,0.010000,0.110000,0.270000,513184,1,1,0,8623,3,CD
AB,88.235498,-179.335796,122.040017,0.200000,-0.120000,9.930000,0.000000,0.030000,0.000000,0.100000,-0.220000,513720,1,1,0,9159,3,CD
AB,88.808456,-179.335796,122.040017,0.220000,-0.110000,9.940000,0.000000,0.020000,0.000000,0.110000,-0.220000,514257,1,1,0,9695,3,CD
AB,88.235498,-179.335796,122.040017,0.190000,-0.090000,9.940000,-0.020000,0.000000,0.000000,0.100000,0.230000,514793,1,1,0,10232,4,CD
AB,88.235498,-179.335796,122.040017,0.180000,-0.080000,9.940000,0.000000,0.000000,-0.010000,0.110000,-0.180000,515329,1,1,0,10767,3,CD
AB,88.808456,-179.335796,121.467046,0.210000,-0.090000,9.960000,0.000000,0.000000,0.000000,0.100000,-0.240000,515865,1,1,0,11303,3,CD
AB,88.235498,-179.335796,121.467046,0.220000,-0.110000,9.940000,0.000000,-0.010000,0.000000,0.080000,-1.110000,516402,1,1,0,11841,4,CD
AB,88.235498,-179.335796,121.467046,0.200000,-0.060000,9.940000,0.000000,0.000000,0.000000,0.110000,0.900000,516938,1,1,0,12377,4,CD
AB,88.235498,-179.908754,121.467046,0.210000,-0.080000,9.930000,0.000000,-0.010000,0.000000,0.100000,-0.110000,517474,1,1,0,12913,3,CD
AB,88.808456,-179.335796,121.467046,0.190000,-0.090000,9.930000,0.000000,0.000000,0.000000,0.100000,-0.260000,518010,1,1,0,13448,3,CD
AB,88.235498,-179.335796,120.894089,0.180000,-0.100000,9.940000,0.000000,0.010000,0.000000,0.090000,0.600000,518547,1,1,0,13985,3,CD
AB,88.235498,-179.908754,120.894089,0.170000,-0.060000,9.940000,0.000000,0.000000,0.010000,0.090000,-0.250000,519083,1,1,0,14522,4,CD
AB,88.235498,-179.335796,120.894089,0.210000,-0.120000,9.950000,0.000000,-0.010000,-0.020000,0.100000,0.020000,519619,1,1,0,15058,3,CD
AB,88.235498,-179.908754,120.894089,0.190000,-0.090000,9.950000,0.000000,0.000000,0.000000,0.090000,-0.830000,520155,1,1,0,15594,3,CD
AB,88.808456,-179.335796,120.894089,0.200000,-0.100000,9.940000,0.000000,0.000000,0.000000,0.110000,-0.150000,520692,1,1,0,16129,3,CD
AB,88.235498,-179.335796,120.894089,0.180000,-0.110000,9.930000,0.010000,0.000000,0.000000,0.090000,-0.320000,521228,1,1,0,16667,4,CD
AB,88.235498,-179.335796,120.894089,0.180000,-0.100000,9.940000,0.000000,-0.030000,0.010000,0.100000,0.700000,521764,1,1,0,17202,3,CD
AB,88.235498,-179.335796,120.321132,0.180000,-0.090000,9.930000,0.000000,-0.020000,0.000000,0.120000,0.540000,522300,1,1,0,17739,3,CD
AB,88.235498,-179.908754,120.321132,0.200000,-0.080000,9.930000,-0.010000,0.000000,-0.010000,0.100000,-0.330000,522837,1,1,0,18276,3,CD
AB,88.808456,-179.335796,120.321132,0.190000,-0.100000,9.940000,-0.010000,0.020000,-0.010000,0.090000,-0.290000,523374,1,1,0,18812,4,CD
AB,88.235498,-179.335796,120.321132,0.180000,-0.050000,9.940000,0.000000,-0.020000,0.020000,0.100000,-0.400000,523909,1,1,0,19348,4,CD
AB,88.235498,-179.335796,120.321132,0.200000,-0.070000,9.940000,0.000000,0.000000,0.000000,0.110000,0.410000,524446,1,1,0,19884,3,CD
AB,88.235498,-179.335796,120.321132,0.200000,-0.080000,9.940000,0.010000,0.000000,0.000000,0.110000,0.080000,524982,1,1,0,20420,3,CD
AB,88.235498,-179.335796,120.321132,0.180000,-0.080000,9.930000,0.000000,0.000000,-0.010000,0.100000,0.080000,525518,1,1,0,20957,4,CD
AB,88.235498,-179.335796,120.321132,0.170000,-0.100000,9.950000,0.000000,-0.020000,0.000000,0.100000,0.100000,526054,1,1,0,21493,3,CD
AB,88.235498,-179.908754,120.321132,0.190000,-0.120000,9.930000,0.000000,0.010000,-0.010000,0.110000,0.100000,526590,1,1,0,22029,3,CD
AB,88.235498,-179.908754,120.321132,0.200000,-0.100000,9.930000,0.000000,0.000000,0.000000,0.070000,-1.190000,527126,1,1,0,22564,3,CD
AB,88.235498,-179.335796,120.321132,0.200000,-0.060000,9.940000,0.000000,0.000000,0.000000,0.100000,-0.270000,527662,1,1,0,23101,4,CD
AB,88.235498,-179.908754,120.321132,0.190000,-0.090000,9.940000,0.000000,-0.010000,0.000000,0.120000,0.170000,528198,1,1,0,23636,4,CD
AB,88.235498,-179.335796,119.748174,0.190000,-0.060000,9.940000,0.000000,0.010000,0.000000,0.090000,-0.600000,528734,1,1,0,24173,3,CD
AB,88.808456,-179.335796,119.748174,0.190000,-0.080000,9.940000,0.000000,0.010000,-0.010000,0.110000,0.050000,529271,1,1,0,24710,3,CD
AB,88.235498,-179.335796,119.748174,0.180000,-0.080000,9.920000,0.000000,0.010000,0.000000,0.120000,0.370000,529807,1,1,0,25246,4,CD
AB,88.235498,-179.335796,119.175217,0.180000,-0.090000,9.940000,0.000000,-0.020000,0.000000,0.100000,-1.020000,530343,1,1,0,25782,4,CD
AB,88.235498,-179.335796,119.175217,0.190000,-0.090000,9.940000,0.000000,0.000000,0.000000,0.110000,0.190000,530879,1,1,0,26318,3,CD
AB,88.235498,-179.908754,119.175217,0.180000,-0.080000,9.920000,0.000000,0.000000,0.000000,0.090000,-0.210000,531417,1,1,0,26855,3,CD
AB,88.235498,-179.335796,119.175217,0.190000,-0.080000,9.940000,-0.010000,0.000000,-0.020000,0.080000,-0.520000,531952,1,1,0,27392,4,CD
AB,88.808456,-179.908754,119.175217,0.200000,-0.090000,9.940000,0.000000,0.030000,-0.010000,0.100000,0.030000,532488,1,1,0,27927,4,CD
AB,88.235498,-179.335796,118.602260,0.190000,-0.080000,9.940000,0.000000,0.000000,0.000000,0.080000,-0.350000,532821,1,1,0,28466,3,CD
AB,88.235498,-179.908754,118.602260,0.200000,-0.060000,9.940000,0.000000,0.000000,-0.010000,0.090000,-0.510000,533564,1,1,0,29002,3,CD
AB,88.235498,-179.335796,118.602260,0.190000,-0.080000,9.940000,0.010000,0.000000,0.010000,0.090000,-0.030000,534100,1,1,0,29539,4,CD
AB,88.235498,-179.908754,118.602260,0.190000,-0.080000,9.940000,0.000000,0.000000,0.000000,0.100000,-0.440000,534636,1,1,0,30074,4,CD
AB,88.235498,-179.335796,118.602260,0.190000,-0.070000,9.940000,0.000000,-0.010000,0.000000,0.080000,-1.200000,535172,1,1,0,30611,3,CD
AB,88.808456,-179.908754,118.602260,0.180000,-0.100000,9.950000,0.000000,0.020000,0.000000,0.090000,-0.240000,535708,1,1,0,31147,3,CD
AB,88.235498,-179.335796,118.602260,0.190000,-0.110000,9.950000,0.000000,-0.040000,0.000000,0.100000,0.280000,536246,1,1,0,31684,4,CD
AB,88.235498,-179.908754,118.602260,0.210000,-0.080000,9.930000,-0.010000,0.010000,0.010000,0.100000,0.580000,536782,1,1,0,32221,3,CD
AB,88.235498,-179.908754,118.602260,0.190000,-0.060000,9.930000,0.000000,0.000000,0.000000,0.090000,-0.290000,537318,1,1,0,32757,3,CD
AB,88.235498,-179.908754,118.602260,0.210000,-0.070000,9.940000,0.000000,-0.010000,0.000000,0.110000,0.300000,537855,1,1,0,33293,3,CD
AB,88.235498,-179.335796,118.602260,0.200000,-0.050000,9.940000,0.000000,0.000000,0.000000,0.100000,-0.160000,538392,1,1,0,33831,4,CD
AB,88.235498,-179.335796,118.602260,0.190000,-0.070000,9.950000,0.010000,0.000000,0.000000,0.100000,-0.310000,538928,1,1,0,34367,3,CD
AB,88.235498,-179.335796,118.602260,0.180000,-0.080000,9.930000,0.000000,0.000000,0.000000,0.070000,-0.540000,539464,1,1,0,34903,3,CD
AB,88.235498,179.908754,118.602260,0.190000,-0.090000,9.930000,0.000000,-0.010000,0.000000,0.090000,-0.240000,540001,1,1,0,35439,3,CD
AB,88.235498,-179.908754,118.602260,0.190000,-0.070000,9.920000,0.000000,0.010000,0.000000,0.110000,0.330000,540537,1,1,0,35976,4,CD
AB,88.235498,-179.335796,118.029303,0.190000,-0.100000,9.930000,0.010000,0.000000,0.000000,0.080000,-0.130000,541073,1,1,0,36512,3,CD
AB,88.235498,-179.335796,118.029303,0.180000,-0.070000,9.940000,0.000000,0.030000,-0.010000,0.100000,0.150000,541609,1,1,0,37047,3,CD
AB,88.235498,-179.335796,118.029303,0.210000,-0.090000,9.950000,0.000000,0.010000,0.000000,0.100000,0.110000,542147,1,1,0,37585,3,CD
AB,88.235498,-179.908754,118.029303,0.210000,-0.090000,9.940000,0.000000,-0.010000,-0.010000,0.090000,-0.400000,542682,1,1,0,38121,4,CD
AB,88.235498,-179.908754,118.029303,0.190000,-0.110000,9.940000,0.000000,0.000000,0.000000,0.100000,0.370000,543219,1,1,0,38657,3,CD
AB,88.235498,-179.908754,118.029303,0.180000,-0.080000,9.930000,0.000000,0.000000,-0.010000,0.110000,0.560000,543754,1,1,0,39193,3,CD
AB,88.235498,-179.335796,118.029303,0.190000,-0.060000,9.940000,0.000000,0.000000,0.000000,0.080000,-1.090000,544290,1,1,0,39729,4,CD
AB,88.235498,-179.335796,118.029303,0.200000,-0.070000,9.940000,0.000000,0.010000,0.000000,0.110000,0.980000,544827,1,1,0,40265,4,CD
AB,88.235498,179.335796,118.029303,0.200000,-0.080000,9.940000,-0.010000,0.010000,-0.010000,0.090000,0.010000,545362,1,1,0,40800,3,CD
AB,88.235498,179.908754,118.029303,0.200000,-0.100000,9.940000,0.000000,0.010000,0.000000,0.080000,-0.090000,545898,1,1,0,41337,3,CD
AB,88.235498,-179.335796,118.029303,0.190000,-0.080000,9.930000,0.010000,-0.030000,0.000000,0.080000,-0.620000,546436,1,1,0,41875,4,CD
AB,88.808456,-179.908754,118.029303,0.190000,-0.100000,9.940000,0.030000,0.000000,0.000000,0.050000,-1.320000,546972,1,1,0,42411,3,CD
AB,88.235498,-179.335796,118.029303,0.200000,-0.100000,9.940000,0.000000,0.000000,0.000000,0.090000,-0.150000,547509,1,1,0,42948,3,CD
AB,88.235498,-179.908754,118.029303,0.210000,-0.070000,9.950000,0.000000,0.000000,0.000000,0.090000,0.110000,548046,1,1,0,43483,3,CD
AB,88.235498,179.908754,118.029303,0.200000,-0.060000,9.950000,-0.010000,0.000000,0.010000,0.100000,0.150000,548582,1,1,0,44021,4,CD
AB,88.235498,-179.335796,118.029303,0.200000,-0.050000,9.960000,0.000000,-0.010000,0.000000,0.080000,-0.790000,549120,1,1,0,44557,3,CD
AB,88.235498,179.908754,117.456345,0.200000,-0.100000,9.940000,0.000000,0.010000,-0.010000,0.090000,0.400000,549655,1,1,0,45094,3,CD
AB,88.235498,-179.908754,117.456345,0.190000,-0.090000,9.940000,0.000000,0.010000,0.010000,0.090000,-0.430000,550191,1,1,0,45631,4,CD
AB,88.235498,-179.908754,117.456345,0.180000,-0.100000,9.940000,0.000000,0.000000,0.000000,0.080000,-0.500000,550727,1,1,0,46166,4,CD
AB,88.808456,-179.908754,117.456345,0.200000,-0.060000,9.930000,0.000000,0.030000,0.000000,0.070000,-1.260000,551263,1,1,0,46702,3,CD
AB,88.808456,-179.335796,117.456345,0.200000,-0.070000,9.940000,0.000000,0.030000,0.010000,0.100000,0.440000,551799,1,1,0,47237,3,CD
AB,88.235498,-179.908754,117.456345,0.190000,-0.110000,9.940000,-0.010000,0.000000,0.000000,0.080000,0.270000,552336,1,1,0,47775,4,CD
AB,88.235498,-179.335796,117.456345,0.200000,-0.090000,9.930000,0.000000,-0.020000,0.000000,0.080000,0.190000,552872,1,1,0,48311,3,CD
AB,88.235498,-179.335796,117.456345,0.200000,-0.070000,9.950000,0.000000,-0.010000,0.000000,0.100000,0.340000,553409,1,1,0,48848,3,CD
AB,88.235498,-179.908754,117.456345,0.190000,-0.100000,9.940000,0.010000,0.010000,0.000000,0.080000,-0.070000,553945,1,1,0,49384,3,CD
AB,88.235498,179.908754,117.456345,0.180000,-0.100000,9.940000,0.000000,0.010000,0.000000,0.080000,-0.330000,554481,1,1,0,49920,4,CD
AB,88.235498,-179.908754,117.456345,0.200000,-0.090000,9.940000,0.000000,0.000000,-0.010000,0.110000,0.900000,555019,1,1,0,50457,3,CD
AB,88.235498,179.908754,117.456345,0.200000,-0.100000,9.940000,0.000000,0.000000,0.000000,0.080000,-0.890000,555555,1,1,0,50994,3,CD
AB,88.235498,-179.908754,116.883388,0.190000,-0.070000,9.960000,0.000000,0.000000,0.000000,0.090000,-0.900000,556091,1,1,0,51530,4,CD
AB,88.235498,-179.335796,116.883388,0.200000,-0.090000,9.940000,0.000000,0.010000,0.000000,0.070000,-0.800000,556627,1,1,0,52067,4,CD
AB,88.235498,-179.908754,116.883388,0.190000,-0.090000,9.940000,0.000000,-0.010000,0.000000,0.100000,0.720000,557163,1,1,0,52602,3,CD
AB,88.235498,-179.908754,116.883388,0.190000,-0.070000,9.940000,0.000000,0.000000,0.000000,0.090000,-0.310000,557701,1,1,0,53139,3,CD
AB,88.235498,-179.335796,116.883388,0.200000,-0.080000,9.940000,0.000000,0.000000,0.000000,0.100000,0.510000,558236,1,1,0,53675,4,CD
AB,88.235498,-179.335796,116.310431,0.200000,-0.080000,9.940000,0.000000,0.000000,0.000000,0.090000,-0.110000,558772,1,1,0,54211,3,CD
AB,88.808456,-179.908754,116.310431,0.190000,-0.070000,9.940000,0.000000,0.000000,0.000000,0.090000,-0.300000,559309,1,1,0,54747,3,CD
AB,88.235498,179.908754,116.310431,0.200000,-0.060000,9.940000,0.000000,0.010000,-0.010000,0.080000,-0.590000,559846,1,1,0,55284,4,CD
AB,88.235498,179.908754,116.310431,0.200000,-0.050000,9.940000,0.000000,0.000000,0.010000,0.070000,-0.620000,560381,1,1,0,55820,4,CD
AB,88.808456,-179.335796,116.310431,0.180000,-0.090000,9.940000,0.000000,0.000000,0.000000,0.090000,0.630000,560919,1,1,0,56357,3,CD
AB,88.235498,-179.908754,116.310431,0.190000,-0.090000,9.950000,0.000000,-0.010000,0.000000,0.070000,0.660000,561455,1,1,0,56894,3,CD
AB,88.235498,-179.908754,116.310431,0.180000,-0.110000,9.940000,0.000000,0.000000,-0.010000,0.080000,-0.140000,561991,1,1,0,57430,4,CD
AB,88.808456,179.908754,116.310431,0.200000,-0.070000,9.930000,0.000000,0.020000,0.000000,0.060000,-0.380000,562527,1,1,0,57966,4,CD
AB,88.808456,179.908754,116.310431,0.220000,-0.080000,9.930000,0.000000,0.000000,0.000000,0.070000,-0.800000,563063,1,1,0,58502,3,CD
AB,88.235498,-179.908754,116.310431,0.210000,-0.050000,9.950000,0.000000,-0.010000,0.000000,0.080000,0.450000,563599,1,1,0,59037,3,CD
AB,88.235498,-179.335796,115.737474,0.210000,-0.090000,9.950000,0.000000,0.000000,-0.010000,0.070000,-0.120000,564135,1,1,0,59575,4,CD
AB,88.235498,179.908754,115.737474,0.190000,-0.080000,9.940000,-0.010000,0.010000,-0.010000,0.090000,0.340000,564671,1,1,0,60110,3,CD
AB,88.808456,-179.335796,115.737474,0.200000,-0.080000,9.950000,0.000000,0.000000,0.000000,0.090000,1.160000,565207,1,1,0,60646,3,CD
AB,88.235498,-179.908754,115.737474,0.200000,-0.080000,9.940000,0.000000,0.020000,0.000000,0.090000,-0.030000,565743,1,1,0,61181,3,CD
AB,88.808456,-179.335796,115.737474,0.190000,-0.080000,9.950000,0.000000,0.020000,0.000000,0.090000,0.370000,566279,1,1,0,61718,4,CD
AB,88.235498,-179.908754,115.737474,0.190000,-0.100000,9.920000,0.000000,0.010000,0.000000,0.070000,-0.370000,566816,1,1,0,62254,3,CD
AB,88.235498,179.908754,115.164516,0.190000,-0.080000,9.940000,0.000000,0.000000,0.000000,0.070000,-0.230000,567351,1,1,0,62790,3,CD
AB,88.235498,-179.335796,115.164516,0.200000,-0.080000,9.930000,0.000000,-0.010000,0.000000,0.070000,-0.580000,567887,1,1,0,63327,4,CD
AB,88.235498,-179.335796,115.164516,0.190000,-0.080000,9.920000,0.010000,-0.020000,0.000000,0.070000,-0.310000,568423,1,1,0,63862,4,CD
AB,88.235498,179.908754,115.164516,0.190000,-0.090000,9.930000,-0.010000,-0.010000,-0.010000,0.080000,0.760000,568959,1,1,0,64398,3,CD
AB,88.235498,179.908754,115.164516,0.190000,-0.080000,9.930000,0.000000,0.020000,-0.010000,0.080000,0.280000,569496,1,1,0,64935,3,CD
AB,88.235498,-179.335796,115.164516,0.190000,-0.090000,9.950000,0.000000,-0.020000,0.000000,0.060000,-0.310000,570033,1,1,0,65472,4,CD
AB,88.235498,-179.908754,115.164516,0.190000,-0.080000,9.930000,-0.010000,0.000000,0.000000,0.070000,0.690000,570569,1,1,0,66008,4,CD
AB,88.235498,179.908754,114.591559,0.210000,-0.100000,9.950000,0.000000,0.000000,-0.010000,0.070000,-0.440000,571105,1,1,0,66544,3,CD
AB,88.235498,179.335796,114.591559,0.190000,-0.090000,9.930000,0.000000,0.010000,-0.010000,0.080000,1.130000,571641,1,1,0,67080,3,CD
AB,88.808456,-179.908754,114.591559,0.200000,-0.070000,9.940000,0.000000,0.000000,0.000000,0.060000,-0.310000,572177,1,1,0,67617,4,CD
AB,88.235498,-179.335796,114.018602,0.200000,-0.080000,9.930000,0.000000,0.000000,0.000000,0.060000,-0.060000,572713,1,1,0,68152,4,CD
AB,88.235498,179.335796,114.018602,0.190000,-0.080000,9.950000,0.000000,0.030000,0.000000,0.080000,0.550000,573249,1,1,0,68688,3,CD
AB,88.235498,-179.908754,114.018602,0.200000,-0.080000,9.920000,0.000000,-0.010000,0.000000,0.070000,-0.550000,573785,1,1,0,69223,3,CD
AB,88.235498,179.335796,114.018602,0.200000,-0.080000,9.940000,0.000000,0.020000,0.000000,0.070000,1.120000,574322,1,1,0,69762,4,CD
AB,88.235498,-179.335796,114.018602,0.190000,-0.100000,9.940000,0.010000,-0.030000,0.000000,0.050000,-0.200000,574858,1,1,0,70297,3,CD
AB,88.235498,179.908754,114.018602,0.200000,-0.110000,9.940000,-0.010000,-0.010000,-0.010000,0.050000,-0.730000,575394,1,1,0,70833,3,CD
AB,88.235498,-179.908754,114.018602,0.180000,-0.110000,9.940000,-0.020000,0.000000,0.000000,0.070000,0.600000,575930,1,1,0,71370,4,CD
AB,88.235498,179.908754,114.018602,0.190000,-0.060000,9.940000,-0.010000,-0.020000,0.000000,0.080000,0.810000,576467,1,1,0,71906,4,CD
AB,88.235498,179.908754,114.018602,0.210000,-0.070000,9.940000,0.000000,0.000000,0.000000,0.060000,-0.340000,577003,1,1,0,72442,3,CD
AB,88.808456,179.908754,114.018602,0.200000,-0.100000,9.950000,0.000000,0.020000,0.000000,0.070000,-0.070000,577539,1,1,0,72977,3,CD
AB,88.235498,-179.335796,114.018602,0.200000,-0.120000,9.930000,0.000000,0.000000,0.000000,0.070000,0.490000,578075,1,1,0,73514,4,CD
AB,88.235498,-179.908754,114.018602,0.200000,-0.100000,9.950000,0.000000,0.000000,0.000000,0.080000,-0.020000,578611,1,1,0,74051,3,CD
AB,88.235498,-179.908754,114.018602,0.200000,-0.090000,9.940000,0.010000,-0.010000,0.000000,0.060000,-0.020000,579147,1,1,0,74586,3,CD
AB,88.808456,179.908754,114.018602,0.200000,-0.090000,9.930000,0.000000,0.000000,0.000000,0.070000,-0.060000,579683,1,1,0,75122,3,CD
AB,88.235498,179.908754,114.018602,0.190000,-0.050000,9.930000,0.000000,-0.010000,0.000000,0.070000,0.500000,580219,1,1,0,75659,4,CD
AB,88.235498,179.908754,114.018602,0.190000,-0.050000,9.930000,0.000000,-0.010000,0.010000,0.060000,-0.680000,580756,1,1,0,76195,3,CD
AB,88.235498,-179.908754,114.018602,0.190000,-0.080000,9.920000,0.000000,-0.010000,0.000000,0.060000,-0.140000,581292,1,1,0,76731,3,CD
AB,88.235498,179.908754,114.018602,0.190000,-0.070000,9.930000,0.000000,0.000000,0.000000,0.090000,0.870000,581828,1,1,0,77267,4,CD
AB,88.235498,179.908754,114.591559,0.190000,-0.090000,9.930000,0.000000,0.010000,0.000000,0.060000,-0.540000,582364,1,1,0,77803,4,CD
AB,88.235498,179.335796,114.591559,0.190000,-0.060000,9.930000,0.000000,0.020000,0.000000,0.070000,-0.170000,582901,1,1,0,78340,3,CD
AB,88.235498,179.908754,114.018602,0.210000,-0.080000,9.950000,0.000000,0.020000,0.000000,0.070000,-0.050000,583437,1,1,0,78876,3,CD
AB,88.235498,179.335796,114.018602,0.170000,-0.110000,9.940000,0.000000,0.010000,0.000000,0.070000,-0.230000,583971,1,1,0,79513,4,CD
AB,88.808456,179.335796,114.018602,0.200000,-0.100000,9.950000,0.000000,0.000000,0.000000,0.070000,0.310000,584611,1,1,0,80050,3,CD
AB,88.808456,-179.335796,114.018602,0.200000,-0.080000,9.960000,0.000000,0.000000,-0.010000,0.060000,0.130000,585147,1,1,0,80585,3,CD
AB,88.235498,179.908754,114.018602,0.200000,-0.070000,9.940000,0.000000,-0.010000,0.000000,0.090000,0.670000,585684,1,1,0,81122,4,CD
AB,88.235498,179.335796,113.445645,0.200000,-0.100000,9.940000,-0.010000,0.000000,0.000000,0.070000,0.210000,586219,1,1,0,81659,3,CD
AB,88.808456,-179.908754,113.445645,0.200000,-0.090000,9.930000,0.000000,0.000000,0.000000,0.080000,0.550000,586755,1,1,0,82194,3,CD
AB,88.235498,179.908754,113.445645,0.210000,-0.100000,9.940000,0.000000,0.000000,0.000000,0.060000,-0.020000,587291,1,1,0,82731,4,CD
AB,88.235498,179.335796,113.445645,0.210000,-0.090000,9.930000,0.000000,0.000000,0.000000,0.080000,0.490000,587827,1,1,0,83266,4,CD
AB,88.235498,179.335796,113.445645,0.200000,-0.070000,9.930000,-0.010000,0.000000,0.000000,0.060000,-0.810000,588363,1,1,0,83803,3,CD
AB,88.235498,-179.908754,113.445645,0.180000,-0.080000,9.950000,0.000000,0.000000,0.000000,0.050000,-0.170000,588900,1,1,0,84339,3,CD
AB,88.235498,179.335796,112.872687,0.190000,-0.090000,9.940000,0.000000,-0.010000,0.000000,0.080000,0.440000,589436,1,1,0,84875,4,CD
AB,88.235498,179.335796,112.872687,0.190000,-0.080000,9.930000,0.000000,0.030000,0.000000,0.070000,0.090000,589973,1,1,0,85412,3,CD
AB,88.235498,179.335796,112.872687,0.200000,-0.090000,9.940000,-0.010000,0.000000,0.000000,0.060000,-0.280000,590509,1,1,0,85948,3,CD
AB,88.235498,179.908754,112.872687,0.200000,-0.100000,9.940000,0.000000,0.000000,0.000000,0.070000,0.400000,591046,1,1,0,86485,3,CD
AB,88.808456,179.908754,112.872687,0.190000,-0.070000,9.930000,0.000000,0.010000,-0.010000,0.070000,0.700000,591582,1,1,0,87021,4,CD
AB,88.808456,179.335796,112.872687,0.210000,-0.070000,9.950000,0.000000,0.010000,0.010000,0.070000,0.260000,592118,1,1,0,87557,3,CD
AB,88.235498,179.335796,112.872687,0.200000,-0.090000,9.940000,-0.010000,0.010000,0.000000,0.050000,-0.220000,592654,1,1,0,88093,3,CD
AB,88.235498,-179.335796,112.872687,0.190000,-0.100000,9.910000,0.000000,-0.040000,0.000000,0.070000,0.000000,593190,1,1,0,88629,4,CD
AB,88.235498,-179.908754,112.872687,0.180000,-0.090000,9.930000,0.000000,0.000000,-0.010000,0.060000,0.460000,593727,1,1,0,89166,4,CD
AB,88.235498,179.908754,112.872687,0.180000,-0.120000,9.930000,0.000000,0.030000,0.000000,0.080000,0.940000,594262,1,1,0,89701,3,CD
AB,88.235498,179.908754,112.872687,0.170000,-0.080000,9.950000,0.000000,0.000000,0.000000,0.080000,0.070000,594798,1,1,0,90237,3,CD
AB,88.235498,-179.335796,112.872687,0.200000,-0.080000,9.940000,0.010000,-0.010000,-0.010000,0.070000,-0.350000,595334,1,1,0,90773,4,CD
AB,88.235498,179.908754,112.872687,0.170000,-0.100000,9.940000,0.000000,0.010000,0.000000,0.080000,0.070000,595870,1,1,0,91309,4,CD
AB,87.662541,178.762826,104.278322,0.140000,-0.260000,19.080000,0.020000,-0.040000,-0.040000,0.070000,0.210000,596406,1,1,0,91845,3,CD
AB,92.819163,177.616911,116.883388,-0.180000,-0.220000,31.400000,-0.020000,1.150000,-0.250000,0.500000,11.850000,596942,1,1,0,92381,3,CD
AB,84.797755,179.335796,102.559443,-0.500000,0.130000,26.930000,-0.360000,-0.550000,-1.350000,1.960000,31.049999,597479,1,1,0,92918,4,CD
AB,89.381413,-170.741424,-101.413529,0.140000,-0.220000,-0.720000,-0.440000,-0.310000,0.360000,6.940000,38.139999,597559,1,1,2,94475,4,CD
AB,91.100291,-166.157766,-100.840571,-0.060000,0.170000,-0.680000,-0.210000,-0.100000,-0.070000,7.310000,38.299999,599214,1,1,3,94812,3,CD
AB,90.527334,-167.303681,-103.132400,0.140000,-0.060000,-0.490000,0.110000,0.090000,-0.200000,7.640000,31.910000,599387,1,1,3,95150,3,CD
AB,90.527334,-160.428180,-107.716065,0.060000,-0.070000,-0.150000,-0.070000,0.040000,0.480000,9.100000,40.799999,599796,1,1,3,95578,3,CD
AB,91.673249,-158.136351,-96.829871,0.070000,-0.080000,-0.090000,-0.160000,-0.170000,0.640000,9.400000,31.879999,600336,18,30,193,96562,4,CD
AB,123.185931,-158.136351,-44.690706,0.070000,-0.080000,0.010000,-0.200000,-0.750000,0.580000,10.220000,16.240000,601355,1,1,3,96929,3,CD
AB,132.926205,-166.157766,-34.950426,0.120000,-0.050000,-0.050000,-0.140000,-0.920000,0.520000,10.280000,11.980000,601588,1,1,3,97266,3,CD
AB,146.104235,162.147052,-21.772396,0.250000,0.020000,-0.290000,0.290000,-1.380000,0.330000,10.270000,-1.100000,601843,1,1,3,97604,3,CD
AB,147.823107,147.823107,-18.907608,0.210000,0.020000,-0.350000,0.370000,-1.440000,0.370000,10.230000,-3.790000,602321,1,1,3,97942,4,CD
AB,146.104235,127.196632,-11.459156,0.000000,-0.040000,-0.400000,0.500000,-1.420000,0.480000,10.110000,-4.700000,602482,1,1,3,98280,4,CD
AB,146.677192,111.726773,0.572958,-0.090000,0.020000,-0.200000,-0.360000,0.420000,0.540000,9.440000,-16.730000,504509160,16,0,189,99539,3,CD
AB,16.615776,-36.096341,28.074933,-11.070000,24.180000,7.450000,16.910000,19.010000,22.730000,7.710000,-27.540001,604274,1,1,5,99990,4,CD
AB,40.680002,-65.317188,49.274371,-3.290000,1.580000,-9.000000,-0.290000,9.970000,-22.240000,7.620000,-21.540001,604768,1,1,5,100327,3,CD
AB,37.242255,-169.595510,152.979736,1.170000,5.600000,-8.350000,3.150000,-11.140000,4.590000,7.070000,-16.660000,604996,1,1,5,100732,3,CD
AB,65.890145,-131.207333,159.282265,-4.690000,0.340000,-9.690000,4.210000,-2.150000,-3.040000,7.010000,-13.380000,605449,1,1,5,101070,3,CD
AB,127.196632,-136.363962,-73.338596,-0.050000,2.900000,-11.580000,2.510000,0.130000,11.410000,6.870000,-10.150000,605797,1,1,5,101407,3,CD
AB,126.050718,-155.271565,93.392120,-1.590000,3.030000,-9.960000,-1.410000,-1.880000,13.380000,6.720000,-9.690000,605949,1,1,5,101745,4,CD
AB,151.833821,-166.157766,36.669298,-2.150000,2.860000,-7.380000,0.800000,2.310000,-4.770000,6.350000,-13.950000,606104,1,1,5,102083,4,CD
AB,133.499162,-154.125650,12.605071,-1.510000,1.560000,-10.000000,1.030000,0.080000,0.150000,6.300000,-9.330000,606601,1,1,5,102420,3,CD
AB,124.331846,-123.758889,135.218034,-0.320000,2.360000,-11.160000,0.520000,0.270000,10.220000,6.110000,-6.170000,606916,1,1,5,102757,3,CD
AB,107.716065,-154.125650,168.449595,-0.710000,1.000000,-10.700000,-0.050000,0.870000,1.950000,5.670000,-12.490000,607092,1,1,5,103095,4,CD
AB,108.289022,172.460296,-128.342547,-0.140000,1.330000,-10.180000,0.590000,1.540000,5.200000,5.520000,-12.330000,607691,1,1,5,103433,4,CD
AB,83.651840,-169.022552,24.064227,-0.070000,2.490000,-9.950000,0.430000,1.290000,6.550000,5.390000,-8.950000,608034,1,1,5,103771,4,CD
AB,130.634376,-129.488461,81.932962,1.640000,2.280000,-8.300000,2.050000,2.680000,5.880000,5.150000,-8.890000,608273,1,1,5,104107,3,CD
AB,162.147052,-140.374663,-151.260864,0.020000,2.490000,-7.720000,0.440000,1.820000,7.440000,5.040000,-7.460000,608794,1,1,5,104445,3,CD
AB,173.033253,-177.616911,-177.043954,0.160000,2.480000,-9.200000,2.010000,2.520000,-2.790000,4.940000,-6.880000,609023,1,1,5,104783,3,CD
AB,173.606210,142.093534,-30.366762,-0.660000,2.430000,-14.050000,0.520000,0.740000,0.050000,4.420000,-19.350000,609265,1,1,5,105121,4,CD
AB,148.969021,139.801705,-39.534088,-0.410000,2.220000,-12.990000,2.120000,0.980000,-2.960000,4.330000,-18.600000,609739,1,1,5,105459,4,CD
AB,154.125650,137.509876,-85.943669,-0.360000,1.040000,-10.230000,-0.880000,-0.470000,-2.070000,4.180000,-12.120000,610032,1,1,5,105796,3,CD
AB,127.196632,153.552693,-42.398877,-0.310000,2.660000,-9.770000,0.280000,1.470000,4.390000,3.870000,-9.850000,610201,1,1,5,106133,3,CD
AB,109.434937,170.168467,7.448451,-0.550000,2.900000,-10.480000,1.360000,2.200000,4.530000,3.780000,-9.520000,610772,1,1,5,106471,3,CD
AB,153.552693,-152.979736,79.068175,-0.060000,2.770000,-10.490000,0.730000,2.580000,1.440000,3.600000,-7.670000,611093,1,1,5,106809,3,CD
AB,46.982539,-39.534088,38.388173,-0.190000,1.970000,-11.940000,1.500000,1.450000,1.370000,3.170000,-14.090000,611274,1,1,5,107147,4,CD
AB,59.587609,-10.886198,55.576908,0.250000,0.960000,-10.680000,1.140000,0.120000,0.990000,3.040000,-13.250000,611824,1,1,5,107484,4,CD
AB,83.651840,-9.167325,91.100291,-0.160000,0.520000,-10.950000,0.200000,-1.410000,1.690000,2.900000,-9.620000,612257,1,1,5,107821,3,CD
AB,71.046767,-12.032113,25.783100,0.600000,2.670000,-10.360000,2.060000,1.650000,-2.760000,2.580000,-9.940000,612379,1,1,5,108159,3,CD
AB,85.943669,0.572958,20.626481,0.530000,1.130000,-8.720000,2.750000,0.880000,-0.690000,2.520000,-8.920000,612908,1,1,5,108497,3,CD
AB,76.776346,33.804508,133.499162,1.250000,2.380000,-9.300000,1.870000,2.120000,7.350000,2.340000,-8.050000,613057,1,1,5,108834,4,CD
AB,69.900853,-6.302536,-127.769589,-0.300000,0.780000,-11.060000,-0.120000,-0.390000,-1.280000,1.810000,-15.660000,613325,1,1,5,109172,4,CD
AB,68.754938,-6.302536,-159.282265,-0.220000,1.140000,-11.320000,0.290000,-0.080000,-1.980000,1.670000,-14.160000,613894,1,1,5,109510,4,CD
AB,77.922261,-2.864789,-166.730723,0.370000,1.000000,-9.240000,-0.900000,-0.340000,-0.060000,1.550000,-11.410000,614183,1,1,5,109847,3,CD
AB,103.705358,-5.156620,-125.477760,-0.580000,1.470000,-10.020000,-0.350000,1.980000,-0.130000,1.070000,-13.550000,614499,1,1,5,110287,3,CD
AB,132.926205,-27.501974,-104.278322,0.590000,2.250000,-10.360000,0.780000,1.840000,1.900000,0.990000,-10.340000,615039,1,1,5,110700,3,CD
AB,29.220847,-170.741424,-138.082834,-0.500000,0.890000,-11.530000,0.800000,0.240000,0.230000,0.410000,-17.530001,615452,1,1,5,111292,4,CD
AB,30.366762,-175.898039,-143.239449,-0.340000,0.980000,-11.200000,0.460000,0.380000,-0.710000,0.350000,-15.780000,616081,1,1,5,111630,4,CD
AB,162.147052,-36.669298,5.156620,-3.290000,4.750000,-17.860001,-3.390000,-1.020000,-0.290000,0.190000,-11.220000,616312,1,1,5,111967,4,CD
AB,12.032113,-147.250150,170.741424,4.700000,4.280000,-6.350000,0.550000,0.170000,1.290000,0.000000,-5.240000,616650,1,1,5,112388,4,CD
AB,13.178030,-147.823107,171.887339,6.790000,4.020000,-6.910000,0.060000,0.020000,-0.040000,0.000000,-3.350000,617106,1,1,5,112725,3,CD
AB,13.750987,-147.823107,171.887339,6.450000,4.410000,-6.150000,0.000000,0.000000,0.030000,-0.020000,-1.420000,617373,1,1,5,113063,3,CD
AB,13.750987,-148.396064,171.887339,6.200000,4.570000,-6.230000,0.000000,0.000000,0.000000,-0.030000,0.010000,617670,1,1,5,113450,3,CD
AB,13.750987,-148.396064,171.314381,6.180000,4.520000,-6.260000,0.000000,0.000000,0.000000,-0.010000,-0.470000,618048,1,1,5,113788,3,CD
AB,13.750987,-148.396064,171.314381,6.160000,4.550000,-6.240000,0.000000,0.010000,0.000000,-0.010000,-0.110000,618440,1,1,5,114126,4,CD
AB,13.750987,-148.969021,171.314381,6.170000,4.540000,-6.220000,0.000000,0.000000,0.000000,-0.010000,-0.120000,618772,1,1,5,114564,4,CD
AB,13.750987,-148.969021,171.314381,6.170000,4.560000,-6.210000,0.000000,0.000000,0.000000,-0.030000,-0.120000,619163,1,1,5,114902,4,CD
AB,13.750987,-148.969021,171.314381,6.180000,4.540000,-6.230000,-0.010000,0.000000,0.000000,-0.020000,0.000000,619591,1,1,5,115239,3,CD
AB,13.750987,-148.969021,171.887339,6.170000,4.550000,-6.230000,0.000000,0.010000,0.000000,-0.010000,0.250000,619896,1,1,5,115632,3,CD
AB,13.750987,-148.969021,171.887339,6.170000,4.540000,-6.240000,0.000000,0.000000,0.000000,-0.020000,0.720000,620339,1,1,5,115970,3,CD
AB,13.750987,-148.396064,171.887339,6.160000,4.540000,-6.240000,0.000000,0.000000,0.000000,-0.010000,0.430000,620593,1,1,5,116308,4,CD
AB,13.750987,-148.396064,171.887339,6.180000,4.540000,-6.230000,0.000000,0.000000,0.000000,-0.010000,1.230000,620882,1,1,5,116727,4,CD
AB,13.750987,-148.396064,171.314381,6.180000,4.540000,-6.250000,0.000000,0.000000,-0.010000,-0.010000,1.430000,621453,1,1,5,117064,4,CD
AB,13.750987,-148.396064,171.314381,6.190000,4.550000,-6.220000,0.000000,0.010000,-0.010000,-0.030000,0.390000,621755,1,1,5,117401,3,CD
AB,13.750987,-148.969021,171.314381,6.160000,4.560000,-6.220000,-0.010000,0.010000,0.000000,-0.010000,0.240000,622076,1,1,5,117864,3,CD
AB,13.750987,-148.969021,171.314381,6.160000,4.560000,-6.220000,0.000000,0.000000,0.000000,-0.010000,-1.120000,622623,1,1,5,118297,4,CD
AB,13.750987,-148.969021,170.741424,6.160000,4.560000,-6.230000,0.000000,-0.020000,0.000000,-0.010000,-0.910000,622895,1,1,5,118634,3,CD
AB,13.750987,-148.396064,170.741424,6.170000,4.550000,-6.240000,0.000000,0.000000,0.000000,-0.010000,0.110000,623216,1,1,5,118971,3,CD
AB,13.750987,-148.396064,170.741424,6.170000,4.550000,-6.230000,0.000000,0.000000,0.000000,-0.010000,0.160000,623644,1,1,5,119309,4,CD
AB,13.178030,-148.396064,170.741424,6.170000,4.540000,-6.240000,0.000000,0.000000,0.000000,-0.020000,0.080000,623890,1,1,5,119730,3,CD
AB,2679.150554,3374.721501,-440.031577,110.059998,268.809998,-148.460007,-284.149994,76.980003,0.230000,-2.590000,2.980000,29753962,144,253,0,120491,4,CD
AB,13.750987,-148.969021,170.741424,6.170000,4.550000,-6.220000,0.000000,0.030000,0.000000,-0.010000,-0.010000,625031,1,1,5,120846,4,CD
AB,13.178030,-148.969021,170.741424,6.150000,4.560000,-6.210000,0.000000,-0.010000,0.000000,-0.020000,-0.910000,625343,1,1,5,121182,3,CD
AB,13.178030,-148.969021,170.741424,6.170000,4.540000,-6.230000,0.000000,-0.010000,0.000000,-0.020000,-0.050000,625725,1,1,5,121520,3,CD
AB,13.750987,-148.969021,170.741424,6.150000,4.550000,-6.230000,0.000000,0.010000,0.000000,-0.040000,0.280000,626133,1,1,5,121858,3,CD
AB,13.750987,-148.969021,170.741424,6.150000,4.570000,-6.220000,0.000000,0.010000,0.000000,-0.020000,0.230000,626472,1,1,5,122322,3,CD
AB,13.750987,-148.969021,170.741424,6.170000,4.560000,-6.220000,0.000000,0.000000,0.000000,-0.020000,0.460000,627111,1,1,5,122659,4,CD
AB,13.750987,-148.969021,170.741424,6.180000,4.540000,-6.230000,0.000000,0.010000,0.000000,-0.030000,-0.050000,627427,1,1,5,122997,4,CD
AB,13.750987,-149.541979,170.168467,6.170000,4.580000,-6.210000,0.000000,0.010000,0.000000,-0.020000,-0.670000,627666,1,1,5,123413,4,CD
AB,13.750987,-148.969021,170.168467,6.180000,4.550000,-6.240000,0.000000,0.000000,0.000000,-0.010000,-0.150000,628128,1,1,5,123751,4,CD
AB,13.178030,-148.969021,170.168467,6.170000,4.550000,-6.210000,0.000000,0.000000,-0.010000,-0.020000,0.080000,628407,1,1,5,124087,3,CD
AB,13.178030,-148.969021,170.168467,6.160000,4.550000,-6.220000,0.000000,0.000000,0.000000,-0.050000,-0.850000,628571,1,1,5,124425,3,CD
AB,13.178030,-148.969021,170.168467,6.170000,4.530000,-6.240000,0.000000,0.000000,-0.010000,-0.030000,-0.560000,629163,1,1,5,124763,3,CD
AB,13.178030,-148.969021,170.168467,6.160000,4.540000,-6.240000,0.000000,0.010000,0.000000,0.000000,0.500000,629483,1,1,5,125100,4,CD
AB,13.178030,-148.969021,169.595510,6.170000,4.570000,-6.220000,0.000000,0.010000,0.000000,-0.020000,46.119999,-67102946,254,40,1,125831,4,CD
AB,-14409.315904,5.156620,147.250150,133.169998,76.980003,0.240000,-2.600000,2.960000,6.160000,4.550000,-6.240000,1,0,0,255,126183,4,CD
AB,13.750987,-148.969021,169.595510,6.170000,4.550000,-6.230000,0.000000,0.000000,0.000000,-0.030000,-0.590000,630741,1,1,5,126530,3,CD
AB,13.750987,-148.396064,169.595510,6.180000,4.550000,-6.220000,0.000000,-0.010000,0.000000,-0.040000,-1.320000,631265,1,1,5,126868,4,CD
AB,13.178030,-148.396064,169.595510,6.170000,4.520000,-6.240000,0.000000,0.000000,0.000000,-0.030000,-1.260000,631416,1,1,5,127206,4,CD
AB,13.178030,-148.969021,169.022552,6.170000,4.550000,-6.220000,0.000000,0.000000,0.000000,-0.010000,0.190000,631688,1,1,5,127543,3,CD
AB,13.178030,-148.969021,169.022552,6.170000,4.540000,-6.230000,0.000000,0.000000,0.000000,-0.010000,1.030000,632240,1,1,5,127881,3,CD
AB,13.178030,-148.969021,169.022552,6.170000,4.540000,-6.230000,0.000000,0.000000,0.000000,-0.020000,0.170000,632529,1,1,5,128218,3,CD
AB,13.178030,-148.969021,169.022552,6.150000,4.550000,-6.230000,0.000000,0.000000,0.000000,-0.030000,0.070000,632836,1,1,5,128616,3,CD
AB,13.178030,-148.969021,169.595510,6.160000,4.550000,-6.220000,0.000000,-0.010000,0.000000,-0.020000,0.380000,633371,1,1,5,129039,3,CD
AB,13.178030,-148.969021,169.022552,6.160000,4.530000,-6.230000,0.010000,0.000000,0.000000,-0.040000,-1.200000,633792,1,1,5,129635,4,CD
AB,13.178030,-148.969021,169.022552,6.170000,4.540000,-6.230000,0.000000,0.000000,0.000000,-0.040000,-1.010000,634412,1,1,5,129973,3,CD
AB,13.178030,-148.969021,169.022552,6.160000,4.540000,-6.230000,0.000000,0.000000,0.000000,-0.020000,-0.750000,634646,1,1,5,130310,3,CD
AB,13.178030,-148.969021,169.022552,6.170000,4.560000,-6.240000,0.000000,0.000000,0.000000,0.000000,0.000000,634980,1,1,5,130717,3,CD
AB,13.178030,-148.396064,169.022552,6.170000,4.550000,-6.230000,0.000000,-0.020000,0.000000,-0.020000,0.430000,635423,1,1,5,131055,4,CD
AB,13.178030,-148.396064,169.022552,6.160000,4.540000,-6.240000,0.000000,0.000000,-0.010000,-0.010000,0.380000,635699,1,1,5,131393,4,CD
AB,13.178030,-148.969021,169.022552,76.980003,0.230000,-2.600000,2.950000,6.160000,4.540000,-6.230000,0.000000,-131072,252,255,195,133283,4,CD
AB,13.178030,-148.969021,168.449595,6.160000,4.550000,-6.220000,0.000000,0.000000,0.000000,-0.040000,-0.110000,637992,1,1,5,133629,3,CD
AB,13.750987,-148.969021,168.449595,6.160000,4.550000,-6.240000,0.000000,0.000000,0.000000,-0.020000,0.040000,638215,1,1,5,133967,4,CD
AB,13.750987,-148.969021,168.449595,6.180000,4.550000,-6.230000,0.000000,0.000000,0.000000,-0.010000,0.630000,638642,1,1,5,134305,4,CD
AB,13.750987,-148.969021,168.449595,6.160000,4.540000,-6.230000,0.000000,0.010000,0.000000,-0.020000,0.440000,639163,1,1,5,134979,3,CD
AB,13.750987,-149.541979,168.449595,6.160000,4.550000,-6.220000,0.000000,0.010000,-0.010000,-0.020000,0.460000,639864,1,1,5,135655,4,CD
AB,13.178030,-149.541979,167.876638,6.170000,4.550000,-6.230000,-0.010000,0.000000,0.000000,-0.030000,0.010000,640163,1,1,5,135993,4,CD
AB,13.750987,-149.541979,167.876638,6.160000,4.570000,-6.230000,0.000000,-0.020000,0.000000,-0.030000,0.590000,640483,1,1,5,136330,4,CD
AB,13.178030,4410.629299,13.178030,-2.600000,2.940000,6.180000,4.560000,-6.220000,0.000000,-0.010000,0.000000,-3866629,218,201,9,137193,3,CD
AB,13.178030,-148.969021,167.876638,6.150000,4.550000,-6.230000,0.000000,0.000000,0.000000,-0.050000,-0.200000,641627,1,1,5,137535,3,CD
AB,13.178030,-148.969021,167.876638,6.160000,4.560000,-6.230000,0.000000,0.000000,0.000000,-0.030000,0.200000,642150,1,1,5,137873,3,CD
AB,13.178030,-148.969021,167.876638,6.170000,4.540000,-6.230000,0.000000,-0.010000,0.010000,-0.030000,0.380000,642399,1,1,5,138211,3,CD
AB,13.178030,-148.396064,167.876638,6.180000,4.540000,-6.240000,0.000000,0.000000,0.000000,0.000000,0.980000,642609,1,1,5,138548,4,CD
AB,13.178030,-148.396064,167.876638,6.170000,4.540000,-6.230000,0.000000,-0.010000,0.000000,-0.030000,0.970000,643071,1,1,5,138927,3,CD
AB,2679.150554,3390.764249,-440.031577,76.980003,0.230000,-2.590000,2.930000,6.160000,4.550000,-6.230000,0.000000,1,251,255,188,139573,4,CD
AB,13.178030,-148.396064,167.876638,6.160000,4.550000,-6.210000,0.000000,0.000000,0.000000,-0.050000,-0.320000,644041,1,1,5,139919,3,CD
AB,13.178030,-147.823107,167.876638,6.160000,4.560000,-6.230000,0.000000,0.000000,0.000000,-0.060000,-0.050000,644443,1,1,5,140257,4,CD
AB,12.605071,-148.396064,167.876638,6.170000,4.530000,-6.250000,0.000000,0.000000,0.000000,-0.050000,0.230000,644790,1,1,5,140638,4,CD
AB,13.178030,-148.396064,167.876638,6.150000,4.550000,-6.230000,0.010000,0.000000,0.000000,-0.030000,0.690000,645422,1,1,5,140976,4,CD
AB,13.178030,-148.396064,168.449595,6.170000,4.560000,-6.230000,0.000000,-0.010000,0.010000,-0.020000,0.630000,645723,1,1,5,141313,3,CD
AB,13.178030,-148.396064,167.876638,6.170000,4.550000,-6.230000,0.000000,-0.010000,0.000000,-0.020000,-0.120000,645964,1,1,5,141711,3,CD
AB,13.178030,-148.396064,168.449595,6.170000,4.560000,-6.230000,0.000000,0.000000,0.000000,-0.030000,-0.440000,646428,1,1,5,142049,3,CD
AB,13.178030,-148.396064,167.876638,6.170000,4.550000,-6.210000,0.000000,0.020000,-0.010000,-0.020000,-0.150000,646713,1,1,5,142387,3,CD
AB,12.605071,-148.396064,167.876638,6.160000,4.560000,-6.210000,0.000000,0.000000,-0.010000,-0.030000,-0.230000,646874,1,1,5,142725,4,CD
AB,13.178030,-148.396064,167.876638,6.170000,4.550000,-6.230000,0.000000,0.000000,0.000000,-0.050000,-0.930000,647455,1,1,5,143063,4,CD
AB,13.178030,-148.396064,167.876638,6.160000,4.540000,-6.210000,0.000000,0.000000,-0.010000,-0.050000,-1.040000,647770,1,1,5,143399,3,CD
AB,13.178030,-148.396064,167.303681,6.180000,4.550000,-6.230000,0.000000,-0.010000,0.000000,-0.040000,0.510000,647947,1,1,5,143737,3,CD
AB,13.178030,-148.396064,167.303681,6.170000,4.560000,-6.230000,0.000000,-0.030000,0.000000,-0.030000,0.690000,1507602,253,254,36,144797,3,CD
AB,13.178030,-148.396064,167.303681,6.160000,4.560000,-6.230000,0.000000,0.000000,0.000000,-0.040000,0.300000,649620,1,1,5,145161,4,CD
AB,12.605071,-147.823107,167.303681,6.160000,4.540000,-6.240000,0.000000,-0.030000,0.000000,-0.050000,-0.180000,649764,1,1,5,145498,4,CD
AB,13.178030,-147.823107,167.303681,47.130001,59.180000,-5.120000,94.699997,266.250000,-143.339996,-281.589996,2.530000,0,0,250,255,146356,3,CD
AB,13.178030,-147.823107,167.303681,6.170000,4.570000,-6.230000,0.000000,-0.010000,-0.010000,-0.050000,-1.280000,650875,1,1,5,146703,3,CD
AB,12.605071,-147.823107,166.730723,6.170000,4.560000,-6.230000,0.000000,0.000000,0.000000,-0.030000,-0.110000,651181,1,1,5,147041,3,CD
AB,12.605071,-147.823107,166.730723,6.180000,4.550000,-6.230000,0.000000,0.010000,0.000000,-0.050000,-0.630000,651718,1,1,5,147379,3,CD
AB,13.178030,-147.823107,166.730723,6.170000,4.550000,-6.230000,0.000000,0.030000,0.000000,-0.040000,-0.500000,652117,1,1,5,147716,4,CD
AB,12.605071,-148.396064,166.730723,6.150000,4.540000,-6.240000,0.000000,0.000000,0.000000,-0.030000,0.120000,652305,1,1,5,148147,3,CD
AB,12.605071,-148.396064,166.730723,6.170000,4.560000,-6.230000,-0.010000,0.000000,0.000000,-0.030000,0.310000,652931,1,1,5,148485,4,CD
AB,12.605071,-148.396064,166.157766,6.170000,4.550000,-6.230000,0.000000,0.020000,0.000000,-0.030000,0.290000,653161,1,1,5,148823,4,CD
AB,12.605071,-148.396064,166.157766,6.180000,4.560000,-6.230000,0.000000,-0.010000,0.000000,-0.030000,0.550000,653494,1,1,5,149242,4,CD