index, checksum,uptime mp,uptime nav,  errorflag mp,errorflag NAV,  accel x, accel y, accel z, accelworld x, accelworld y, accelworld z, accelhighg x, accelhighg y, accelhighg z, gyro x, gyro y, gyro z, euler x, euler y, euler z, quat w, quat x, quat y, quat z, altitude, presusre, verticalvel,filtered vvel, maxalt, altitudeagl, filtered alt, imutemp, barotemp,state,battstate,pyros, fired checksum2\r
24, 101,0,5029,1,1,2.447028,-8.129539,5.280940,1.145435,-0.512863,0.118204,2.691859,-11.449834,4.918118,-18.197104,15.406921,1.830743,133.051648,-141.984347,-57.862111,0.252774,-0.459580,0.180888,0.831968,1308.688721,87023.460938,0.627893,0.789122,0.500732,0.263916,0.257520,12.625000,17.203783,0,0.000000,0, 202
25, 101,5168,5543,1,1,3.923496,-7.557200,3.732443,0.886001,0.257214,-0.549780,3.172385,-10.488783,3.476542,8.356480,5.286067,-4.062014,144.690550,-145.508656,-52.740299,0.323663,-0.381761,0.134026,0.855300,1308.599854,87025.960938,0.137140,0.569422,0.500732,0.175049,0.279760,12.625000,17.230936,0,0.000000,0, 202
26, 101,7666,7663,1,1,5.233112,-6.694763,4.981109,0.153060,-0.083217,0.047168,4.613962,-10.008257,4.437593,7.143610,6.446761,2.670264,146.960741,-157.879003,-52.948753,0.363457,-0.291618,0.169072,0.868489,1308.880005,87016.390625,0.217274,0.163109,0.509155,0.455200,0.322168,12.750000,17.280718,0,0.000000,0, 202
27, 101,9821,9805,1,1,5.556615,-6.108443,5.423001,0.497649,-0.395028,0.057716,5.094488,-8.566679,4.437593,3.963219,5.984607,-8.812463,146.472027,-164.255299,-56.636817,0.391097,-0.262647,0.198905,0.859358,1308.406982,87026.445312,-0.022457,-0.080296,0.509155,-0.017822,0.072042,12.750000,17.384804,0,0.000000,0, 202
28, 101,11914,11891,1,1,5.584768,-6.432559,5.059858,0.029276,0.210085,0.104788,5.575014,-10.488783,4.437593,2.469518,-4.253236,-0.841150,145.774870,-159.927650,-53.714623,0.380917,-0.276099,0.174636,0.864970,1308.498291,87023.406250,0.282176,-0.097669,0.509155,0.073486,0.020208,12.750000,17.452686,0,0.000000,0, 202
29, 101,14014,13981,1,1,4.875090,-6.088225,6.023987,-0.255859,-0.308643,0.045862,4.133436,-9.047205,5.398644,1.141400,7.450375,3.404130,141.607457,-158.923817,-53.904153,0.372913,-0.303150,0.225391,0.847487,1308.441162,87021.054688,0.509155,0.007461,0.509155,0.016357,-0.064004,12.875000,17.538668,0,0.000000,0, 202
30, 101,16114,16109,1,1,6.382338,-6.171981,3.531757,-1.659433,0.372633,-0.398430,7.016591,-10.488783,3.476542,15.924743,-6.415715,22.965522,158.041739,-161.627274,-42.242989,0.395393,-0.198263,0.119184,0.888905,1308.775146,87021.906250,0.661065,0.119226,0.509155,0.350342,0.240601,12.875000,17.606546,0,0.000000,0, 202
31, 101,18219,18206,1,1,5.382370,-6.247040,6.014919,0.028592,-1.204040,0.334291,6.055540,-12.410886,2.996016,-28.853356,-0.027675,-19.106696,147.847313,-159.956309,-56.401059,0.388334,-0.297568,0.206288,0.847405,1308.763184,87021.789062,0.257748,0.125043,0.509155,0.338379,0.296761,13.000000,17.674423,0,0.000000,0, 202
32, 101,20408,20383,1,1,6.606067,-6.909419,2.149518,1.052796,-0.426061,-0.069057,5.575014,-12.891412,2.034964,3.445821,14.202630,-9.627532,168.101078,-167.920611,-52.964565,0.384850,-0.150106,0.056218,0.908955,1308.394775,87026.250000,-1.550392,-0.344066,0.509155,-0.030029,0.182589,13.000000,17.760401,0,0.000000,0, 202
33, 101,22523,22516,1,1,2.037235,-8.638772,4.275915,-0.621414,-0.098440,0.030903,2.691859,-12.410886,4.437593,15.915756,-9.379823,-4.598180,154.075967,-156.751407,-20.783033,0.153512,-0.228114,0.191479,0.942196,1308.616211,87021.601562,0.089621,-0.032015,0.509155,0.191406,0.115029,13.125000,17.805651,0,0.000000,0, 202
34, 101,24636,24613,1,1,3.050771,-8.593695,2.848340,0.495102,0.566955,-0.277069,2.691859,-12.410886,1.073912,0.490826,11.104808,-6.993950,156.904745,-159.896655,-29.457100,0.195122,-0.213144,0.116860,0.950179,1308.801880,87017.640625,0.963624,0.376553,0.509155,0.377075,0.181929,13.125000,17.869001,0,0.000000,0, 202
35, 101,26813,26802,1,1,0.749459,-9.831676,1.172209,-2.104050,0.190981,-0.098726,0.289230,-14.332990,0.593386,-11.542484,-21.784134,33.029613,178.413174,-148.286016,5.858005,0.041828,-0.268753,0.044885,0.961253,1308.622803,87023.289062,0.528158,0.108805,0.509155,0.197998,0.214655,13.250000,17.941399,0,0.000000,0, 202
36, 101,28927,28901,1,1,0.771226,-9.172189,1.443578,-0.269865,-0.055620,-0.488007,0.289230,-11.930360,0.593386,66.661198,36.470676,19.129505,170.073964,-139.892082,-10.186782,0.064783,-0.346938,0.057655,0.933870,1308.656738,87021.039062,-0.587210,0.006426,0.509155,0.231934,0.232326,13.250000,18.018322,0,0.000000,0, 202
37, 101,31049,31043,1,1,0.104361,0.997881,8.066152,-2.135253,-0.758863,-1.994959,-1.632874,-4.722473,9.242851,42.904783,39.611378,69.671509,91.423878,-170.602730,-49.780833,0.248387,-0.346093,0.606599,0.671239,1308.165161,87027.804688,-0.140844,-0.065864,0.509155,-0.259644,-0.144022,13.375000,18.081669,0,0.000000,0, 202
38, 101,33174,33152,1,1,0.232199,-0.445882,9.924108,-0.483677,1.596390,-0.005173,0.289230,-6.164050,8.762325,-35.376910,7.170818,0.521061,83.539320,-176.422325,-43.189113,0.257865,-0.261564,0.644426,0.670675,1308.424072,87022.843750,0.744808,-0.005839,0.509155,-0.000732,-0.076766,13.375000,18.145014,0,0.000000,0, 202
39, 101,35353,35351,1,1,0.097254,0.003801,10.033518,-0.289437,-0.012148,0.228807,-2.593925,-4.241947,9.723377,3.221041,0.138333,10.479205,90.218944,-178.882327,-17.841810,0.112083,-0.107272,0.697945,0.699144,1308.618896,87017.804688,0.342718,0.126456,0.509155,0.194092,0.032092,13.375000,18.212883,0,0.000000,0, 202
40, 101,37423,37381,1,1,-0.061839,-0.213723,9.946998,-0.071063,0.065894,0.148014,-1.152348,-5.202998,9.242851,0.341644,-0.085639,-0.427607,90.676464,-178.864773,-18.367209,0.106638,-0.119136,0.692752,0.703229,1308.455566,87023.664062,-0.289988,-0.015498,0.509155,0.030762,0.098356,13.500000,18.271704,0,0.000000,0, 202
41, 101,39499,39463,1,1,-0.103676,-0.193460,9.944390,0.013245,-0.010848,0.145797,-0.191296,-5.683524,9.242851,-0.718180,-0.314996,0.003988,90.928013,-179.154537,-18.612329,0.110159,-0.118603,0.691257,0.704246,1308.456299,87021.617188,0.045818,0.100371,0.509155,0.031494,-0.027026,13.500000,18.335047,0,0.000000,0, 202
42, 101,41577,41538,1,1,-0.100496,-0.199555,9.955611,-0.013206,-0.008481,0.145804,-0.671822,-4.722473,9.723377,0.491971,1.467129,-0.603937,90.949529,-178.997798,-19.055068,0.111955,-0.122212,0.690492,0.704096,1308.245239,87027.242188,-0.953357,0.160429,0.509155,-0.179565,0.111544,13.625000,18.407436,0,0.000000,0, 202
43, 101,43728,43718,1,1,-0.099247,-0.216150,9.937696,0.020275,0.011675,0.139515,0.289230,-4.722473,9.723377,0.700374,-0.276250,-0.773727,90.915740,-179.161108,-19.527415,0.115226,-0.124664,0.689884,0.703734,1308.244629,87026.328125,-0.316713,-0.164421,0.509155,-0.180176,-0.135417,13.625000,18.461729,0,0.000000,0, 202
44, 101,45809,45797,1,1,-0.099117,-0.220734,9.942501,0.019704,0.002464,0.144425,-0.671822,-4.241947,8.762325,-0.498949,-0.398991,-0.276564,90.982874,-179.139101,-20.156180,0.118992,-0.128544,0.689050,0.703227,1308.621094,87022.835938,0.463366,0.368617,0.509155,0.196289,0.093771,13.750000,18.552216,0,0.000000,0, 202
45, 101,47892,47880,1,1,-0.094035,-0.222848,9.938125,-0.020455,0.022729,0.140021,-0.671822,-3.761421,9.242851,1.009641,0.127298,0.007308,90.879102,-178.921054,-20.691425,0.122239,-0.131840,0.688418,0.702678,1308.284546,87028.062500,-0.787456,0.036549,0.509155,-0.140259,0.026875,13.750000,18.647224,0,0.000000,0, 202
46, 101,49981,49964,1,1,-0.089417,-0.206589,9.952370,-0.025604,0.007635,0.153879,-0.191296,-5.683524,9.723377,-0.322640,-0.017420,-0.625217,90.879581,-178.943703,-21.135537,0.125169,-0.134294,0.688437,0.701678,1308.301147,87024.039062,-0.111941,-0.221185,0.509155,-0.123657,-0.147085,13.750000,18.710562,0,0.000000,0, 202
47, 101,52074,52054,1,1,-0.118317,-0.197092,9.941611,0.034412,-0.004455,0.143208,-0.191296,-5.683524,10.203903,-0.369993,0.066045,-0.212767,90.833948,-179.148840,-21.416663,0.127213,-0.135622,0.688716,0.700781,1308.256104,87025.648438,0.336862,-0.015856,0.509155,-0.168701,-0.241036,13.875000,18.787470,0,0.000000,0, 202
48, 101,54170,54141,1,1,-0.086820,-0.208682,9.943656,-0.003340,-0.001969,0.145224,-0.191296,-4.241947,9.723377,0.823845,-0.302802,0.169234,90.936920,-179.064843,-22.106532,0.131143,-0.140068,0.687238,0.700633,1308.410645,87022.445312,0.103456,-0.060713,0.509155,-0.014160,-0.034536,13.875000,18.859854,0,0.000000,0, 202
49, 101,56278,56278,1,1,-0.104130,-0.205579,9.953484,0.000624,0.002585,0.155151,-0.671822,-4.722473,11.164955,-0.003905,0.772757,-0.079085,90.851276,-178.999136,-22.361616,0.132105,-0.142192,0.687195,0.700066,1308.449219,87021.343750,0.133970,-0.099142,0.509155,0.024414,-0.027669,14.000000,18.923189,0,0.000000,0, 202
50, 101,58383,58373,1,1,-0.088429,-0.208405,9.940781,-0.003618,0.007738,0.142355,-0.671822,-4.722473,9.242851,-0.700316,-0.390862,-0.429782,90.865469,-179.044325,-22.773522,0.135078,-0.144206,0.686515,0.699754,1308.403076,87024.820312,-0.083427,0.018963,0.509155,-0.021729,-0.052000,14.000000,19.004618,0,0.000000,0, 202
51, 101,60560,60525,1,1,-0.105293,-0.209597,9.951510,-0.011073,-0.012932,0.153260,0.289230,-6.164050,9.242851,0.049713,1.075953,-1.009780,90.946455,-178.905358,-23.095735,0.136412,-0.146781,0.686136,0.699332,1308.515381,87022.414062,0.633715,0.054515,0.509155,0.090576,0.034385,14.125000,19.086044,0,0.000000,0, 202
52, 101,62671,62661,1,1,-0.085855,-0.197195,9.936115,-0.002703,-0.007764,0.137439,-0.671822,-4.241947,9.723377,-0.468714,-0.796277,-0.628636,90.896233,-179.082929,-23.103535,0.137198,-0.146072,0.686180,0.699283,1308.319092,87024.906250,0.339412,-0.153097,0.509155,-0.105713,-0.077275,14.125000,19.167471,0,0.000000,0, 202
53, 101,64777,64759,1,1,-0.089078,-0.213423,9.948346,0.001998,0.018941,0.150016,-2.113400,-6.164050,9.242851,0.172074,1.904127,-0.722788,90.808970,-179.046756,-23.763007,0.140954,-0.150286,0.685200,0.698603,1308.538818,87026.570312,0.037033,0.053584,0.509155,0.114014,0.111353,14.250000,19.239847,0,0.000000,0, 202
54, 101,66892,66857,1,1,-0.094833,-0.208964,9.944270,0.016043,-0.004730,0.145903,-0.671822,-5.683524,9.242851,0.260808,-0.712296,0.235467,90.903158,-179.102286,-24.089193,0.142794,-0.152370,0.684921,0.698052,1308.454834,87025.289062,-0.072354,0.136828,0.509155,0.030029,0.152155,14.250000,19.312223,0,0.000000,0, 202
55, 101,69011,69004,1,1,-0.081109,-0.186340,9.953662,-0.041627,-0.017554,0.154634,-0.671822,-5.202998,9.242851,-0.076800,-0.215711,-0.367653,90.883426,-178.890919,-24.492906,0.145687,-0.154388,0.685018,0.696914,1308.499634,87024.242188,-0.049336,-0.008343,0.509155,0.074829,0.037840,14.250000,19.371029,0,0.000000,0, 202
56, 101,71134,71110,1,1,-0.090207,-0.221795,9.953312,-0.019773,0.021959,0.155148,-0.671822,-5.683524,9.723377,-0.127851,0.984823,-0.742035,90.811579,-178.876562,-24.971566,0.148006,-0.157839,0.683384,0.697257,1308.576782,87021.968750,0.332122,0.026616,0.509155,0.151978,0.052207,14.500000,19.443403,0,0.000000,0, 202
57, 101,73263,73256,1,1,-0.087435,-0.200554,9.933714,-0.009392,-0.000841,0.135118,-0.191296,-4.241947,9.242851,-0.613872,-1.509929,-0.026798,90.839501,-178.999628,-25.025415,0.148620,-0.157852,0.683956,0.696562,1308.650513,87021.656250,0.414703,0.183568,0.509155,0.225708,0.157054,14.500000,19.515776,0,0.000000,0, 202
58, 101,75440,75414,1,1,-0.097428,-0.193688,9.950011,0.006250,0.007705,0.151368,-0.191296,-4.722473,9.723377,0.552725,-0.457872,0.173198,90.725574,-179.053409,-25.212166,0.149487,-0.159216,0.684084,0.695940,1308.643311,87020.273438,-0.203500,0.008788,0.509155,0.218506,0.223002,14.500000,19.592670,0,0.000000,0, 202
59, 101,77585,77582,1,1,-0.092192,-0.214655,9.943762,-0.003688,0.000707,0.145505,-0.191296,-5.202998,9.242851,-0.044086,-1.062589,-0.330807,90.876896,-178.961270,-25.865901,0.153380,-0.163212,0.682407,0.695814,1308.661499,87021.992188,0.610142,0.253252,0.509155,0.236694,0.209674,14.625000,19.660517,0,0.000000,0, 202
60, 101,79654,79654,1,1,-0.101763,-0.214568,9.930654,-0.008477,0.004724,0.132488,-0.191296,-4.722473,9.723377,-0.853925,-0.322752,-0.411940,90.821572,-178.875838,-26.334862,0.155817,-0.166418,0.681853,0.695056,1308.396729,87025.585938,-0.358968,-0.326968,0.509155,-0.028076,0.107904,14.625000,19.732885,0,0.000000,0, 202
61, 101,81729,81723,1,1,-0.104390,-0.198907,9.948409,-0.012254,0.011902,0.149930,-0.671822,-4.241947,9.242851,0.453241,0.838099,0.366340,90.689531,-178.881288,-26.429583,0.155928,-0.167424,0.682608,0.694048,1308.493774,87024.187500,-0.018517,-0.050358,0.509155,0.068970,0.029762,14.750000,19.809776,0,0.000000,0, 202
62, 101,83806,83765,1,1,-0.089388,-0.197296,9.957013,-0.018175,-0.009885,0.156046,-0.671822,-4.722473,8.762325,0.168692,0.763661,0.012590,90.769874,-178.884676,-26.704431,0.157731,-0.168929,0.681723,0.694145,1308.476318,87021.406250,0.015363,-0.159221,0.509155,0.051514,-0.090728,14.875000,19.855007,0,0.000000,0, 202
63, 101,85890,85848,1,1,-0.100190,-0.204663,9.953137,0.026562,-0.009679,0.154705,-0.191296,-5.202998,9.242851,-0.073515,-0.934384,0.189571,90.842165,-179.103283,-27.068909,0.161351,-0.169678,0.681074,0.693768,1308.661377,87020.078125,0.167139,0.083038,0.509155,0.236572,0.155381,14.875000,19.927372,0,0.000000,0, 202
64, 101,87978,87975,1,1,-0.086306,-0.195341,9.945645,-0.002434,0.001362,0.146937,-0.671822,-3.280895,9.242851,0.943809,-0.196520,-0.728373,90.759561,-179.024586,-27.562593,0.163831,-0.173117,0.680692,0.692711,1308.440552,87024.890625,-0.126079,-0.123829,0.509155,0.015747,0.002389,14.875000,19.986168,0,0.000000,0, 202
65, 101,90065,90058,1,1,-0.104800,-0.203835,9.937450,0.005374,0.004328,0.139091,-1.152348,-5.202998,8.762325,-0.017348,1.245986,-0.415841,90.728627,-178.945683,-28.013227,0.165815,-0.176530,0.679915,0.692140,1308.617065,87022.578125,1.032967,0.332099,0.509155,0.192261,0.050461,14.875000,20.058533,0,0.000000,0, 202
66, 101,92158,92142,1,1,-0.111029,-0.212687,9.961361,0.011638,0.007496,0.163240,-0.671822,-4.241947,9.723377,-0.053602,-0.137092,0.092769,90.727664,-178.922529,-28.470013,0.168264,-0.179547,0.679025,0.691646,1308.758911,87020.507812,0.182727,0.073812,0.509155,0.334106,0.231901,15.125000,20.117327,0,0.000000,0, 202
67, 101,94334,94332,1,1,-0.105184,-0.202343,9.938496,-0.016217,0.011195,0.140092,-1.152348,-5.202998,9.242851,0.455343,1.270268,-0.359224,90.664109,-178.812440,-28.867542,0.170807,-0.181773,0.678718,0.690743,1309.046997,87014.429688,1.183672,0.149758,0.622192,0.622192,0.383426,15.125000,20.180643,0,0.000000,0, 202
68, 101,96428,96423,1,1,-0.102401,-0.192498,9.947866,0.011433,-0.007393,0.149246,-0.671822,-5.202998,10.203903,0.277500,0.497928,0.792083,90.719385,-179.008221,-29.369332,0.174065,-0.184481,0.678251,0.689669,1308.796387,87019.226562,0.268599,0.031038,0.625977,0.371582,0.358291,15.125000,20.239437,0,0.000000,0, 202
69, 101,98531,98518,1,1,-0.105404,-0.207658,9.939614,0.000583,-0.003153,0.141341,-0.191296,-3.761421,9.723377,-0.174146,1.329205,0.059571,90.748981,-178.877600,-30.094968,0.178076,-0.189141,0.676634,0.688971,1308.496216,87026.632812,0.157620,-0.125704,0.625977,0.071411,0.084521,15.250000,20.316319,0,0.000000,0, 202
70, 101,100635,100618,1,1,-0.099975,-0.212413,9.934738,-0.011554,0.001972,0.136505,-1.152348,-5.202998,8.281800,-0.591065,1.808824,-0.554942,90.748345,-178.812945,-30.652841,0.181467,-0.192407,0.675545,0.688250,1308.513428,87022.585938,0.205567,-0.024947,0.625977,0.088623,0.060375,15.250000,20.375111,0,0.000000,0, 202
71, 101,102745,102708,1,1,-0.102591,-0.202416,9.957896,0.005961,-0.012663,0.159472,-0.191296,-5.202998,9.723377,-0.281711,-0.765069,-0.736903,90.764335,-178.926969,-31.136042,0.184396,-0.195205,0.675128,0.687092,1308.825317,87020.500000,0.993634,0.411091,0.625977,0.400513,0.274976,15.250000,20.433901,0,0.000000,0, 202
72, 101,104856,104848,1,1,-0.108663,-0.204543,9.945701,0.003543,0.001420,0.147396,-0.191296,-4.722473,10.203903,-0.609157,0.069116,-0.351864,90.673275,-178.873502,-31.300322,0.185108,-0.196447,0.674885,0.686785,1308.645264,87022.171875,-0.195633,0.049176,0.625977,0.220459,0.243613,15.375000,20.501734,0,0.000000,0, 202
73, 101,106984,106953,1,1,-0.111475,-0.192077,9.948160,0.010008,-0.023333,0.149606,-0.671822,-0.878266,9.723377,0.236207,0.181686,-0.273319,90.737745,-178.930056,-31.715980,0.187621,-0.198859,0.674591,0.685697,1308.794067,87019.093750,0.110595,0.030072,0.625977,0.369263,0.276343,15.375000,20.560524,0,0.000000,0, 202
74, 101,109128,109101,1,1,-0.109341,-0.209982,9.940980,-0.000970,0.006400,0.142796,-0.671822,-5.202998,10.203903,0.217569,0.660141,0.181213,90.654300,-178.818191,-32.050792,0.189427,-0.201043,0.673486,0.685650,1308.679199,87020.843750,0.562250,0.050665,0.625977,0.254395,0.230533,15.375000,20.623833,0,0.000000,0, 202
75, 101,111319,111295,1,1,-0.115622,-0.209716,9.957086,-0.001184,0.000505,0.158965,-1.632874,-5.202998,8.762325,-0.324312,0.258593,-0.392498,90.660434,-178.785611,-32.347305,0.190971,-0.203013,0.673054,0.685066,1308.888550,87018.828125,0.367226,0.245404,0.625977,0.463745,0.289864,15.500000,20.678099,0,0.000000,0, 202
76, 101,113443,113437,1,1,-0.099209,-0.198687,9.960944,-0.018632,-0.018781,0.162384,-1.152348,-5.202998,9.242851,-0.541699,0.038828,-0.848889,90.763051,-178.796403,-32.608334,0.192737,-0.204349,0.672000,0.685208,1308.382324,87025.484375,-0.881771,-0.075786,0.625977,-0.042480,0.005977,15.500000,20.741407,0,0.000000,0, 202
77, 101,115570,115550,1,1,-0.101460,-0.210814,9.948644,-0.024048,0.022768,0.150339,-1.632874,-3.280895,8.762325,0.233433,0.125610,0.180218,90.569804,-178.711039,-32.946394,0.194861,-0.206234,0.671913,0.684127,1308.456299,87025.437500,0.347720,0.036683,0.625977,0.031494,-0.017322,15.500000,20.795671,0,0.000000,0, 202
78, 101,117747,117742,1,1,-0.097924,-0.193784,9.955281,-0.020762,-0.008321,0.156623,-1.152348,-4.722473,10.203903,0.066325,-0.318065,-0.101858,90.675133,-178.799968,-33.054397,0.195828,-0.206535,0.672182,0.683495,1308.551758,87024.312500,0.764129,0.084369,0.625977,0.126953,-0.006773,15.750000,20.854456,0,0.000000,0, 202
79, 101,119851,119824,1,1,-0.104120,-0.191207,9.952368,-0.026514,-0.003171,0.153713,-0.191296,-5.202998,9.242851,0.136902,2.224241,-0.434604,90.607507,-178.741338,-33.381003,0.197532,-0.208693,0.671782,0.682743,1308.271240,87024.976562,0.467452,-0.147994,0.625977,-0.153564,-0.227560,15.625000,20.922283,0,0.000000,0, 202
80, 101,121930,121899,1,1,-0.071678,-0.186624,9.962957,0.101311,0.006187,0.163446,-1.632874,-2.800369,9.723377,-0.437476,-0.701440,0.122204,90.623981,-179.641024,-33.976783,0.205615,-0.207602,0.671905,0.680564,1308.367920,87027.054688,0.587711,0.165102,0.625977,-0.056885,-0.131754,15.750000,20.967501,0,0.000000,0, 202
81, 101,124015,123974,1,1,-0.090317,-0.230451,9.934444,-0.012735,0.016069,0.145853,-0.671822,-4.241947,9.242851,-0.143230,0.878414,-0.417195,90.618476,-178.776650,-34.352525,0.203305,-0.214393,0.669263,0.681755,1308.309204,87029.765625,0.428271,0.204193,0.625977,-0.115601,-0.059411,15.875000,21.030806,0,0.000000,0, 202
82, 101,126099,126097,1,1,-0.111110,-0.201356,9.944386,-0.002781,-0.004108,0.146044,-0.671822,-4.241947,10.203903,-0.154684,0.118881,-1.299139,90.609214,-178.795583,-34.876933,0.206011,-0.217848,0.668889,0.680212,1308.231079,87024.601562,0.422797,0.025122,0.625977,-0.193726,-0.221131,15.875000,21.094109,0,0.000000,0, 202
83, 101,128245,128230,1,1,-0.101199,-0.213667,9.942034,0.015813,-0.025430,0.143799,-1.152348,-5.683524,9.723377,-0.036496,-0.714617,-0.779470,90.808806,-178.900686,-35.563938,0.210302,-0.221632,0.667063,0.679470,1308.226196,87026.585938,0.116688,-0.020090,0.625977,-0.198608,-0.201762,15.875000,21.143847,0,0.000000,0, 202
84, 101,130326,130312,1,1,-0.095673,-0.201830,9.947979,-0.012413,-0.007641,0.149475,0.289230,-5.683524,10.203903,-0.048080,-0.674500,-0.484956,90.663993,-178.801566,-35.817758,0.211991,-0.222939,0.666971,0.678607,1308.349365,87023.390625,0.436215,-0.032416,0.625977,-0.075439,-0.179626,15.875000,21.207148,0,0.000000,0, 202
85, 101,132419,132401,1,1,-0.119627,-0.209136,9.946849,0.042599,-0.014627,0.148664,-1.152348,-4.241947,9.242851,0.044830,-1.607234,-0.247484,90.645531,-178.976351,-36.366837,0.214468,-0.226865,0.666004,0.677476,1308.342285,87025.195312,-0.601750,0.065373,0.625977,-0.082520,-0.019291,16.000000,21.265926,0,0.000000,0, 202
86, 101,134517,134488,1,1,-0.120930,-0.207112,9.951204,0.013039,-0.007025,0.153083,-1.152348,-3.761421,8.762325,-0.903318,1.073241,-0.731781,90.572823,-178.801211,-37.035874,0.218707,-0.230490,0.664738,0.676140,1308.438721,87024.132812,0.292172,0.046840,0.625977,0.013916,-0.021349,16.000000,21.320185,0,0.000000,0, 202
87, 101,136619,136617,1,1,-0.108129,-0.198127,9.963594,-0.016494,0.001314,0.165137,-0.191296,-3.761421,9.723377,0.118198,2.057049,0.716922,90.520743,-178.719809,-37.352505,0.219993,-0.232902,0.664239,0.675386,1308.517456,87024.945312,0.480693,-0.276302,0.625977,0.092651,-0.015521,16.125000,21.378962,0,0.000000,0, 202
88, 101,138721,138712,1,1,-0.172109,-0.185805,9.909790,-0.177891,-0.301249,0.105851,-0.671822,-3.761421,8.762325,0.484631,-0.083177,0.024159,91.983039,-177.527750,-37.704461,0.220405,-0.236815,0.663550,0.674568,1308.336670,87024.054688,-0.186939,0.000432,0.625977,-0.088135,-0.036735,16.125000,21.424175,0,0.000000,0, 202
89, 101,140822,140808,1,1,-0.091899,0.044579,9.941418,-0.090186,-0.221210,0.138072,-0.671822,-4.722473,9.242851,-0.415055,0.280982,-1.193178,90.746153,-179.221664,-38.068206,0.227990,-0.233228,0.670154,0.666722,1308.363770,87026.835938,0.192244,-0.015433,0.625977,-0.061035,-0.070648,16.125000,21.482952,0,0.000000,0, 202
90, 101,142963,142942,1,1,-0.094551,-0.190427,9.950081,0.002012,-0.031291,0.151303,-1.632874,-4.722473,9.242851,0.479471,-0.733300,-0.357851,90.701483,-178.904060,-38.385124,0.227518,-0.237445,0.661438,0.674059,1308.419434,87023.789062,0.259018,0.138494,0.625977,-0.005371,-0.096095,16.250000,21.537207,0,0.000000,0, 202
91, 101,145146,145133,1,1,-0.109058,-0.195179,9.958583,-0.002020,-0.003819,0.160091,-0.191296,-5.202998,10.684429,0.057611,0.427575,-0.048349,90.505382,-178.796539,-38.725731,0.228505,-0.240408,0.661791,0.672326,1308.493164,87022.804688,-0.153730,0.003422,0.625977,0.068359,0.090810,16.250000,21.586939,0,0.000000,0, 202
92, 101,147256,147234,1,1,-0.101775,-0.207380,9.958513,0.002643,0.005188,0.160191,-0.671822,-5.202998,10.203903,0.362942,1.113332,-0.023376,90.519261,-178.805091,-39.450828,0.232792,-0.244557,0.659869,0.671247,1308.440063,87023.875000,0.062941,-0.031734,0.625977,0.015259,-0.000262,16.375000,21.632151,0,0.000000,0, 202
93, 101,149397,149375,1,1,-0.261481,-0.190216,9.966862,0.087107,-0.102683,0.170196,0.769756,-4.722473,9.723377,0.186005,-0.290942,-1.294988,90.466409,-178.646439,-39.848649,0.230321,-0.251523,0.661286,0.668124,1308.635986,87020.914062,0.526573,-0.066479,0.625977,0.211182,0.049273,16.375000,21.681881,0,0.000000,0, 202
94, 101,151541,151514,1,1,-0.116937,-0.217499,9.950079,0.058494,-0.001190,0.151971,-0.191296,-5.202998,8.762325,0.303468,-1.636766,-0.461587,90.530551,-179.015010,-40.118912,0.236178,-0.248890,0.658391,0.669922,1308.848389,87018.851562,0.244684,0.141496,0.625977,0.423584,0.370052,16.500000,21.736134,0,0.000000,0, 202
95, 101,153695,153689,1,1,-0.088205,-0.207638,9.956119,0.002493,-0.005505,0.157672,-0.191296,-4.241947,8.762325,-0.017662,-0.740003,-0.057877,90.613135,-178.853790,-40.369987,0.238676,-0.249342,0.657632,0.669614,1308.994019,87015.703125,0.648156,0.139123,0.625977,0.569214,0.343031,16.500000,21.794905,0,0.000000,0, 202
96, 101,155839,155832,1,1,-0.097834,-0.227096,9.933441,0.009706,-0.001875,0.135513,0.289230,-5.202998,9.242851,0.164873,-0.267447,-0.745902,90.633789,-178.773248,-40.786249,0.240687,-0.252152,0.656422,0.669029,1308.745605,87024.554688,-0.161654,0.073148,0.625977,0.320801,0.379094,16.625000,21.844635,0,0.000000,0, 202
97, 101,158021,157989,1,1,-0.095657,-0.194651,9.939658,-0.042760,0.016984,0.140918,-0.191296,-5.202998,9.723377,-0.258735,0.956403,-0.433726,90.381018,-178.598915,-41.301041,0.243607,-0.255184,0.656345,0.666894,1308.854004,87019.796875,0.124536,-0.039757,0.625977,0.429199,0.346266,16.625000,21.885323,0,0.000000,0, 202
98, 101,160129,160108,1,1,-0.093432,-0.210482,9.954651,0.009867,0.017080,0.156295,0.289230,-3.761421,9.242851,0.742028,-0.289636,-0.323855,90.454743,-178.852451,-41.397165,0.244208,-0.255676,0.655660,0.667160,1308.701538,87019.687500,-0.216587,0.000343,0.625977,0.276733,0.255931,16.625000,21.939571,0,0.000000,0, 202
99, 101,162278,162273,1,1,-0.094555,-0.208826,9.931182,-0.005418,0.016691,0.132812,-0.671822,-4.722473,10.203903,0.081349,0.825018,0.089786,90.438330,-178.759328,-41.790079,0.246377,-0.258046,0.654853,0.666242,1308.523682,87024.406250,-0.215718,-0.165791,0.625977,0.098877,0.191276,16.750000,21.998343,0,0.000000,0, 202
100, 101,164352,164350,1,1,-0.109195,-0.187905,9.949101,0.009176,-0.020679,0.150449,-0.671822,-5.202998,9.723377,-0.486246,-0.064256,-0.079072,90.501728,-178.861399,-42.030764,0.248147,-0.259044,0.654614,0.665433,1308.677979,87026.085938,0.375804,0.141975,0.625977,0.253174,0.334971,16.750000,22.061630,0,0.000000,0, 202
101, 101,166430,166428,1,1,-0.103389,-0.216904,9.952415,-0.007434,0.020815,0.154291,-1.152348,-4.722473,8.762325,-0.194331,0.862870,-0.204345,90.401385,-178.676109,-42.375023,0.249320,-0.261839,0.653451,0.665043,1308.710327,87023.101562,0.075289,-0.035546,0.625977,0.285522,0.336306,16.750000,22.111359,0,0.000000,0, 202
102, 101,168514,168511,1,1,-0.110277,-0.184342,9.951058,-0.013145,-0.008430,0.152364,-1.632874,-5.202998,9.242851,-0.942160,0.057303,-0.376710,90.400716,-178.738906,-42.563318,0.250596,-0.262715,0.654114,0.663564,1308.582397,87023.875000,0.317318,0.022564,0.625977,0.157593,0.208198,16.875000,22.170126,0,0.000000,0, 202
103, 101,170598,170593,1,1,-0.106766,-0.202750,9.933654,0.013496,-0.017591,0.135272,-1.152348,-4.722473,9.723377,-0.171044,-0.600323,0.112302,90.536698,-178.830130,-42.995884,0.253028,-0.265250,0.652500,0.663222,1308.671875,87021.164062,-0.659596,-0.074122,0.625977,0.247070,0.211429,17.000000,22.206289,0,0.000000,0, 202
104, 101,172688,172678,1,1,-0.099436,-0.201253,9.944452,0.010035,0.005718,0.145979,-0.191296,-4.722473,9.242851,0.294957,-0.040319,-0.560083,90.417395,-178.845607,-43.325000,0.255128,-0.266929,0.651804,0.662427,1308.572998,87023.015625,-0.110836,-0.039852,0.625977,0.148193,0.236586,16.875000,22.260534,0,0.000000,0, 202
105, 101,174781,174762,1,1,-0.120251,-0.208391,9.948758,0.017268,0.004777,0.150651,-0.191296,-5.202998,10.203903,-0.396190,0.160898,-0.263107,90.365213,-178.770899,-43.543607,0.255614,-0.268940,0.651359,0.661864,1308.500610,87026.828125,-0.125745,0.096611,0.625977,0.075806,0.140149,17.000000,22.314779,0,0.000000,0, 202
106, 101,176882,176852,1,1,-0.120772,-0.203574,9.950885,0.005848,-0.015725,0.152686,-0.671822,-3.280895,9.242851,0.092629,0.066008,0.080071,90.453370,-178.720205,-43.876336,0.257542,-0.270825,0.650699,0.660997,1308.371338,87030.648438,-0.406146,-0.062485,0.625977,-0.053467,0.165191,17.000000,22.369024,0,0.000000,0, 202
107, 101,179045,179035,1,1,-0.100629,-0.211999,9.943397,-0.000065,0.013376,0.145156,-0.671822,-5.202998,10.684429,-0.340170,0.399972,-0.018195,90.393319,-178.732117,-44.246013,0.260134,-0.272475,0.649400,0.660581,1308.817139,87021.023438,0.436561,0.138450,0.625977,0.392334,0.329928,17.125000,22.405186,0,0.000000,0, 202
108, 101,181144,181126,1,1,-0.087553,-0.212460,9.949359,-0.012392,0.009593,0.151000,-1.152348,-4.722473,9.242851,-0.261480,0.420887,-0.707066,90.464291,-178.711818,-44.482116,0.261869,-0.273450,0.648646,0.660234,1308.764160,87020.890625,-0.264146,0.015528,0.625977,0.339355,0.326241,17.250000,22.459429,0,0.000000,0, 202
109, 101,183248,183219,1,1,-0.082562,-0.200852,9.940200,0.001850,0.013828,0.141562,-1.152348,-4.241947,9.723377,-0.101042,-0.779258,0.543204,90.408168,-178.858134,-44.709968,0.263510,-0.274400,0.648474,0.659355,1308.697144,87021.132812,0.208380,-0.012989,0.625977,0.272339,0.258840,17.250000,22.495590,0,0.000000,0, 202
110, 101,185378,185354,1,1,-0.111281,-0.201760,9.962863,0.008793,-0.005851,0.164521,-0.191296,-5.202998,10.203903,0.029574,-0.072933,0.137146,90.399890,-178.777319,-45.071421,0.264655,-0.277362,0.647955,0.658166,1308.586792,87025.734375,0.069029,0.043307,0.625977,0.161987,0.176362,17.250000,22.558872,0,0.000000,0, 202
111, 101,187523,187495,1,1,-0.103918,-0.196074,9.953815,0.016674,-0.022171,0.155250,-1.152348,-4.722473,9.242851,0.085698,-1.464675,0.261951,90.490916,-178.871589,-45.547127,0.267703,-0.279729,0.646893,0.656975,1308.660156,87021.039062,0.359764,-0.102888,0.625977,0.235352,0.213092,17.250000,22.595034,0,0.000000,0, 202
112, 101,189668,189640,1,1,-0.091642,-0.202956,9.925757,0.002291,0.002671,0.127255,-1.632874,-6.164050,8.762325,-0.035635,-1.015875,0.062008,90.431199,-178.808069,-45.363227,0.266882,-0.278471,0.646970,0.657767,1308.404663,87024.750000,-0.989488,-0.345236,0.625977,-0.020142,0.178696,17.375000,22.653795,0,0.000000,0, 202
113, 101,191813,191783,1,1,-0.102218,-0.218495,9.935038,0.005392,0.016701,0.136950,-0.671822,-3.761421,9.723377,-0.420360,-1.089929,-0.851501,90.357863,-178.716435,-45.869334,0.269170,-0.281938,0.645471,0.656830,1308.775146,87019.953125,-0.326582,-0.090158,0.626831,0.350342,0.405937,17.375000,22.694475,0,0.000000,0, 202
114, 101,193967,193967,1,1,-0.090727,-0.206431,9.947777,0.004819,0.009252,0.149327,-0.191296,-3.761421,9.242851,-0.266815,-0.455021,0.170069,90.393148,-178.808369,-46.164518,0.271416,-0.283043,0.645335,0.655563,1308.703491,87023.281250,-0.592907,0.002805,0.626831,0.278687,0.364965,17.375000,22.771313,0,0.000000,0, 202
115, 101,196162,196127,1,1,-0.115622,-0.193956,9.947250,-0.004967,-0.023779,0.148783,0.289230,-4.722473,10.203903,-0.380790,-0.649898,0.227909,90.418044,-178.701736,-46.714488,0.273855,-0.286830,0.644326,0.653892,1308.764893,87020.742188,-0.057325,-0.040364,0.626831,0.340088,0.354661,17.500000,22.798433,0,0.000000,0, 202
116, 101,198332,198320,1,1,-0.093214,-0.201392,9.944748,-0.014219,0.010132,0.146208,-0.671822,-4.722473,8.762325,0.353012,-1.697409,-1.080182,90.342953,-178.704359,-46.865401,0.275258,-0.287153,0.643501,0.653975,1308.787476,87020.585938,0.063037,-0.022164,0.626831,0.362671,0.333482,17.625000,22.852671,0,0.000000,0, 202
117, 101,200401,200390,1,1,-0.115173,-0.209213,9.947566,0.030828,-0.029550,0.149341,-2.113400,-4.241947,9.242851,0.069669,-0.255351,-0.338370,90.497766,-178.841810,-47.384506,0.277536,-0.290721,0.642242,0.652672,1308.715576,87023.484375,-0.236973,-0.046100,0.626831,0.290771,0.328947,17.625000,22.902390,0,0.000000,0, 202
118, 101,202471,202466,1,1,-0.080603,-0.214500,9.945368,-0.003092,0.037015,0.146938,-0.671822,-5.202998,10.203903,0.163461,-1.558165,0.282923,90.274733,-178.755790,-47.708123,0.280203,-0.291737,0.640951,0.652347,1308.666748,87024.796875,-0.179860,-0.235978,0.626831,0.241943,0.325758,17.625000,22.934027,0,0.000000,0, 202
119, 101,204549,204544,1,1,-0.084602,-0.218641,9.940685,-0.013076,0.021863,0.142417,-2.113400,-5.683524,9.723377,-0.407666,0.506889,0.302225,90.354599,-178.661998,-48.007139,0.280997,-0.294301,0.640541,0.651256,1308.958252,87019.703125,0.278489,0.121890,0.717285,0.533447,0.500929,17.625000,22.988264,0,0.000000,0, 202
120, 101,206626,206619,1,1,-0.115909,-0.200117,9.951228,0.028719,-0.043345,0.152779,-0.671822,-5.202998,9.723377,-0.430998,-2.007252,0.161672,90.519329,-178.861658,-48.225309,0.282363,-0.295375,0.640454,0.650264,1309.033569,87017.656250,0.268540,0.045582,0.806641,0.608765,0.570038,17.750000,23.037979,0,0.000000,0, 202
121, 101,208711,208702,1,1,-0.102267,-0.195744,9.943098,0.010440,-0.023141,0.144518,-1.152348,-4.241947,9.242851,0.263704,-0.236140,-0.857888,90.435379,-178.824120,-48.681026,0.285326,-0.297552,0.639305,0.649108,1308.960449,87018.867188,0.053804,0.016064,0.806641,0.535645,0.517701,17.875000,23.074137,0,0.000000,0, 202
122, 101,210798,210784,1,1,-0.097766,-0.217673,9.958492,-0.017584,0.013371,0.160326,-1.152348,-5.202998,9.242851,-0.248790,0.995792,-0.612211,90.312456,-178.582590,-49.332896,0.288652,-0.301562,0.636970,0.648082,1308.799805,87021.664062,0.057694,-0.065139,0.806641,0.375000,0.445120,17.875000,23.128372,0,0.000000,0, 202
123, 101,212963,212926,1,1,-0.090642,-0.208272,9.943227,-0.009452,0.011165,0.144810,-0.671822,-4.722473,9.242851,-0.495370,-0.371164,0.283963,90.306787,-178.690630,-50.005283,0.292773,-0.304967,0.635463,0.646116,1308.640137,87020.992188,-0.924617,-0.340435,0.806641,0.215332,0.316925,17.875000,23.160007,0,0.000000,0, 202
124, 101,215056,215053,1,1,-0.074354,-0.244175,9.957076,-0.015457,0.041376,0.159249,0.289230,-4.722473,9.723377,-0.125078,0.465586,0.210663,90.331793,-178.557688,-50.229430,0.293952,-0.306315,0.633568,0.646804,1308.972412,87017.757812,0.768956,0.314350,0.806641,0.547607,0.405155,18.000000,23.218761,0,0.000000,0, 202
125, 101,217147,217140,1,1,-0.132872,-0.203224,9.951165,0.026776,-0.042279,0.153001,-0.671822,-5.683524,9.723377,-0.403641,-1.137781,-0.048682,90.403585,-178.765599,-50.239699,0.292975,-0.307351,0.635551,0.644807,1308.648804,87024.500000,0.101813,0.010128,0.806641,0.223999,0.273634,18.000000,23.272995,0,0.000000,0, 202
126, 101,219241,219230,1,1,-0.110690,-0.198291,9.952606,0.000900,-0.006583,0.154195,0.289230,-5.202998,10.684429,0.357985,-1.088415,0.247551,90.263866,-178.717733,-50.872509,0.297139,-0.310264,0.633823,0.643205,1308.560425,87020.859375,0.567198,-0.115420,0.806641,0.135620,0.066679,18.125000,23.304630,0,0.000000,0, 202
127, 101,221352,221329,1,1,-0.082396,-0.218287,9.945423,-0.003162,0.038031,0.147086,-0.191296,-4.241947,9.723377,-0.744971,0.203929,-0.047628,90.197026,-178.703881,-51.284274,0.299937,-0.312070,0.631802,0.643021,1308.589355,87024.734375,-0.011099,0.085140,0.806641,0.164551,0.176041,18.000000,23.354343,0,0.000000,0, 202
128, 101,223497,223466,1,1,-0.112966,-0.195434,9.951050,0.008166,-0.024811,0.152576,-1.152348,-3.280895,9.723377,-0.011934,-0.661655,-0.683177,90.335392,-178.761856,-51.448291,0.300340,-0.313468,0.632403,0.641561,1308.636475,87020.796875,0.716302,0.013801,0.806641,0.211670,0.119129,18.000000,23.399536,0,0.000000,0, 202
129, 101,225607,225601,1,1,-0.060042,-0.229964,9.935201,0.016479,0.060051,0.136848,-0.191296,-5.202998,10.684429,1.016378,-2.197440,-0.276261,90.200346,-178.838326,-51.859697,0.303286,-0.315098,0.631637,0.640130,1308.640015,87019.226562,0.539062,-0.111537,0.806641,0.215210,0.063367,18.125000,23.426651,0,0.000000,0, 202
130, 101,227724,227707,1,1,-0.089873,-0.240420,9.948400,0.008775,0.027920,0.150667,-0.671822,-3.761421,10.203903,-0.770350,1.022736,-1.318020,90.278524,-178.639390,-52.210536,0.304502,-0.317786,0.628745,0.641070,1308.356201,87027.937500,-0.310012,-0.121468,0.806641,-0.068604,0.008296,18.125000,23.480881,0,0.000000,0, 202
131, 101,229902,229902,1,1,-0.079203,-0.211472,9.934770,0.025679,0.005686,0.136301,-0.671822,-4.722473,10.203903,0.284674,0.228069,0.016939,90.354428,-178.904852,-52.166465,0.305130,-0.316663,0.629583,0.640504,1308.461304,87023.101562,0.109542,-0.234963,0.806641,0.036499,-0.017700,18.250000,23.521553,0,0.000000,0, 202
132, 101,232017,232005,1,1,-0.089705,-0.202216,9.948552,-0.023500,-0.001125,0.149984,-1.152348,-4.241947,8.762325,0.325958,-0.885423,0.070294,90.316110,-178.629049,-52.008605,0.303937,-0.316114,0.630369,0.640569,1308.525391,87021.429688,0.101188,0.003684,0.806641,0.100586,0.012421,18.250000,23.553188,0,0.000000,0, 202
133, 101,234134,234106,1,1,-0.106370,-0.224484,9.938921,-0.012696,0.010621,0.141011,-0.671822,-5.202998,9.242851,-1.173067,0.298647,-0.816105,90.243847,-178.527963,-52.343059,0.304900,-0.318848,0.629069,0.640034,1308.513428,87022.421875,-0.124209,-0.102221,0.806641,0.088623,0.002652,18.250000,23.598379,0,0.000000,0, 202
134, 101,236262,236250,1,1,-0.103082,-0.217407,9.963159,-0.001101,0.010693,0.165058,-0.191296,-4.241947,9.723377,-0.558667,-0.244652,-0.820542,90.212483,-178.637655,-53.209592,0.309728,-0.323587,0.627246,0.637120,1308.340332,87026.578125,-0.536162,-0.001756,0.806641,-0.084473,-0.041257,18.375000,23.634531,0,0.000000,0, 202
135, 101,238392,238359,1,1,-0.120240,-0.192544,9.952837,0.130742,0.012992,0.153558,-1.632874,-5.683524,9.723377,-0.343434,-0.152467,-6.564705,90.028484,-179.449984,-53.482925,0.311660,-0.324654,0.627506,0.635377,1308.395996,87023.523438,0.578129,-0.040501,0.806641,-0.028809,-0.041784,18.375000,23.684240,0,0.000000,0, 202
136, 101,240574,240560,1,1,-0.070246,-0.190029,9.943003,-0.024866,0.007592,0.144033,-1.152348,-4.722473,9.723377,0.395579,-0.860658,0.372658,90.260526,-178.729795,-54.602523,0.318922,-0.329740,0.623422,0.633171,1308.380005,87027.773438,-0.215036,-0.021853,0.806641,-0.044800,0.011865,18.375000,23.715872,0,0.000000,0, 202
137, 101,242649,242634,1,1,-0.118185,-0.229847,9.957929,0.050169,0.011145,0.160149,-0.671822,-4.241947,9.242851,0.204434,0.051417,-0.694551,90.139557,-178.815841,-54.914045,0.318673,-0.333363,0.622212,0.632588,1308.249634,87024.812500,0.152304,-0.141737,0.806641,-0.175171,-0.133692,18.500000,23.761061,0,0.000000,0, 202
138, 101,244728,244714,1,1,0.086170,-0.047581,9.935511,-0.468708,-0.081828,0.123600,-3.074451,0.563312,10.684429,-1.797925,1.555269,6.173108,91.037911,-177.351736,-55.465921,0.329830,-0.328661,0.621804,0.629725,1308.282227,87022.929688,0.146750,-0.230993,0.806641,-0.142578,-0.191060,18.500000,23.801731,0,0.000000,0, 202
139, 101,246885,246847,1,1,-0.140886,-0.151113,9.946823,0.007042,0.062593,0.163127,-1.152348,-3.280895,9.242851,0.083508,0.802607,-5.324970,89.587548,-178.432804,-53.543687,0.308665,-0.328225,0.629179,0.633346,1308.073730,87030.937500,-0.293702,0.097820,0.806641,-0.351074,-0.248102,18.500000,23.842400,0,0.000000,0, 202
140, 101,248968,248928,1,1,-0.142630,-0.185210,9.945938,0.070407,-0.146020,0.153735,-0.671822,-4.241947,10.203903,-0.121077,0.432146,-1.246651,90.335153,-178.644281,-51.441945,0.300237,-0.313515,0.631494,0.642481,1308.284546,87025.398438,-0.323005,-0.022514,0.806641,-0.140259,-0.207187,18.500000,23.869513,0,0.000000,0, 202
141, 101,251058,251018,1,1,-0.307317,-0.250391,9.962637,0.221754,-0.237408,0.164226,-0.671822,-3.761421,11.164955,1.757762,-1.715695,9.393883,90.556137,-179.144128,-59.957279,0.350473,-0.356193,0.606856,0.618078,1308.123657,87024.507812,0.470710,-0.086437,0.806641,-0.301147,-0.361518,18.500000,23.910181,0,0.000000,0, 202
142, 101,253167,253149,1,1,-0.129752,-0.259753,9.697804,0.062409,0.001822,-0.099051,-0.191296,-3.280895,9.723377,2.408691,0.190927,-5.516390,89.920677,-178.654977,-65.748596,0.374849,-0.392694,0.588556,0.599066,1308.250488,87027.765625,-0.508368,-0.119236,0.806641,-0.174316,-0.139675,18.625000,23.941813,0,0.000000,0, 202
143, 101,255328,255311,1,1,-0.258780,-0.130290,9.934738,-0.137225,-0.047854,0.136899,-1.152348,-3.280895,10.203903,0.211907,0.097422,-4.987636,89.280531,-177.867128,-63.298136,0.360274,-0.381466,0.602431,0.601468,1308.807129,87018.453125,0.668553,0.166705,0.806641,0.382324,0.285344,18.750000,24.005074,0,0.000000,0, 202
144, 101,257425,257401,1,1,-0.178339,-0.096380,9.479038,-0.250881,-0.043544,-0.323214,-1.632874,-3.280895,9.723377,-0.072632,1.672634,-0.395848,89.550296,-177.487083,-63.961976,0.366126,-0.382631,0.599650,0.599971,1309.013794,87014.890625,0.545199,0.221481,0.806641,0.588989,0.445522,18.750000,24.032187,0,0.000000,0, 202
145, 101,259531,259493,1,1,-0.091715,-0.120085,9.969549,-0.078245,0.032236,0.169335,-0.671822,-2.800369,9.723377,-0.593070,-0.019418,-0.165327,89.673321,-178.693622,-62.002989,0.358898,-0.369453,0.604069,0.608109,1308.716675,87023.578125,-0.501584,0.070467,0.806641,0.291870,0.458660,18.750000,24.086409,0,0.000000,0, 202
146, 101,261638,261632,1,1,-0.137523,-0.145162,9.952173,-0.000766,-0.031056,0.153133,-1.152348,-4.722473,10.203903,-0.225475,-0.889177,-0.054911,89.859424,-178.889730,-62.655907,0.360818,-0.374415,0.602033,0.605954,1308.692139,87020.601562,0.078934,0.016251,0.806641,0.267334,0.261176,18.875000,24.131594,0,0.000000,0, 202
147, 101,263800,263774,1,1,-0.125368,-0.150997,9.960765,0.006490,0.002412,0.161696,-1.152348,-4.722473,9.242851,0.466417,-0.790838,-0.508807,89.740933,-178.935506,-62.844639,0.362040,-0.375190,0.601152,0.605620,1308.628052,87022.562500,-0.131925,-0.087628,0.806641,0.203247,0.200940,18.875000,24.176779,0,0.000000,0, 202
148, 101,265906,265901,1,1,-0.150287,-0.169723,9.948574,0.015597,-0.027297,0.150107,-1.152348,-2.800369,10.203903,0.292312,-0.644461,0.274693,89.832321,-178.825486,-62.886528,0.362113,-0.375559,0.600348,0.606144,1308.680664,87021.351562,-0.404306,0.143750,0.806641,0.255859,0.317721,19.000000,24.231001,0,0.000000,0, 202
149, 101,268014,268000,1,1,-0.130980,-0.155950,9.939981,0.001038,0.020240,0.141047,-1.152348,-5.202998,9.242851,-0.830437,1.201896,-1.175658,89.619657,-178.862232,-62.957631,0.362303,-0.376109,0.600787,0.605256,1308.763550,87023.414062,0.171123,0.048686,0.806641,0.338745,0.394158,19.000000,24.271666,0,0.000000,0, 202
150, 101,270126,270095,1,1,-0.129121,-0.185137,9.959299,0.049790,0.015971,0.160719,-0.671822,-4.241947,10.203903,0.031868,0.527048,-0.527202,89.725497,-179.000953,-63.194386,0.363231,-0.377682,0.599191,0.605301,1308.728882,87023.601562,-0.803109,0.024968,0.806641,0.304077,0.352764,19.000000,24.307812,0,0.000000,0, 202
151, 101,272244,272237,1,1,-0.164247,-0.157082,9.951088,0.072775,-0.030668,0.152370,0.289230,-4.722473,10.684429,0.577442,0.273187,0.005486,89.735380,-179.187199,-63.429358,0.364066,-0.379304,0.599853,0.603126,1308.639282,87022.585938,-0.839481,-0.401889,0.806641,0.214478,0.276867,19.000000,24.352995,0,0.000000,0, 202
152, 101,274364,274341,1,1,-0.219715,-0.087492,9.946745,-0.096260,-0.122695,0.147334,-0.671822,-4.722473,9.723377,-1.294343,-0.899583,-5.466657,89.721816,-178.504617,-68.019115,0.387161,-0.403664,0.587393,0.584920,1308.540771,87022.562500,-0.300386,-0.126141,0.806641,0.115967,0.101095,19.125000,24.398178,0,0.000000,0, 202
153, 101,276489,276482,1,1,-0.758342,-0.113520,9.560183,0.355523,-0.665097,-0.239812,-2.113400,-4.722473,9.242851,-0.146660,-1.366572,-6.684809,89.884606,179.942194,-71.701120,0.414006,-0.414261,0.573929,0.572357,1308.488525,87023.625000,0.176836,-0.002363,0.806641,0.063721,0.080006,19.125000,24.438841,0,0.000000,0, 202
154, 101,278615,278588,1,1,-0.218114,-0.211572,10.042355,-0.005986,0.154506,0.244761,-1.152348,-5.202998,10.203903,1.053505,-1.441179,-1.129213,88.530945,-178.335420,-63.958943,0.363636,-0.385157,0.597955,0.601558,1308.729614,87017.656250,1.007971,0.273762,0.806641,0.304810,0.155797,19.125000,24.484024,0,0.000000,0, 202
155, 101,280864,280838,1,1,-0.175092,-0.195524,9.931130,0.020442,0.019857,0.133557,-1.152348,-4.722473,10.203903,0.131834,0.428427,0.102653,89.308733,-178.718170,-70.551831,0.399211,-0.417387,0.575256,0.579222,1308.401001,87026.750000,-0.991900,-0.123826,0.806641,-0.023804,0.198351,19.250000,24.520168,0,0.000000,0, 202
156, 101,282936,282912,1,1,0.305444,0.090947,9.872139,-0.524631,0.414332,0.053633,-0.671822,-4.722473,10.684429,-1.912024,0.502663,-32.130839,89.098629,-178.029851,-71.019057,0.419082,-0.402281,0.571965,0.579134,1308.367188,87023.953125,0.656987,-0.027638,0.806641,-0.057617,-0.104202,19.250000,24.556313,0,0.000000,0, 202
157, 101,285012,284983,1,1,-0.033861,-0.116728,10.001602,-0.000410,-0.006902,0.201338,-1.152348,-4.722473,9.723377,-0.514982,-0.367420,-27.657676,90.133936,-179.307847,-66.030690,0.382033,-0.388512,0.590085,0.595742,1308.702026,87017.187500,1.021334,0.397194,0.806641,0.277222,0.062105,19.250000,24.592457,0,0.000000,0, 202
158, 101,287094,287093,1,1,-0.116027,-0.144983,9.949523,0.130118,0.104950,0.148851,-0.191296,-5.202998,9.723377,-0.784606,-0.096646,9.088231,89.216532,-179.695092,-60.975421,0.354658,-0.362807,0.612542,0.606119,1308.783447,87018.148438,0.408102,0.222392,0.806641,0.358643,0.265681,19.250000,24.637638,0,0.000000,0, 202
159, 101,289199,289177,1,1,-0.135223,0.031343,10.012207,-0.030635,-0.103297,0.211590,-0.191296,-5.202998,10.684429,-1.120962,-0.063954,-14.091701,89.828169,-179.603622,-60.791580,0.354286,-0.361221,0.612912,0.606910,1308.710205,87023.265625,-0.221446,-0.060443,0.806641,0.285400,0.352832,19.375000,24.673780,0,0.000000,0, 202
160, 101,291283,291253,1,1,-0.112795,-0.226294,9.918485,0.038245,0.126965,0.119821,-0.671822,-2.800369,9.242851,0.189300,-0.821577,2.076460,89.139535,-178.766104,-68.505520,0.388628,-0.407191,0.584553,0.584347,1309.009521,87018.898438,0.615890,0.251720,0.806641,0.584717,0.446167,19.375000,24.691853,0,0.000000,0, 202
161, 101,293377,293336,1,1,-0.205905,-0.205181,9.938787,-0.031004,0.075999,0.140868,-1.632874,-3.280895,9.242851,-0.473331,-0.582438,0.043325,89.159042,-178.434676,-74.009157,0.416941,-0.434102,0.561652,0.567682,1308.823853,87018.859375,-0.304076,0.064623,0.806641,0.399048,0.334358,19.500000,24.737032,0,0.000000,0, 202
162, 101,295471,295466,1,1,-0.112351,-0.083175,9.942256,-0.175594,0.030229,0.140642,-1.152348,-4.241947,9.723377,-0.777860,1.714309,7.353499,89.327133,-178.355391,-74.752507,0.423640,-0.434703,0.561725,0.562164,1308.801270,87017.828125,-0.705144,-0.032424,0.806641,0.376465,0.425170,19.500000,24.782209,0,0.000000,0, 202
163, 101,297628,297601,1,1,-0.190141,-0.133004,9.954386,0.000098,0.041577,0.156003,-0.191296,-3.761421,10.684429,0.183159,0.786664,-0.340389,88.835380,-179.037795,-78.842055,0.439787,-0.458087,0.548012,0.544450,1309.058594,87017.992188,0.141922,0.230668,0.806641,0.633789,0.526165,19.500000,24.818354,0,0.000000,0, 202
164, 101,299726,299689,1,1,-0.107767,-0.166809,9.959077,0.013381,0.022565,0.160022,-2.113400,-5.683524,9.723377,0.108546,-0.147638,-1.264633,89.683130,-178.950014,-66.561238,0.381496,-0.394474,0.589198,0.593040,1309.072144,87018.937500,0.431432,0.219550,0.806641,0.647339,0.559131,19.500000,24.863531,0,0.000000,0, 202
165, 101,301825,301821,1,1,-0.178235,-0.147461,9.935501,-0.020046,-0.003778,0.137173,0.289230,-3.280895,10.203903,0.259105,-0.787255,0.134481,89.220446,-178.818177,-76.532276,0.429145,-0.446554,0.554428,0.555908,1308.885620,87014.046875,-0.702405,-0.052539,0.806641,0.460815,0.357226,19.625000,24.904190,0,0.000000,0, 202
166, 101,303925,303916,1,1,-0.190183,-0.147883,9.950713,0.011998,-0.030565,0.152575,-1.632874,-4.722473,10.684429,0.291476,-1.255083,0.354712,89.303344,-178.991049,-76.859887,0.430985,-0.447898,0.553938,0.553888,1308.866699,87019.632812,0.810138,0.164567,0.806641,0.441895,0.453401,19.500000,24.962919,0,0.000000,0, 202
167, 101,306031,306011,1,1,-0.160865,-0.140204,9.939146,-0.020958,0.013953,0.140405,-1.152348,-4.722473,9.723377,0.345300,0.080484,0.473130,89.196738,-178.884075,-77.070926,0.432792,-0.448134,0.552768,0.553457,1308.878540,87020.781250,0.742158,0.098055,0.806641,0.453735,0.327600,19.625000,24.999062,0,0.000000,0, 202
168, 101,308143,308103,1,1,-0.193214,-0.124801,9.953598,-0.016207,0.012802,0.162413,0.289230,-4.722473,9.242851,0.056116,1.184938,-0.743963,89.028435,-179.004587,-76.751362,0.430373,-0.447446,0.555219,0.553446,1308.550049,87025.273438,-0.015432,-0.300582,0.806641,0.125244,0.219383,19.750000,25.062307,0,0.000000,0, 202
169, 101,310259,310248,1,1,-0.208832,-0.135367,9.961043,-0.004581,-0.008639,0.163147,-1.152348,-4.241947,9.723377,0.253084,0.167019,0.209174,89.053072,-178.946435,-77.089695,0.431755,-0.449321,0.553861,0.552210,1308.517578,87024.437500,0.249699,0.271017,0.806641,0.092773,0.093126,19.625000,25.098448,0,0.000000,0, 202
170, 101,312376,312349,1,1,-0.178926,-0.122973,9.943487,-0.007196,0.019653,0.144835,-1.152348,-3.761421,9.723377,0.761805,0.064698,0.127454,89.037424,-179.040281,-77.271112,0.433668,-0.449191,0.552935,0.551745,1308.549438,87026.367188,0.153273,0.096098,0.806641,0.124634,0.047211,19.750000,25.143621,0,0.000000,0, 202
171, 101,314572,314553,1,1,-0.179644,-0.130850,9.957051,0.001582,0.046919,0.158421,0.289230,-5.683524,9.723377,0.795225,0.077553,0.229994,88.883205,-179.051060,-77.547755,0.434781,-0.450743,0.551775,0.550764,1308.741577,87022.343750,0.531951,0.269282,0.806641,0.316772,0.275288,19.875000,25.188797,0,0.000000,0, 202
172, 101,316695,316695,1,1,-0.191996,-0.134331,9.947447,-0.008559,0.007684,0.149200,-1.152348,-3.761421,9.723377,0.168344,-0.333697,0.115576,89.040183,-178.959371,-77.707492,0.435171,-0.451868,0.551219,0.550090,1308.962524,87017.328125,0.471123,0.222003,0.806641,0.537720,0.476089,19.875000,25.233971,0,0.000000,0, 202
173, 101,318817,318802,1,1,-0.187971,-0.133104,9.956850,-0.010507,0.003428,0.158508,-2.113400,-4.241947,11.164955,-0.057970,0.214256,-0.439072,89.080365,-178.966789,-78.078782,0.437107,-0.453499,0.549734,0.548697,1308.822876,87024.421875,-0.288023,-0.079430,0.806641,0.398071,0.505241,20.000000,25.270109,0,0.000000,0, 202
174, 101,320997,320959,1,1,-0.203244,-0.121822,9.961165,-0.016858,-0.006109,0.162967,-1.152348,-4.722473,10.203903,0.184233,0.274475,-0.460117,89.029576,-178.983318,-78.494153,0.438641,-0.455934,0.548262,0.546925,1309.182983,87016.429688,0.634332,0.077231,0.895020,0.758179,0.670197,20.000000,25.315283,0,0.000000,0, 202
175, 101,323072,323037,1,1,-0.197213,-0.130956,9.937845,-0.009920,-0.024394,0.153971,-1.152348,-4.241947,10.203903,0.152735,-0.660955,-0.210926,89.161843,-179.025569,-78.635982,0.440049,-0.455906,0.547232,0.546849,1309.208618,87013.179688,0.355986,0.095157,0.895020,0.783813,0.690224,20.125000,25.369490,0,0.000000,0, 202
176, 101,325149,325116,1,1,-0.201994,-0.131717,9.946378,-0.007580,-0.018889,0.148280,-1.632874,-3.280895,9.723377,0.450193,-0.359235,0.965904,89.112208,-178.988959,-78.963312,0.441234,-0.457830,0.546019,0.545497,1308.845215,87020.523438,-0.401194,-0.188044,0.895020,0.420410,0.515304,20.000000,25.437246,0,0.000000,0, 202
177, 101,327231,327191,1,1,-0.194471,-0.154455,9.945521,0.017235,0.015041,0.136824,-1.632874,-3.761421,9.723377,-0.961751,1.990365,-0.571356,88.945852,-179.051715,-79.031771,0.441198,-0.458503,0.546784,0.544194,1308.973389,87020.664062,-0.113918,-0.060558,0.895020,0.548584,0.535210,20.125000,25.473385,0,0.000000,0, 202
178, 101,329313,329310,1,1,-0.202522,-0.127357,9.958799,-0.000356,-0.010110,0.160667,-1.152348,-4.722473,9.723377,-0.387326,-1.599574,-0.845054,89.046426,-179.065075,-79.490069,0.443638,-0.460429,0.544777,0.542595,1308.859863,87022.265625,0.850665,-0.019554,0.895020,0.435059,0.441320,20.125000,25.532106,0,0.000000,0, 202
179, 101,331460,331443,1,1,-0.199113,-0.134809,9.935041,0.001413,-0.020964,0.136929,-1.632874,-4.722473,9.723377,-0.256303,-0.220437,0.107642,89.126790,-179.041620,-79.908999,0.445559,-0.462477,0.542847,0.541211,1308.625732,87023.078125,0.166613,-0.130081,0.895020,0.200928,0.296701,20.250000,25.581793,0,0.000000,0, 202
180, 101,333543,333527,1,1,-0.204923,-0.134947,9.942056,-0.003820,0.010873,0.144076,-0.191296,-3.280895,10.203903,0.096712,-0.214458,-1.114757,88.904795,-179.012278,-80.286715,0.447097,-0.464493,0.541581,0.539482,1308.684692,87024.992188,-0.248050,-0.049740,0.895020,0.259888,0.360908,20.250000,25.626963,0,0.000000,0, 202
181, 101,335636,335617,1,1,-0.195530,-0.134820,9.950330,-0.004227,-0.000996,0.152163,-1.152348,-4.241947,9.242851,0.629229,-0.151595,0.182699,89.021557,-179.026403,-80.625336,0.448992,-0.465800,0.540011,0.538354,1308.572266,87023.039062,-0.265384,-0.124412,0.895020,0.147461,0.200395,20.375000,25.667616,0,0.000000,0, 202
182, 101,337726,337693,1,1,-0.200799,-0.127338,9.935308,-0.013733,-0.002857,0.137142,-0.671822,-2.800369,10.203903,-0.412198,0.697935,-0.063946,88.989046,-179.013097,-80.925229,0.450121,-0.467484,0.538776,0.537188,1308.647095,87018.992188,-0.302953,-0.066302,0.895020,0.222290,0.108293,20.250000,25.712786,0,0.000000,0, 202
183, 101,339825,339820,1,1,-0.198518,-0.126515,9.950521,0.002595,-0.004913,0.152303,-1.152348,-4.722473,9.242851,-0.060522,0.390619,0.206383,89.007030,-179.124006,-81.411969,0.453000,-0.469186,0.537148,0.534909,1308.556885,87024.093750,-0.193890,0.206033,0.895020,0.132080,0.146686,20.375000,25.748920,0,0.000000,0, 202
184, 101,341924,341913,1,1,-0.195113,-0.144041,9.934776,0.014817,0.007243,0.136722,-1.632874,-3.280895,9.242851,-0.136717,0.482272,0.258617,88.965297,-179.100729,-81.679063,0.453759,-0.470920,0.535662,0.534231,1308.337646,87026.320312,-0.786565,-0.175192,0.895020,-0.087158,0.060638,20.375000,25.780539,0,0.000000,0, 202
185, 101,344032,344012,1,1,-0.204092,-0.128898,9.965796,0.000992,-0.000242,0.167719,-0.671822,-4.722473,10.203903,0.054474,-0.757183,0.355010,88.941057,-179.110714,-82.113142,0.455900,-0.472817,0.534504,0.531888,1308.637939,87023.695312,-0.062027,0.073431,0.895020,0.213135,0.167621,20.375000,25.807638,0,0.000000,0, 202
186, 101,346176,346153,1,1,-0.192147,-0.126056,9.944073,-0.010204,0.006279,0.145721,-0.671822,-4.241947,9.723377,-0.324975,-0.701578,-0.518780,88.960994,-179.076919,-82.513992,0.457710,-0.474729,0.532633,0.530505,1308.660889,87019.960938,-0.827164,0.109005,0.895020,0.236084,0.340794,20.375000,25.839256,0,0.000000,0, 202
187, 101,348358,348339,1,1,-0.202461,-0.121204,9.947993,0.000813,0.003613,0.149791,-0.191296,-3.280895,9.723377,0.805768,-0.030075,0.290997,88.912664,-179.162678,-82.621014,0.458467,-0.474973,0.532658,0.529608,1308.752930,87018.109375,0.051285,0.064504,0.895020,0.328125,0.249024,20.625000,25.875389,0,0.000000,0, 202
188, 101,350465,350438,1,1,-0.195892,-0.141640,9.943141,0.008904,0.000048,0.145075,-1.152348,-4.722473,8.762325,-0.315123,1.734741,-0.609839,88.978001,-179.104868,-83.063973,0.460241,-0.477297,0.530191,0.528454,1308.889648,87019.898438,0.354767,0.359646,0.895020,0.464844,0.413487,20.500000,25.925074,0,0.000000,0, 202
189, 101,352610,352608,1,1,-0.217156,-0.123102,9.947728,0.011992,-0.013466,0.149843,-0.671822,-4.241947,9.723377,-0.094190,0.362957,0.011474,88.919678,-179.217197,-83.210029,0.461409,-0.477485,0.530504,0.526949,1308.785645,87020.140625,0.274156,0.110957,0.895020,0.360840,0.284210,20.625000,25.956690,0,0.000000,0, 202
190, 101,354755,354753,1,1,-0.189713,-0.129563,9.934349,-0.009067,0.008139,0.135998,-0.191296,-3.280895,10.684429,0.268562,0.535678,-0.018904,88.952948,-179.078940,-83.354734,0.461566,-0.478648,0.529181,0.527088,1308.643921,87022.250000,0.131552,-0.101320,0.895020,0.219116,0.182966,20.625000,25.992823,0,0.000000,0, 202
191, 101,356899,356868,1,1,-0.198571,-0.103932,9.951699,-0.013353,-0.035213,0.153151,-1.152348,-3.280895,9.723377,0.405087,-1.810732,-0.379475,89.135109,-179.198660,-83.470048,0.462973,-0.478319,0.529480,0.525850,1308.529419,87023.375000,0.375848,0.043589,0.895020,0.104614,0.076538,20.750000,26.028955,0,0.000000,0, 202
192, 101,359045,359018,1,1,-0.200652,-0.144944,9.961583,0.009575,-0.015059,0.163642,-0.671822,-5.202998,9.723377,0.067800,-0.906582,0.238887,89.030184,-179.101016,-83.762216,0.463864,-0.480114,0.527212,0.525707,1308.636841,87020.523438,0.155616,-0.090814,0.895020,0.212036,0.110956,20.750000,26.065086,0,0.000000,0, 202
193, 101,361223,361211,1,1,-6.614958,7.529158,90.560249,-5.044971,-2.144640,81.147079,-4.035503,2.485415,85.646461,63.896679,-0.287739,-540.705806,88.775862,177.407224,-107.234831,0.576417,-0.560766,0.454729,0.382763,1328.835449,86766.062500,64.940605,20.292534,20.410645,20.410645,7.818525,20.750000,26.110252,0,0.000000,0, 202
194, 101,361609,361713,1,1,-8.503304,3.974199,64.640953,-8.508299,2.513577,54.912552,-6.438133,2.485415,60.659119,39.334855,-13.756918,-938.200904,83.383380,-179.521496,-123.051500,-0.583171,0.657722,-0.353572,-0.319844,1360.613037,86396.226562,94.264000,53.040936,52.188232,52.188232,28.720232,20.750000,26.119286,2,0.000000,0, 202
195, 101,362116,362105,1,1,-0.026641,3.642172,17.796577,-2.563213,3.322525,7.873136,1.250281,-2.319843,-0.367666,1.144213,6.784855,-1024.874147,88.454385,-179.070239,-141.770876,0.657123,-0.678902,0.229295,0.233890,1395.425537,86015.953125,147.823593,87.307434,87.000732,87.000732,54.135159,20.750000,26.110252,2,0.000000,0, 202
196, 101,362198,362105,1,1,-0.026641,3.642172,17.796577,-2.563213,3.322525,7.873136,1.250281,-2.319843,-0.367666,1.144213,6.784855,-1024.874147,88.454385,-179.070239,-141.770876,0.657123,-0.678902,0.229295,0.233890,1395.425537,86015.953125,147.823593,87.307434,87.000732,87.000732,54.135159,20.750000,26.110252,2,0.000000,0, 202
197, 101,362288,362268,1,1,-0.790268,1.454636,0.827103,1.641539,-0.106709,-8.953325,1.730806,-4.722473,-9.497657,11.678983,12.781024,-1015.083481,90.370547,-179.260965,57.980233,0.347781,-0.337587,-0.618710,-0.618290,1401.631958,85885.890625,142.662109,91.407784,93.207153,93.207153,57.687157,20.750000,26.069603,2,0.000000,0, 202
198, 101,362405,362388,1,1,-0.669533,-0.039703,-6.645647,0.783577,-0.557922,-16.410782,1.250281,-2.800369,-9.017131,4.013736,27.891667,-989.822053,89.953380,-176.513972,-58.862748,-0.328417,0.366164,-0.605252,-0.625888,1407.276733,85840.312500,131.923981,94.408981,98.851929,98.851929,61.429409,20.750000,26.065086,3,0.000000,0, 202
199, 101,362505,362501,1,1,-0.044775,-0.316159,-8.638713,0.400451,-0.726220,-18.405741,-0.671822,-3.280895,-8.056079,0.747488,30.603667,-958.202212,87.274217,-177.638481,-163.921986,-0.681076,0.718450,-0.087109,-0.111253,1416.314209,85662.242188,121.268356,96.398567,107.889404,107.889404,65.653046,20.750000,26.037989,3,0.000000,0, 202
200, 101,362603,362501,1,1,-0.044775,-0.316159,-8.638713,0.400451,-0.726220,-18.405741,-0.671822,-3.280895,-8.056079,0.747488,30.603667,-958.202212,87.274217,-177.638481,-163.921986,-0.681076,0.718450,-0.087109,-0.111253,1416.314209,85662.242188,121.268356,96.398567,107.889404,107.889404,65.653046,20.750000,26.037989,3,0.000000,0, 202
201, 101,362737,362733,1,1,-0.512019,0.123039,-8.433111,0.747602,-0.289934,-18.212402,-1.152348,-4.722473,-6.614501,3.635422,17.020512,-908.289047,89.502560,-178.178913,-10.811322,0.055081,-0.078033,0.705868,0.701874,1434.701050,85505.304688,102.290024,96.436485,126.276245,126.276245,75.073097,20.750000,26.037989,3,0.000000,0, 202
202, 101,362843,362733,1,1,-0.512019,0.123039,-8.433111,0.747602,-0.289934,-18.212402,-1.152348,-4.722473,-6.614501,3.635422,17.020512,-908.289047,89.502560,-178.178913,-10.811322,0.055081,-0.078033,0.705868,0.701874,1434.701050,85505.304688,102.290024,96.436485,126.276245,126.276245,75.073097,20.750000,26.037989,3,0.000000,0, 202
203, 101,363264,363242,1,1,-0.434606,-0.073239,-6.693434,0.440785,-0.546356,-16.472095,-0.191296,-4.241947,-6.133976,-1.602572,16.975703,-808.582164,88.882966,-177.465978,-80.358719,-0.439572,0.472355,-0.535368,-0.545013,1482.387939,85117.445312,169.786011,118.087631,173.963135,173.963135,121.661888,20.625000,26.092186,3,0.000000,0, 202
204, 101,363374,363340,1,1,-0.587170,-0.023997,-6.604424,-0.275620,-0.572237,-16.401026,-1.152348,-4.241947,-5.653450,-3.821404,17.459193,-802.422973,87.392803,-177.871923,-154.832780,-0.671201,0.708316,-0.144970,-0.163586,1487.078613,85027.945312,158.337601,116.560173,178.653809,178.653809,132.612152,20.625000,26.060570,3,0.000000,0, 202
205, 101,363516,363484,1,1,-0.681040,-0.024464,-6.315171,-0.056078,0.536427,-16.129894,-0.671822,-3.280895,-5.172924,1.011237,19.991550,-787.824236,88.717573,-179.879357,93.785587,-0.510946,0.521484,0.489127,0.477225,1493.437500,84921.062500,141.211227,121.277092,185.012695,185.012695,133.255020,20.625000,26.047022,3,0.000000,0, 202
206, 101,363634,363523,1,1,-0.560324,-0.031042,-6.011736,0.241858,0.453723,-15.816940,-1.152348,-5.202998,-5.172924,3.846952,18.158328,-772.504067,89.336853,-179.626161,65.661832,-0.383089,0.383649,0.598832,0.589454,1498.189209,84910.625000,129.391037,120.689819,189.764404,189.764404,137.670593,20.625000,26.065086,3,0.000000,0, 202
207, 101,363787,363779,1,1,-0.552036,-0.046832,-5.463895,0.061453,-0.711602,-15.246267,-0.191296,-2.319843,-5.172924,-3.629688,20.639537,-733.981417,87.738390,-176.773219,-121.266908,0.593769,-0.637605,0.336392,0.357406,1510.581299,84771.101562,104.388184,119.525398,202.156494,202.156494,152.997177,20.625000,26.047022,3,0.000000,0, 202
208, 101,363913,363913,1,1,-0.522599,0.065744,-5.249641,-0.297461,0.086648,-15.067894,-0.671822,-3.280895,-4.692398,-1.428043,19.786713,-722.205242,87.103374,-178.977526,145.133406,0.659271,-0.689593,-0.222989,-0.200246,1515.272583,84734.226562,95.471207,117.020271,206.847778,206.847778,156.720993,20.625000,26.051537,3,0.000000,0, 202
209, 101,364270,364251,1,1,-0.423692,-0.054605,-4.328701,0.390556,-0.549173,-14.098211,0.289230,-4.722473,-4.211873,-2.359073,19.153283,-665.342333,88.178944,-176.303165,-82.188397,-0.439638,0.488776,-0.526265,-0.539316,1545.509277,84474.101562,133.031036,117.259178,237.084473,237.084473,191.229767,20.625000,26.083153,3,0.000000,0, 202
210, 101,364406,364353,1,1,-0.423037,-0.034119,-4.271748,-0.102019,-0.519901,-14.060959,-0.671822,-3.761421,-4.692398,-2.563629,19.020391,-660.460441,86.461384,-176.833133,-147.515940,-0.651719,0.704549,-0.185538,-0.210830,1549.134644,84408.359375,124.438416,117.790970,240.709839,240.709839,195.727951,20.625000,26.056053,3,0.000000,0, 202
211, 101,364641,364623,1,1,-0.423665,-0.054755,-3.722299,0.366525,0.252442,-13.521206,-0.191296,-4.722473,-3.250821,2.173407,15.410831,-641.386838,88.852640,-178.590104,42.560572,-0.262217,0.251143,0.668533,0.649025,1557.924438,84317.398438,96.408035,115.782951,249.499634,249.499634,204.761108,20.625000,26.042505,3,0.000000,0, 202
212, 101,364775,364730,1,1,-0.403838,0.006632,-3.547209,0.536982,-0.217135,-13.323829,-0.671822,-3.280895,-3.731347,-0.707196,13.707847,-633.035046,89.148380,-177.275101,-23.132736,0.124086,-0.159135,0.694334,0.690782,1563.775635,84202.882812,83.228287,113.371498,255.350830,255.350830,209.360168,20.625000,26.019922,3,0.000000,0, 202
213, 101,364989,364982,1,1,-0.579986,0.053919,-3.148097,-0.483307,-0.175610,-12.960966,-1.632874,-3.761421,-2.289769,3.850046,19.758861,-619.802675,86.525437,-178.203938,-176.284724,0.684530,-0.728095,0.012867,0.033621,1574.110352,84132.562500,63.158020,106.774460,265.685547,265.685547,218.777390,20.625000,26.047022,3,0.000000,0, 202
214, 101,365301,365288,1,1,-0.506399,-0.079891,-2.578537,0.608294,0.118489,-12.355919,-0.191296,-4.722473,-2.289769,3.710689,14.153416,-569.321402,89.706926,-177.482138,5.903930,0.051868,-0.021024,-0.708599,-0.703388,1596.931396,83954.710938,99.084854,98.702217,288.506592,288.506592,249.090118,20.625000,26.083153,3,0.000000,0, 202
215, 101,365385,365288,1,1,-0.506399,-0.079891,-2.578537,0.608294,0.118489,-12.355919,-0.191296,-4.722473,-2.289769,3.710689,14.153416,-569.321402,89.706926,-177.482138,5.903930,0.051868,-0.021024,-0.708599,-0.703388,1596.931396,83954.710938,99.084854,98.702217,288.506592,288.506592,249.090118,20.625000,26.083153,3,0.000000,0, 202
216, 101,365479,365450,1,1,-0.487109,-0.167691,-2.521136,0.410975,-0.533651,-12.284513,-0.191296,-4.241947,-3.250821,1.748755,14.235877,-551.420242,88.250846,-176.022007,-81.650670,-0.436038,0.487280,-0.527052,-0.542813,1599.957275,83897.085938,92.732651,98.260025,291.532471,291.532471,252.948517,20.625000,26.051537,3,0.000000,0, 202
217, 101,365599,365579,1,1,-0.452675,-0.206025,-2.384644,-0.151527,-0.584938,-12.160826,-1.632874,-5.202998,-1.809243,-1.785243,21.524021,-525.987404,85.816314,-176.927431,-148.698491,-0.650050,0.709960,-0.179947,-0.202511,1602.822266,83871.406250,82.628036,97.102097,294.397461,294.397461,256.716614,20.625000,26.047022,3,0.000000,0, 202
218, 101,365700,365683,1,1,-0.405180,-0.179246,-2.261298,-0.415037,-0.217370,-12.057160,-1.152348,-2.800369,-2.770295,0.417749,25.435524,-503.654488,85.581198,-179.343501,161.691888,-0.671327,0.723864,0.120587,0.103920,1607.498291,83779.617188,73.019295,95.318184,299.073486,299.073486,260.567230,20.625000,26.028955,3,0.000000,0, 202
219, 101,365891,365858,1,1,-0.300339,-0.260218,-2.072454,-0.255212,0.265450,-11.878832,-0.671822,-3.280895,-0.848191,1.500565,19.278810,-450.717162,88.303274,179.192117,83.756731,-0.461212,0.482612,0.530932,0.521997,1612.869751,83707.546875,63.655746,92.972816,304.444946,304.444946,264.556122,20.625000,26.015406,3,0.000000,0, 202
220, 101,365990,365897,1,1,-0.104293,-0.268222,-1.890195,-0.243878,0.145136,-11.691798,-1.152348,-4.241947,-2.289769,-2.260256,10.261853,-372.832651,88.681523,179.195737,70.300303,-0.398271,0.415754,0.581938,0.574349,1616.542236,83710.546875,60.230873,92.544250,308.117432,308.117432,267.910400,20.625000,26.047022,3,0.000000,0, 202
221, 101,366325,366325,1,1,0.020555,-0.241396,-1.392300,-0.044243,0.257843,-11.189796,-1.632874,-4.722473,-2.770295,-4.293801,-7.024318,-54.297702,90.643393,178.002735,-5.880135,0.048704,-0.023682,0.702729,0.709393,1636.425171,83561.906250,74.353127,83.362953,328.000366,328.000366,297.501007,20.625000,26.101219,3,0.000000,0, 202
222, 101,366429,366325,1,1,0.020555,-0.241396,-1.392300,-0.044243,0.257843,-11.189796,-1.632874,-4.722473,-2.770295,-4.293801,-7.024318,-54.297702,90.643393,178.002735,-5.880135,0.048704,-0.023682,0.702729,0.709393,1636.425171,83561.906250,74.353127,83.362953,328.000366,328.000366,297.501007,20.625000,26.101219,3,0.000000,0, 202
223, 101,366569,366565,1,1,0.058452,-0.238642,-1.220147,-0.068703,0.279665,-11.011865,-0.191296,-4.241947,-0.848191,-1.372877,-8.045936,41.848415,91.610356,177.201554,-11.630215,0.089556,-0.053191,0.695080,0.711347,1641.060181,83500.609375,59.936924,80.900330,332.635376,332.635376,305.797607,20.625000,26.028955,3,0.000000,0, 202
224, 101,366682,366565,1,1,0.058452,-0.238642,-1.220147,-0.068703,0.279665,-11.011865,-0.191296,-4.241947,-0.848191,-1.372877,-8.045936,41.848415,91.610356,177.201554,-11.630215,0.089556,-0.053191,0.695080,0.711347,1641.060181,83500.609375,59.936924,80.900330,332.635376,332.635376,305.797607,20.625000,26.028955,3,0.000000,0, 202
225, 101,366827,366815,1,1,0.063782,-0.155421,-1.042793,-0.148258,0.206344,-10.826223,-0.671822,-4.722473,-1.809243,-6.351128,-7.128481,27.361478,92.760724,175.161048,-1.201425,0.036704,0.023333,0.689535,0.722945,1646.343140,83435.656250,46.871441,76.744888,337.918335,337.918335,313.758820,20.750000,26.042505,3,0.000000,0, 202
226, 101,366950,366939,1,1,0.081059,-0.094666,-0.996590,-0.186091,0.146418,-10.777040,-1.152348,-4.241947,-1.328717,-3.416768,-9.271102,24.006349,93.159395,174.073095,1.575269,0.025561,0.046983,0.685845,0.725780,1649.399170,83387.429688,41.343254,72.537201,340.974365,340.974365,314.031158,20.750000,26.028955,3,0.000000,0, 202
227, 101,367375,367371,1,1,0.034604,-0.080351,-0.716428,-0.178894,0.117075,-10.490356,-0.191296,-5.202998,-0.367666,-4.565345,-12.622659,14.848884,93.473652,169.154143,7.570157,0.016772,0.113711,0.676252,0.727648,1664.276855,83282.171875,53.335041,62.556992,355.852051,355.852051,333.823151,20.750000,26.092186,3,0.000000,0, 202
228, 101,367500,367371,1,1,0.034604,-0.080351,-0.716428,-0.178894,0.117075,-10.490356,-0.191296,-5.202998,-0.367666,-4.565345,-12.622659,14.848884,93.473652,169.154143,7.570157,0.016772,0.113711,0.676252,0.727648,1664.276855,83282.171875,53.335041,62.556992,355.852051,355.852051,333.823151,20.750000,26.092186,3,0.000000,0, 202
229, 101,367650,367636,1,1,0.001716,-0.126729,-0.625368,-0.192846,0.146624,-10.391305,-0.671822,-4.241947,-1.328717,3.870789,-16.268758,38.821180,92.416441,165.337679,15.591327,-0.009622,0.184362,0.667545,0.721320,1667.263672,83247.710938,44.226448,60.261520,358.838867,358.838867,341.503571,20.750000,26.051537,3,0.000000,0, 202
230, 101,367782,367756,1,1,0.008516,-0.148886,-0.588067,-0.224139,0.148559,-10.344832,-0.671822,-4.241947,-0.367666,4.181425,-16.758431,44.740246,91.323700,163.671905,20.990141,-0.031371,0.225882,0.661735,0.714213,1669.327271,83206.734375,38.774799,58.006416,360.902466,360.902466,340.992889,20.750000,26.028955,3,0.000000,0, 202
231, 101,367945,367943,1,1,0.034872,-0.155940,-0.516688,-0.273126,0.109504,-10.254774,-0.671822,-4.722473,-0.367666,2.054122,-18.644554,66.356524,89.472446,161.160909,32.044878,-0.079909,0.304142,0.641759,0.699469,1672.912720,83183.320312,29.496130,55.774086,364.487915,364.487915,345.225647,20.750000,26.047022,3,0.000000,0, 202
232, 101,368128,367943,1,1,0.034872,-0.155940,-0.516688,-0.273126,0.109504,-10.254774,-0.671822,-4.722473,-0.367666,2.054122,-18.644554,66.356524,89.472446,161.160909,32.044878,-0.079909,0.304142,0.641759,0.699469,1672.912720,83183.320312,29.496130,55.774086,364.487915,364.487915,345.225647,20.750000,26.047022,3,0.000000,0, 202
233, 101,368446,368441,1,1,-0.012190,0.015678,-0.404983,-0.126433,-0.063219,-10.181031,-0.671822,-2.800369,0.112860,18.643117,-16.320409,62.431187,79.723880,159.135293,68.481560,-0.239776,0.520705,0.558760,0.599300,1681.384521,83115.929688,32.057781,43.025753,372.959717,372.959717,358.630951,20.750000,26.074120,3,0.000000,0, 202
234, 101,368536,368441,1,1,-0.012190,0.015678,-0.404983,-0.126433,-0.063219,-10.181031,-0.671822,-2.800369,0.112860,18.643117,-16.320409,62.431187,79.723880,159.135293,68.481560,-0.239776,0.520705,0.558760,0.599300,1681.384521,83115.929688,32.057781,43.025753,372.959717,372.959717,358.630951,20.750000,26.074120,3,0.000000,0, 202
235, 101,368718,368709,1,1,0.020672,0.007905,-0.375429,-0.098268,-0.115246,-10.145236,-0.191296,-3.280895,-0.848191,23.368492,-11.910784,57.449083,74.840124,163.865623,85.637356,-0.327171,0.597011,0.518829,0.517061,1683.049805,83096.796875,26.440865,41.120422,374.625000,374.625000,363.907104,20.750000,26.051537,3,0.000000,0, 202
236, 101,368806,368709,1,1,0.020672,0.007905,-0.375429,-0.098268,-0.115246,-10.145236,-0.191296,-3.280895,-0.848191,23.368492,-11.910784,57.449083,74.840124,163.865623,85.637356,-0.327171,0.597011,0.518829,0.517061,1683.049805,83096.796875,26.440865,41.120422,374.625000,374.625000,363.907104,20.750000,26.051537,3,0.000000,0, 202
237, 101,368902,368868,1,1,0.012434,0.009607,-0.351222,-0.064423,-0.113015,-10.127621,-1.152348,-4.241947,-0.367666,24.538853,-12.617777,56.336947,72.831004,167.700528,94.925156,-0.376612,0.632539,0.494068,0.462553,1683.945190,83084.906250,22.759083,39.399258,375.520386,375.520386,362.905426,20.750000,26.019922,3,0.000000,0, 202
238, 101,369023,369001,1,1,0.008001,0.041311,-0.347353,-0.010240,-0.105983,-10.134298,-1.632874,-2.800369,-0.848191,27.450846,-8.939147,55.349066,72.202722,171.417599,102.270601,-0.419559,0.655015,0.471242,0.415760,1684.675903,83081.351562,19.134003,37.898129,376.251099,376.251099,364.118683,20.750000,26.037989,3,0.000000,0, 202
239, 101,369124,369097,1,1,-0.002551,0.027811,-0.334398,-0.008357,-0.092210,-10.123536,-0.191296,-4.241947,-0.367666,29.048115,-7.432332,54.219548,72.221881,174.159032,107.228116,-0.449416,0.667341,0.454454,0.382298,1685.494873,83070.859375,15.708899,36.971237,377.070068,377.070068,367.584869,20.750000,26.024439,3,0.000000,0, 202
240, 101,369463,369440,1,1,-0.071799,0.034845,-0.323817,0.012765,0.000961,-10.134260,-0.671822,-2.800369,-0.367666,34.631610,3.451607,45.423941,76.433792,-175.875336,123.487184,-0.557954,0.681064,0.391322,0.267781,1687.868896,83067.695312,11.814234,26.675598,379.509766,379.444092,371.812256,20.750000,26.092186,3,0.000000,0, 202
241, 101,369581,369535,1,1,-0.070016,0.037184,-0.316257,0.022071,0.014495,-10.125971,-1.152348,-4.241947,-1.809243,34.572351,4.760648,45.068115,78.662005,-173.537854,127.856620,-0.587563,0.677986,0.371496,0.238949,1688.047241,83060.039062,10.045952,25.739548,379.622437,379.622437,374.276154,20.750000,26.083153,3,0.000000,0, 202
242, 101,369726,369724,1,1,-0.121965,-0.041852,-0.280203,-0.068696,0.022856,-10.100831,2.691859,-1.358791,571.458130,32.506673,12.856091,43.851047,84.161284,-170.327870,136.674476,-0.643724,0.666471,0.325512,0.188358,1687.972656,83066.726562,6.240479,23.712492,379.622437,379.547852,374.234100,20.750000,26.060570,3,0.000000,0, 202