checksum,uptime mp,uptime nav, errorflag mp, errorflag nav,accel x, accel y, accel z, accelworld x,accelworld y,accelworld z, gyro x, gyro y, gyro z, mag x, mag y, mag z, magraw x, magraw y, magraw z, euler x, euler y, euler z, quat w, quat x, quat y, quat z, altitude, pressure, verticalvel,filteredvvel,maxrecorded alt,altitudeagl,filteredalt,imutemp, barotemp, state,checksum2
101,0,5078,1,1,-9.528283,2.072592,-0.218209,0.038382,0.127332,-0.048372,0.511902,-2.646265,-1.516399,4.430405,32.793278,-62.949432,-38.000000,2216.000000,-4307.000000,0.913366,32.394470,-78.808840,0.743402,-0.171152,0.220388,-0.607856,1961.572998,80670.812500,-0.164518,0.066166,0.351562,0.261963,0.239656,0.000000,0.000000,0,202
101,5143,5078,1,1,-9.528283,2.072592,-0.218209,0.038382,0.127332,-0.048372,0.511902,-2.646265,-1.516399,4.430405,32.793278,-62.949432,-38.000000,2216.000000,-4307.000000,0.913366,32.394470,-78.808840,0.743402,-0.171152,0.220388,-0.607856,1961.572998,80670.812500,-0.164518,0.066166,0.351562,0.261963,0.239656,0.000000,0.000000,0,202
101,7202,7136,1,1,-9.599378,2.007342,0.045113,0.049953,-0.241344,0.003018,-0.620397,0.128670,-0.480112,3.782649,34.149174,-62.204033,-144.000000,2453.000000,-4234.000000,1.304961,38.347793,-78.352577,0.734517,-0.199125,0.261384,-0.593727,1961.517578,80671.468750,-0.081956,-0.114610,0.351562,0.206543,0.202459,0.000000,0.000000,0,202
101,8697,8697,1,1,-9.905756,0.400872,0.323913,0.772059,-0.662206,0.065865,2.226575,0.931493,-1.526158,6.948101,34.315090,-57.760887,374.000000,2482.000000,-3952.000000,4.640881,34.546988,-91.814572,0.672528,-0.186185,0.234211,-0.676894,1961.489014,80672.851562,0.199557,0.124193,0.351562,0.177979,0.179289,0.000000,0.000000,0,202
101,8854,8826,1,1,-9.810486,0.346042,0.339120,0.697495,-0.657541,-0.025443,2.052292,-1.701326,-0.015207,7.051986,34.206387,-57.410114,391.000000,2463.000000,-3928.000000,4.229540,34.294557,-91.559943,0.673759,-0.186559,0.230749,-0.676757,1961.585693,80668.460938,0.162528,0.039765,0.351562,0.274658,0.195123,0.000000,0.000000,0,202
101,8925,8826,1,1,-9.810486,0.346042,0.339120,0.697495,-0.657541,-0.025443,2.052292,-1.701326,-0.015207,7.051986,34.206387,-57.410114,391.000000,2463.000000,-3928.000000,4.229540,34.294557,-91.559943,0.673759,-0.186559,0.230749,-0.676757,1961.585693,80668.460938,0.162528,0.039765,0.351562,0.274658,0.195123,0.000000,0.000000,0,202
101,8998,8826,1,1,-9.810486,0.346042,0.339120,0.697495,-0.657541,-0.025443,2.052292,-1.701326,-0.015207,7.051986,34.206387,-57.410114,391.000000,2463.000000,-3928.000000,4.229540,34.294557,-91.559943,0.673759,-0.186559,0.230749,-0.676757,1961.585693,80668.460938,0.162528,0.039765,0.351562,0.274658,0.195123,0.000000,0.000000,0,202
101,9159,9139,1,1,-9.954027,0.259745,0.296006,0.506927,-0.727916,0.121243,-0.133687,1.242651,1.522750,7.229202,34.154896,-58.608593,420.000000,2454.000000,-4010.000000,4.125159,34.328312,-90.874916,0.677569,-0.185996,0.231442,-0.672859,1961.536621,80672.765625,-0.089811,0.024425,0.351562,0.225586,0.288683,0.000000,0.000000,0,202
101,9235,9139,1,1,-9.954027,0.259745,0.296006,0.506927,-0.727916,0.121243,-0.133687,1.242651,1.522750,7.229202,34.154896,-58.608593,420.000000,2454.000000,-4010.000000,4.125159,34.328312,-90.874916,0.677569,-0.185996,0.231442,-0.672859,1961.536621,80672.765625,-0.089811,0.024425,0.351562,0.225586,0.288683,0.000000,0.000000,0,202
101,9316,9139,1,1,-9.954027,0.259745,0.296006,0.506927,-0.727916,0.121243,-0.133687,1.242651,1.522750,7.229202,34.154896,-58.608593,420.000000,2454.000000,-4010.000000,4.125159,34.328312,-90.874916,0.677569,-0.185996,0.231442,-0.672859,1961.536621,80672.765625,-0.089811,0.024425,0.351562,0.225586,0.288683,0.000000,0.000000,0,202
101,9544,9508,1,1,-9.823872,0.198408,0.279436,0.376270,-0.714429,-0.004372,0.581175,-1.214886,1.760461,7.510303,33.828793,-57.103188,466.000000,2397.000000,-3907.000000,3.693514,34.252398,-90.388053,0.679843,-0.187119,0.229263,-0.670997,1961.552979,80670.992188,-0.073727,-0.099193,0.351562,0.241943,0.240885,0.000000,0.000000,0,202
101,9624,9508,1,1,-9.823872,0.198408,0.279436,0.376270,-0.714429,-0.004372,0.581175,-1.214886,1.760461,7.510303,33.828793,-57.103188,466.000000,2397.000000,-3907.000000,3.693514,34.252398,-90.388053,0.679843,-0.187119,0.229263,-0.670997,1961.552979,80670.992188,-0.073727,-0.099193,0.351562,0.241943,0.240885,0.000000,0.000000,0,202
101,9707,9688,1,1,-9.901027,0.189930,0.216608,0.297935,-0.662611,0.077538,-0.271706,-0.441373,0.892163,7.357531,33.903168,-57.746273,441.000000,2410.000000,-3951.000000,3.496246,34.303440,-90.132843,0.680930,-0.188085,0.228824,-0.669774,1961.546387,80670.648438,-0.102557,-0.061040,0.351562,0.235352,0.236033,0.000000,0.000000,0,202
101,9878,9827,1,1,-9.748182,0.250161,0.158062,0.295593,-0.555613,-0.068655,-0.696765,-0.438329,0.349683,7.278089,33.908886,-57.863201,428.000000,2411.000000,-3959.000000,3.331200,34.403161,-89.999149,0.681276,-0.189392,0.228662,-0.669109,1961.530762,80671.632812,-0.136373,-0.152510,0.351562,0.219727,0.227607,0.000000,0.000000,0,202
101,9965,9962,1,1,-9.797443,0.200309,0.153156,0.228879,-0.569661,-0.019559,0.994132,-0.512614,0.603943,7.510303,33.874561,-57.629349,458.000000,2405.000000,-3943.000000,3.161312,34.270935,-89.837949,0.682155,-0.189297,0.227164,-0.668751,1961.496094,80672.421875,-0.117916,-0.226684,0.351562,0.185059,0.207247,0.000000,0.000000,0,202
101,10053,9962,1,1,-9.797443,0.200309,0.153156,0.228879,-0.569661,-0.019559,0.994132,-0.512614,0.603943,7.510303,33.874561,-57.629349,458.000000,2405.000000,-3943.000000,3.161312,34.270935,-89.837949,0.682155,-0.189297,0.227164,-0.668751,1961.496094,80672.421875,-0.117916,-0.226684,0.351562,0.185059,0.207247,0.000000,0.000000,0,202
101,10230,10158,1,1,-9.792936,0.266900,0.125557,0.247090,-0.472613,-0.018148,-0.628058,-0.921142,-0.046119,7.235312,34.154896,-57.658577,421.000000,2454.000000,-3945.000000,2.865241,34.394985,-89.687521,0.682333,-0.191497,0.226413,-0.668197,1961.534424,80670.343750,-0.097063,-0.083208,0.351562,0.223389,0.224143,0.000000,0.000000,0,202
101,10323,10286,1,1,-9.807033,0.232076,0.175305,0.243690,-0.509427,-0.005921,-0.314886,-0.474591,-0.451349,7.198647,34.114849,-58.915520,443.000000,2438.000000,-4035.000000,2.711562,34.435895,-89.668151,0.682120,-0.192616,0.225790,-0.668304,1961.439209,80674.406250,-0.174468,-0.142508,0.351562,0.128174,0.213703,0.000000,0.000000,0,202
101,10564,10563,1,1,-9.788418,0.094065,0.595554,0.377879,-0.921726,-0.044757,0.066683,-0.248823,-1.267710,7.461417,34.177780,-57.541656,458.000000,2458.000000,-3937.000000,2.687906,34.268432,-89.750701,0.681881,-0.191928,0.224531,-0.669170,1961.525757,80671.757812,-0.214168,-0.174387,0.351562,0.214722,0.222118,0.000000,0.000000,0,202
101,10659,10563,1,1,-9.788418,0.094065,0.595554,0.377879,-0.921726,-0.044757,0.066683,-0.248823,-1.267710,7.461417,34.177780,-57.541656,458.000000,2458.000000,-3937.000000,2.687906,34.268432,-89.750701,0.681881,-0.191928,0.224531,-0.669170,1961.525757,80671.757812,-0.214168,-0.174387,0.351562,0.214722,0.222118,0.000000,0.000000,0,202
101,10756,10563,1,1,-9.788418,0.094065,0.595554,0.377879,-0.921726,-0.044757,0.066683,-0.248823,-1.267710,7.461417,34.177780,-57.541656,458.000000,2458.000000,-3937.000000,2.687906,34.268432,-89.750701,0.681881,-0.191928,0.224531,-0.669170,1961.525757,80671.757812,-0.214168,-0.174387,0.351562,0.214722,0.222118,0.000000,0.000000,0,202
101,10986,10952,1,1,-9.580723,0.412189,0.129294,0.437231,-0.109301,-0.221138,-1.702864,-1.903702,-1.568655,6.844214,34.132011,-58.827827,357.000000,2450.000000,-4025.000000,1.534927,34.897725,-90.183700,0.676271,-0.203329,0.220720,-0.672754,1961.464722,80673.609375,-0.252852,-0.200867,0.351562,0.153687,0.202866,0.000000,0.000000,0,202
101,11052,10952,1,1,-9.580723,0.412189,0.129294,0.437231,-0.109301,-0.221138,-1.702864,-1.903702,-1.568655,6.844214,34.132011,-58.827827,357.000000,2450.000000,-4025.000000,1.534927,34.897725,-90.183700,0.676271,-0.203329,0.220720,-0.672754,1961.464722,80673.609375,-0.252852,-0.200867,0.351562,0.153687,0.202866,0.000000,0.000000,0,202
101,11123,10952,1,1,-9.580723,0.412189,0.129294,0.437231,-0.109301,-0.221138,-1.702864,-1.903702,-1.568655,6.844214,34.132011,-58.827827,357.000000,2450.000000,-4025.000000,1.534927,34.897725,-90.183700,0.676271,-0.203329,0.220720,-0.672754,1961.464722,80673.609375,-0.252852,-0.200867,0.351562,0.153687,0.202866,0.000000,0.000000,0,202
101,11282,11257,1,1,-9.680145,0.526908,0.126269,0.572259,0.000749,-0.122606,1.304721,-0.125018,-1.420222,6.831992,34.229271,-59.353989,355.000000,2467.000000,-4061.000000,1.460594,35.068496,-90.495157,0.674005,-0.205379,0.220725,-0.674401,1961.482178,80671.851562,-0.175430,-0.181064,0.351562,0.171143,0.165422,0.000000,0.000000,0,202
101,11411,11257,1,1,-9.680145,0.526908,0.126269,0.572259,0.000749,-0.122606,1.304721,-0.125018,-1.420222,6.831992,34.229271,-59.353989,355.000000,2467.000000,-4061.000000,1.460594,35.068496,-90.495157,0.674005,-0.205379,0.220725,-0.674401,1961.482178,80671.851562,-0.175430,-0.181064,0.351562,0.171143,0.165422,0.000000,0.000000,0,202
101,11578,11565,1,1,-9.854210,0.484682,0.372884,0.749356,-0.437927,0.033943,1.589418,4.075226,-1.536921,6.972544,34.475277,-57.848583,378.000000,2510.000000,-3958.000000,2.933282,34.743427,-90.981036,0.674282,-0.195726,0.226657,-0.675027,1961.428955,80672.609375,-0.168472,-0.186494,0.351562,0.117920,0.122817,0.000000,0.000000,0,202
101,11656,11565,1,1,-9.854210,0.484682,0.372884,0.749356,-0.437927,0.033943,1.589418,4.075226,-1.536921,6.972544,34.475277,-57.848583,378.000000,2510.000000,-3958.000000,2.933282,34.743427,-90.981036,0.674282,-0.195726,0.226657,-0.675027,1961.428955,80672.609375,-0.168472,-0.186494,0.351562,0.117920,0.122817,0.000000,0.000000,0,202
101,11734,11565,1,1,-9.854210,0.484682,0.372884,0.749356,-0.437927,0.033943,1.589418,4.075226,-1.536921,6.972544,34.475277,-57.848583,378.000000,2510.000000,-3958.000000,2.933282,34.743427,-90.981036,0.674282,-0.195726,0.226657,-0.675027,1961.428955,80672.609375,-0.168472,-0.186494,0.351562,0.117920,0.122817,0.000000,0.000000,0,202
101,11899,11890,1,1,-9.559302,0.577042,2.037712,2.769624,-3.182567,-0.965506,7.588807,51.188904,-0.145330,7.088651,38.188263,-50.482315,397.000000,3159.000000,-3454.000000,15.823506,32.473168,-98.514994,0.649824,-0.123572,0.280879,-0.695389,1961.479980,80671.132812,-0.087669,-0.286173,0.351562,0.168945,0.129306,0.000000,0.000000,0,202
101,11979,11890,1,1,-9.559302,0.577042,2.037712,2.769624,-3.182567,-0.965506,7.588807,51.188904,-0.145330,7.088651,38.188263,-50.482315,397.000000,3159.000000,-3454.000000,15.823506,32.473168,-98.514994,0.649824,-0.123572,0.280879,-0.695389,1961.479980,80671.132812,-0.087669,-0.286173,0.351562,0.168945,0.129306,0.000000,0.000000,0,202
101,12062,11890,1,1,-9.559302,0.577042,2.037712,2.769624,-3.182567,-0.965506,7.588807,51.188904,-0.145330,7.088651,38.188263,-50.482315,397.000000,3159.000000,-3454.000000,15.823506,32.473168,-98.514994,0.649824,-0.123572,0.280879,-0.695389,1961.479980,80671.132812,-0.087669,-0.286173,0.351562,0.168945,0.129306,0.000000,0.000000,0,202
101,12233,12214,1,1,-8.105970,0.000421,5.211929,4.140456,-7.634005,-5.623732,12.835781,67.677291,4.713261,8.530826,41.758224,-36.012859,633.000000,3783.000000,-2464.000000,35.140862,24.559639,-105.528656,0.614784,0.017055,0.357534,-0.702794,1961.428711,80672.640625,-0.047931,-0.581419,0.351562,0.117676,0.125249,0.000000,0.000000,0,202
101,12379,12214,1,1,-8.105970,0.000421,5.211929,4.140456,-7.634005,-5.623732,12.835781,67.677291,4.713261,8.530826,41.758224,-36.012859,633.000000,3783.000000,-2464.000000,35.140862,24.559639,-105.528656,0.614784,0.017055,0.357534,-0.702794,1961.428711,80672.640625,-0.047931,-0.581419,0.351562,0.117676,0.125249,0.000000,0.000000,0,202
101,12551,12533,1,1,-5.722272,-0.229241,7.690503,4.082899,-8.479733,-11.635352,-4.934419,49.975770,6.703023,8.524714,43.383015,-21.631102,632.000000,4067.000000,-1480.000000,51.179881,18.453851,-109.960001,0.567593,0.126226,0.432141,-0.689318,1961.360840,80673.835938,-0.063658,-0.726149,0.351562,0.049805,0.085785,0.000000,0.000000,0,202
101,12640,12533,1,1,-5.722272,-0.229241,7.690503,4.082899,-8.479733,-11.635352,-4.934419,49.975770,6.703023,8.524714,43.383015,-21.631102,632.000000,4067.000000,-1480.000000,51.179881,18.453851,-109.960001,0.567593,0.126226,0.432141,-0.689318,1961.360840,80673.835938,-0.063658,-0.726149,0.351562,0.049805,0.085785,0.000000,0.000000,0,202
101,12730,12533,1,1,-5.722272,-0.229241,7.690503,4.082899,-8.479733,-11.635352,-4.934419,49.975770,6.703023,8.524714,43.383015,-21.631102,632.000000,4067.000000,-1480.000000,51.179881,18.453851,-109.960001,0.567593,0.126226,0.432141,-0.689318,1961.360840,80673.835938,-0.063658,-0.726149,0.351562,0.049805,0.085785,0.000000,0.000000,0,202
101,12909,12870,1,1,-2.683006,-0.109224,9.309442,3.282172,-5.872751,-16.773396,0.144494,57.834627,10.621473,7.895291,42.993980,-5.729319,529.000000,3999.000000,-392.000000,66.119544,15.342010,-110.770683,0.531755,0.215037,0.508485,-0.642213,1961.409180,80671.515625,-0.111494,-0.094727,0.351562,0.098145,0.097712,0.000000,0.000000,0,202
101,13004,12870,1,1,-2.683006,-0.109224,9.309442,3.282172,-5.872751,-16.773396,0.144494,57.834627,10.621473,7.895291,42.993980,-5.729319,529.000000,3999.000000,-392.000000,66.119544,15.342010,-110.770683,0.531755,0.215037,0.508485,-0.642213,1961.409180,80671.515625,-0.111494,-0.094727,0.351562,0.098145,0.097712,0.000000,0.000000,0,202
101,13098,13058,1,1,-1.638961,-0.192817,9.668482,2.570621,-4.516349,-18.119497,3.630616,45.182050,11.449634,8.005287,42.261681,0.365390,547.000000,3871.000000,25.000000,71.269472,13.156701,-110.018986,0.517675,0.255616,0.527557,-0.623183,1961.366211,80673.921875,-0.119743,-1.185338,0.351562,0.055176,0.080121,0.000000,0.000000,0,202
101,13341,13337,1,1,-0.259229,-0.493482,9.877249,1.940434,-3.694606,-18.770691,1.184521,6.387256,-1.108734,8.335276,42.084328,-0.336159,601.000000,3840.000000,-23.000000,70.037689,13.508775,-109.691800,0.523450,0.249362,0.521383,-0.626082,1961.331543,80674.539062,-0.121347,-0.369398,0.351562,0.020508,0.069007,0.000000,0.000000,0,202
101,13484,13337,1,1,-0.259229,-0.493482,9.877249,1.940434,-3.694606,-18.770691,1.184521,6.387256,-1.108734,8.335276,42.084328,-0.336159,601.000000,3840.000000,-23.000000,70.037689,13.508775,-109.691800,0.523450,0.249362,0.521383,-0.626082,1961.331543,80674.539062,-0.121347,-0.369398,0.351562,0.020508,0.069007,0.000000,0.000000,0,202
101,13637,13572,1,1,-0.176866,-0.550614,9.906067,2.000692,-4.027655,-18.646330,1.379069,2.541684,-0.773552,8.457495,41.832600,0.482315,621.000000,3796.000000,33.000000,67.583540,14.298993,-109.468507,0.532618,0.234171,0.510297,-0.633308,1961.299805,80674.320312,-0.139465,-0.121889,0.351562,-0.011230,-0.003530,0.000000,0.000000,0,202
101,13701,13695,1,1,-0.119544,-0.584709,9.874913,2.113747,-4.384933,-18.413464,1.153734,1.637532,-1.228434,8.524714,41.924133,0.306928,632.000000,3812.000000,21.000000,64.821944,15.319139,-109.100606,0.543469,0.216428,0.497996,-0.640156,1961.271240,80671.109375,-0.199423,-0.612815,0.351562,-0.039795,-0.018387,0.000000,0.000000,0,202
101,13772,13695,1,1,-0.119544,-0.584709,9.874913,2.113747,-4.384933,-18.413464,1.153734,1.637532,-1.228434,8.524714,41.924133,0.306928,632.000000,3812.000000,21.000000,64.821944,15.319139,-109.100606,0.543469,0.216428,0.497996,-0.640156,1961.271240,80671.109375,-0.199423,-0.612815,0.351562,-0.039795,-0.018387,0.000000,0.000000,0,202
101,13933,13881,1,1,-0.139807,-0.559917,9.889467,2.361135,-4.789695,-18.144770,-0.583596,0.045201,-0.906877,8.585823,41.987068,0.175387,642.000000,3823.000000,12.000000,61.998419,16.607902,-108.661876,0.555009,0.196592,0.486206,-0.645694,1961.298950,80672.945312,-0.211133,-0.167950,0.351562,-0.012085,-0.011326,0.000000,0.000000,0,202
101,14005,13881,1,1,-0.139807,-0.559917,9.889467,2.361135,-4.789695,-18.144770,-0.583596,0.045201,-0.906877,8.585823,41.987068,0.175387,642.000000,3823.000000,12.000000,61.998419,16.607902,-108.661876,0.555009,0.196592,0.486206,-0.645694,1961.298950,80672.945312,-0.211133,-0.167950,0.351562,-0.012085,-0.011326,0.000000,0.000000,0,202
101,14077,14057,1,1,-0.097218,-0.570746,9.905378,2.529044,-5.182812,-17.875288,0.402576,-1.237454,-0.796737,8.463606,41.992790,0.526162,622.000000,3824.000000,36.000000,58.912970,17.733997,-108.063838,0.566647,0.176751,0.472078,-0.651777,1961.276489,80674.343750,-0.237343,-1.002712,0.351562,-0.034546,-0.040597,0.000000,0.000000,0,202
101,14299,14242,1,1,-0.171377,-0.589134,9.884935,2.738765,-5.624666,-17.478935,-0.749127,-1.810245,0.222419,8.481938,42.021397,0.730780,625.000000,3829.000000,50.000000,55.809927,19.028128,-107.214941,0.579384,0.156273,0.458215,-0.655692,1961.354980,80671.195312,-0.176771,-0.172503,0.351562,0.043945,0.039042,0.000000,0.000000,0,202
101,14376,14374,1,1,-0.229873,-0.603531,9.948780,2.929727,-6.045148,-17.167694,-0.144413,-0.377297,-0.522892,8.237502,41.992790,0.526162,585.000000,3824.000000,36.000000,52.984622,20.056536,-106.511876,0.589487,0.137901,0.445223,-0.659746,1961.323364,80674.085938,-0.142476,-0.903445,0.351562,0.012329,0.016624,0.000000,0.000000,0,202
101,14457,14374,1,1,-0.229873,-0.603531,9.948780,2.929727,-6.045148,-17.167694,-0.144413,-0.377297,-0.522892,8.237502,41.992790,0.526162,585.000000,3824.000000,36.000000,52.984622,20.056536,-106.511876,0.589487,0.137901,0.445223,-0.659746,1961.323364,80674.085938,-0.142476,-0.903445,0.351562,0.012329,0.016624,0.000000,0.000000,0,202
101,14623,14565,1,1,-0.195624,-0.571215,9.892284,3.109881,-6.284118,-16.805309,-0.757701,-0.422525,-0.045780,8.426940,41.889812,0.628471,616.000000,3806.000000,43.000000,50.190265,21.175308,-105.695600,0.599726,0.119159,0.432777,-0.662446,1961.318848,80673.500000,-0.092801,-0.131366,0.351562,0.007812,0.010579,0.000000,0.000000,0,202
101,14706,14698,1,1,-0.207058,-0.541840,9.886678,3.284009,-6.572625,-16.441689,-0.008554,-0.685612,0.495559,8.457495,42.090050,0.292312,621.000000,3841.000000,20.000000,47.368984,22.106715,-104.740650,0.609751,0.101660,0.419432,-0.664790,1961.253906,80675.562500,-0.101939,-0.961253,0.351562,-0.057129,-0.006770,0.000000,0.000000,0,202
101,14798,14698,1,1,-0.207058,-0.541840,9.886678,3.284009,-6.572625,-16.441689,-0.008554,-0.685612,0.495559,8.457495,42.090050,0.292312,621.000000,3841.000000,20.000000,47.368984,22.106715,-104.740650,0.609751,0.101660,0.419432,-0.664790,1961.253906,80675.562500,-0.101939,-0.961253,0.351562,-0.057129,-0.006770,0.000000,0.000000,0,202
101,14974,14903,1,1,-0.236034,-0.556947,9.886414,3.378903,-6.837946,-16.120224,0.540907,1.585387,0.695559,8.463606,41.895531,0.467699,622.000000,3807.000000,32.000000,44.972947,22.764544,-103.838724,0.618083,0.087719,0.407601,-0.666438,1961.242432,80674.421875,-0.100158,-0.115259,0.351562,-0.068604,-0.061616,0.000000,0.000000,0,202
101,15123,15030,1,1,-0.181721,-0.553708,9.864157,3.457460,-7.014600,-15.841080,0.827087,2.569186,0.866647,8.610268,41.746784,-0.160772,646.000000,3781.000000,-11.000000,42.595368,23.386388,-102.949351,0.625869,0.073809,0.395871,-0.667927,1961.226440,80674.687500,-0.141417,-0.964388,0.351562,-0.084595,-0.075929,0.000000,0.000000,0,202
101,15297,15227,1,1,0.006323,-0.638723,9.861732,3.043194,-6.980554,-16.099619,9.611937,15.979472,10.746643,8.885259,40.968716,3.858521,691.000000,3645.000000,264.000000,42.771515,21.580179,-101.095686,0.633933,0.093008,0.387354,-0.662899,1961.219482,80674.546875,-0.155821,-0.136194,0.351562,-0.091553,-0.088906,0.000000,0.000000,0,202
101,15390,15353,1,1,0.532753,-0.955694,9.734721,2.369596,-6.657543,-16.585108,11.456109,28.913475,6.190880,9.184692,40.390884,6.328559,740.000000,3544.000000,433.000000,43.470138,20.098906,-100.856103,0.632488,0.107344,0.384329,-0.663873,1961.200195,80675.031250,-0.182740,-1.007437,0.351562,-0.110840,-0.105904,0.000000,0.000000,0,202
101,15484,15353,1,1,0.532753,-0.955694,9.734721,2.369596,-6.657543,-16.585108,11.456109,28.913475,6.190880,9.184692,40.390884,6.328559,740.000000,3544.000000,433.000000,43.470138,20.098906,-100.856103,0.632488,0.107344,0.384329,-0.663873,1961.200195,80675.031250,-0.182740,-1.007437,0.351562,-0.110840,-0.105904,0.000000,0.000000,0,202
101,15666,15644,1,1,2.892250,-1.002127,9.258515,1.388425,-3.873199,-18.641819,-10.786084,77.541929,2.124707,8.738596,37.759182,14.732533,667.000000,3084.000000,1008.000000,50.827389,18.562352,-103.385104,0.606879,0.148231,0.422644,-0.656580,1961.291870,80672.125000,-0.080098,-0.597336,0.351562,-0.019165,-0.096940,0.000000,0.000000,0,202
101,15761,15644,1,1,2.892250,-1.002127,9.258515,1.388425,-3.873199,-18.641819,-10.786084,77.541929,2.124707,8.738596,37.759182,14.732533,667.000000,3084.000000,1008.000000,50.827389,18.562352,-103.385104,0.606879,0.148231,0.422644,-0.656580,1961.291870,80672.125000,-0.080098,-0.597336,0.351562,-0.019165,-0.096940,0.000000,0.000000,0,202
101,15859,15844,1,1,4.584142,-0.742265,8.638679,0.716274,0.810119,-19.548962,-9.784853,79.669335,-1.008390,9.306911,34.526768,20.461853,760.000000,2519.000000,1400.000000,69.682287,18.253334,-107.618168,0.551627,0.228006,0.532106,-0.600487,1961.283447,80673.945312,-0.012224,-1.361243,0.351562,-0.027588,-0.214752,0.000000,0.000000,0,202
101,16095,16038,1,1,6.471972,-0.698015,7.080821,-1.309321,5.595454,-17.513863,-8.500079,82.831801,1.539824,9.349688,31.477427,24.364222,767.000000,1986.000000,1667.000000,88.913470,13.664062,-111.972448,0.465508,0.318617,0.623915,-0.540847,1961.419922,80669.195312,0.082884,-0.005967,0.351562,0.108887,0.097399,0.000000,0.000000,0,202
101,16222,16212,1,1,7.965531,-0.340086,5.452705,-2.753457,8.699664,-12.968280,-0.249661,107.801046,14.804182,8.983033,26.494356,26.030401,707.000000,1115.000000,1781.000000,108.543194,5.955096,-112.299669,0.359852,0.426386,0.690179,-0.460820,1961.294434,80675.726562,0.099513,0.955947,0.351562,-0.016602,0.096373,0.000000,0.000000,0,202
101,16292,16212,1,1,7.965531,-0.340086,5.452705,-2.753457,8.699664,-12.968280,-0.249661,107.801046,14.804182,8.983033,26.494356,26.030401,707.000000,1115.000000,1781.000000,108.543194,5.955096,-112.299669,0.359852,0.426386,0.690179,-0.460820,1961.294434,80675.726562,0.099513,0.955947,0.351562,-0.016602,0.096373,0.000000,0.000000,0,202
101,16448,16395,1,1,9.426835,-0.035805,2.594953,-3.256106,8.863451,-7.263818,4.571972,73.391373,14.944993,8.402496,23.267660,26.805029,612.000000,551.000000,1834.000000,122.252955,-0.186736,-109.934285,0.276025,0.503329,0.716581,-0.396210,1961.281982,80674.054688,0.098695,0.048052,0.351562,-0.029053,-0.017827,0.000000,0.000000,0,202
101,16522,16395,1,1,9.426835,-0.035805,2.594953,-3.256106,8.863451,-7.263818,4.571972,73.391373,14.944993,8.402496,23.267660,26.805029,612.000000,551.000000,1834.000000,122.252955,-0.186736,-109.934285,0.276025,0.503329,0.716581,-0.396210,1961.281982,80674.054688,0.098695,0.048052,0.351562,-0.029053,-0.017827,0.000000,0.000000,0,202
101,16597,16578,1,1,9.639457,0.151861,0.999166,-2.776099,7.441142,-4.245534,5.319466,49.946489,11.774248,8.274167,21.379702,25.884243,591.000000,221.000000,1771.000000,131.637239,-4.326059,-107.218882,0.215136,0.553287,0.724661,-0.349939,1961.204834,80676.328125,-0.000569,1.654446,0.351562,-0.106201,-0.009118,0.000000,0.000000,0,202
101,16760,16715,1,1,9.888019,0.295863,-0.047696,-2.587132,6.591987,-2.893383,1.611221,16.072605,-1.174412,8.463606,21.511286,25.635778,622.000000,244.000000,1754.000000,134.574766,-5.434160,-106.971814,0.194340,0.562972,0.729661,-0.335990,1961.271118,80672.320312,-0.035150,0.005109,0.351562,-0.039917,-0.037935,0.000000,0.000000,0,202
101,16840,16715,1,1,9.888019,0.295863,-0.047696,-2.587132,6.591987,-2.893383,1.611221,16.072605,-1.174412,8.463606,21.511286,25.635778,622.000000,244.000000,1754.000000,134.574766,-5.434160,-106.971814,0.194340,0.562972,0.729661,-0.335990,1961.271118,80672.320312,-0.035150,0.005109,0.351562,-0.039917,-0.037935,0.000000,0.000000,0,202
101,17071,17034,1,1,9.920074,0.030643,-0.261402,-2.913908,6.064253,-2.506405,-0.877678,3.114725,-1.400292,8.909702,21.476961,25.358084,695.000000,238.000000,1735.000000,136.845367,-5.927562,-107.517614,0.178342,0.564357,0.737771,-0.324637,1961.176392,80675.031250,-0.161663,-0.080967,0.351562,-0.134644,-0.125963,0.000000,0.000000,0,202
101,17151,17034,1,1,9.920074,0.030643,-0.261402,-2.913908,6.064253,-2.506405,-0.877678,3.114725,-1.400292,8.909702,21.476961,25.358084,695.000000,238.000000,1735.000000,136.845367,-5.927562,-107.517614,0.178342,0.564357,0.737771,-0.324637,1961.176392,80675.031250,-0.161663,-0.080967,0.351562,-0.134644,-0.125963,0.000000,0.000000,0,202
101,17234,17225,1,1,9.916266,-0.017840,-0.274772,-2.906241,5.861594,-2.344216,-1.316070,3.140784,-0.242348,8.897480,21.488403,25.285006,677.000000,233.000000,1730.000000,138.276128,-6.119528,-107.218110,0.170829,0.568908,0.739864,-0.315854,1961.135620,80676.179688,-0.187774,1.064304,0.351562,-0.175415,-0.141254,0.000000,0.000000,0,202
101,17406,17362,1,1,9.931684,-0.040560,-0.307442,-2.918573,5.710175,-2.210853,-0.064977,1.203718,-1.860357,8.921924,21.671476,25.065771,705.000000,275.000000,1715.000000,139.199515,-6.406251,-107.174629,0.164444,0.571172,0.741548,-0.311170,1961.179199,80673.773438,-0.145514,-0.114282,0.351562,-0.131836,-0.131309,0.000000,0.000000,0,202
101,17491,17362,1,1,9.931684,-0.040560,-0.307442,-2.918573,5.710175,-2.210853,-0.064977,1.203718,-1.860357,8.921924,21.671476,25.065771,705.000000,275.000000,1715.000000,139.199515,-6.406251,-107.174629,0.164444,0.571172,0.741548,-0.311170,1961.179199,80673.773438,-0.145514,-0.114282,0.351562,-0.131836,-0.131309,0.000000,0.000000,0,202
101,17581,17549,1,1,9.889761,-0.056560,-0.319370,-2.933806,5.585525,-2.178188,-0.600565,-1.043713,-1.932172,9.111362,21.488403,25.489622,728.000000,240.000000,1744.000000,139.794110,-6.486144,-107.263804,0.160704,0.571610,0.743426,-0.307821,1961.208984,80673.796875,-0.133312,0.942872,0.351562,-0.102051,-0.152467,0.000000,0.000000,0,202
101,17758,17696,1,1,9.898187,-0.117069,-0.310391,-2.959640,5.488416,-2.106718,0.811072,-0.292605,-0.627505,8.976923,21.551334,24.992693,706.000000,251.000000,1710.000000,140.451803,-6.830101,-107.073303,0.155623,0.574479,0.743494,-0.304915,1961.192139,80675.054688,-0.089899,-0.101697,0.351562,-0.118896,-0.120008,0.000000,0.000000,0,202
101,17848,17821,1,1,9.885973,-0.122203,-0.327647,-2.900954,5.389835,-2.029971,-0.043797,-0.764560,0.505617,8.946368,21.562777,25.328850,701.000000,253.000000,1733.000000,141.084128,-7.031312,-106.733146,0.151995,0.577947,0.743025,-0.301312,1961.181030,80672.429688,-0.065559,0.570821,0.351562,-0.130005,-0.132469,0.000000,0.000000,0,202
101,18084,18015,1,1,9.891396,-0.131918,-0.332419,-2.840636,5.319441,-1.952309,-1.108631,-0.651500,0.795992,8.903591,21.568497,25.226542,694.000000,254.000000,1726.000000,141.733652,-7.012353,-106.300782,0.149964,0.581567,0.742572,-0.296441,1961.240112,80672.796875,-0.008773,-0.053736,0.351562,-0.070923,-0.075267,0.000000,0.000000,0,202
101,18177,18139,1,1,9.919073,-0.104051,-0.376586,-2.769490,5.191049,-1.805777,-0.163395,1.445225,-0.273913,8.964701,21.551334,25.051155,704.000000,251.000000,1714.000000,142.599911,-7.256647,-106.034438,0.144603,0.584883,0.742925,-0.291659,1961.258301,80673.570312,0.027224,0.593783,0.351562,-0.052734,-0.081808,0.000000,0.000000,0,202
101,18271,18139,1,1,9.919073,-0.104051,-0.376586,-2.769490,5.191049,-1.805777,-0.163395,1.445225,-0.273913,8.964701,21.551334,25.051155,704.000000,251.000000,1714.000000,142.599911,-7.256647,-106.034438,0.144603,0.584883,0.742925,-0.291659,1961.258301,80673.570312,0.027224,0.593783,0.351562,-0.052734,-0.081808,0.000000,0.000000,0,202
101,18452,18426,1,1,10.018125,-0.155089,-0.248064,-2.924151,5.158895,-1.721176,-0.643289,-9.395928,-1.740867,9.300800,22.071953,25.665009,759.000000,342.000000,1756.000000,143.836681,-6.882956,-106.388078,0.139921,0.583411,0.748594,-0.282245,1961.352783,80671.250000,0.128463,0.400588,0.351562,0.041748,-0.038992,0.000000,0.000000,0,202
101,18597,18426,1,1,10.018125,-0.155089,-0.248064,-2.924151,5.158895,-1.721176,-0.643289,-9.395928,-1.740867,9.300800,22.071953,25.665009,759.000000,342.000000,1756.000000,143.836681,-6.882956,-106.388078,0.139921,0.583411,0.748594,-0.282245,1961.352783,80671.250000,0.128463,0.400588,0.351562,0.041748,-0.038992,0.000000,0.000000,0,202
101,18750,18735,1,1,9.978281,-0.215877,0.725296,-3.127195,6.569995,-2.931170,4.208030,-29.932068,0.605210,9.135806,24.715097,26.410406,732.000000,804.000000,1807.000000,138.659944,-6.103051,-106.659763,0.170557,0.573044,0.738170,-0.312469,1961.409180,80672.820312,0.256219,0.551932,0.351562,0.098145,0.107832,0.000000,0.000000,0,202
101,18820,18735,1,1,9.978281,-0.215877,0.725296,-3.127195,6.569995,-2.931170,4.208030,-29.932068,0.605210,9.135806,24.715097,26.410406,732.000000,804.000000,1807.000000,138.659944,-6.103051,-106.659763,0.170557,0.573044,0.738170,-0.312469,1961.409180,80672.820312,0.256219,0.551932,0.351562,0.098145,0.107832,0.000000,0.000000,0,202
101,18948,18735,1,1,9.978281,-0.215877,0.725296,-3.127195,6.569995,-2.931170,4.208030,-29.932068,0.605210,9.135806,24.715097,26.410406,732.000000,804.000000,1807.000000,138.659944,-6.103051,-106.659763,0.170557,0.573044,0.738170,-0.312469,1961.409180,80672.820312,0.256219,0.551932,0.351562,0.098145,0.107832,0.000000,0.000000,0,202
101,19102,19089,1,1,9.084380,-0.479682,3.814770,-3.438236,9.136503,-8.382772,0.129203,-73.886200,-3.723014,8.891369,31.935116,24.788074,692.000000,2066.000000,1696.000000,122.447834,-1.858640,-108.356826,0.270175,0.519251,0.706048,-0.398599,1961.322754,80674.492188,0.196337,0.828092,0.351562,0.011719,0.078165,0.000000,0.000000,0,202
101,19175,19089,1,1,9.084380,-0.479682,3.814770,-3.438236,9.136503,-8.382772,0.129203,-73.886200,-3.723014,8.891369,31.935116,24.788074,692.000000,2066.000000,1696.000000,122.447834,-1.858640,-108.356826,0.270175,0.519251,0.706048,-0.398599,1961.322754,80674.492188,0.196337,0.828092,0.351562,0.011719,0.078165,0.000000,0.000000,0,202
101,19251,19089,1,1,9.084380,-0.479682,3.814770,-3.438236,9.136503,-8.382772,0.129203,-73.886200,-3.723014,8.891369,31.935116,24.788074,692.000000,2066.000000,1696.000000,122.447834,-1.858640,-108.356826,0.270175,0.519251,0.706048,-0.398599,1961.322754,80674.492188,0.196337,0.828092,0.351562,0.011719,0.078165,0.000000,0.000000,0,202
101,19414,19410,1,1,5.605614,-0.548456,7.768777,-1.173626,6.408142,-16.846277,-13.912063,-94.995330,7.204001,7.357531,39.046429,14.674072,441.000000,3309.000000,1004.000000,98.910428,6.501450,-105.936944,0.425260,0.427489,0.627853,-0.492145,1961.190674,80676.898438,-0.113647,0.772376,0.351562,-0.120361,-0.007245,0.000000,0.000000,0,202
101,19492,19410,1,1,5.605614,-0.548456,7.768777,-1.173626,6.408142,-16.846277,-13.912063,-94.995330,7.204001,7.357531,39.046429,14.674072,441.000000,3309.000000,1004.000000,98.910428,6.501450,-105.936944,0.425260,0.427489,0.627853,-0.492145,1961.190674,80676.898438,-0.113647,0.772376,0.351562,-0.120361,-0.007245,0.000000,0.000000,0,202
101,19574,19410,1,1,5.605614,-0.548456,7.768777,-1.173626,6.408142,-16.846277,-13.912063,-94.995330,7.204001,7.357531,39.046429,14.674072,441.000000,3309.000000,1004.000000,98.910428,6.501450,-105.936944,0.425260,0.427489,0.627853,-0.492145,1961.190674,80676.898438,-0.113647,0.772376,0.351562,-0.120361,-0.007245,0.000000,0.000000,0,202
101,19742,19736,1,1,1.494015,0.495020,9.631599,4.095956,-0.236612,-18.656054,-13.113996,-30.119502,-2.003381,6.062018,42.925327,3.887752,229.000000,3987.000000,266.000000,78.331724,23.883409,-100.490319,0.585557,0.271815,0.577627,-0.499586,1961.150146,80676.070312,-0.351992,0.097734,0.351562,-0.160889,-0.114152,0.000000,0.000000,0,202
101,19887,19736,1,1,1.494015,0.495020,9.631599,4.095956,-0.236612,-18.656054,-13.113996,-30.119502,-2.003381,6.062018,42.925327,3.887752,229.000000,3987.000000,266.000000,78.331724,23.883409,-100.490319,0.585557,0.271815,0.577627,-0.499586,1961.150146,80676.070312,-0.351992,0.097734,0.351562,-0.160889,-0.114152,0.000000,0.000000,0,202
101,20058,19982,1,1,1.175708,0.786753,9.860025,5.083304,-0.784213,-18.258074,-0.929886,-3.969802,1.047809,5.842025,42.479080,4.516223,193.000000,3909.000000,309.000000,75.890519,28.095461,-98.639905,0.611854,0.243668,0.577149,-0.482867,1961.094238,80677.242188,-0.460343,-0.225963,0.351562,-0.216797,-0.145064,0.000000,0.000000,0,202
101,20144,20059,1,1,1.175708,0.786753,9.860025,5.619660,-0.927529,-17.972933,-0.929886,-3.969802,1.047809,5.842025,42.479080,4.516223,193.000000,3909.000000,309.000000,74.650156,31.035577,-97.539186,0.627006,0.225062,0.579602,-0.469332,1961.094238,80677.242188,-0.460343,-0.285572,0.351562,-0.216797,-0.162240,0.000000,0.000000,0,202
101,20231,20059,1,1,1.175708,0.786753,9.860025,5.619660,-0.927529,-17.972933,-0.929886,-3.969802,1.047809,5.842025,42.479080,4.516223,193.000000,3909.000000,309.000000,74.650156,31.035577,-97.539186,0.627006,0.225062,0.579602,-0.469332,1961.094238,80677.242188,-0.460343,-0.285572,0.351562,-0.216797,-0.162240,0.000000,0.000000,0,202
101,20407,20389,1,1,1.141911,0.640066,9.777298,6.188162,-1.162333,-17.394737,0.894563,-0.228592,-0.653913,6.043685,42.255959,4.530839,226.000000,3870.000000,310.000000,72.327011,36.106067,-95.484829,0.651524,0.192107,0.583488,-0.445145,1961.089111,80675.234375,-0.390961,-0.411434,0.351562,-0.221924,-0.258543,0.000000,0.000000,0,202
101,20498,20389,1,1,1.141911,0.640066,9.777298,6.188162,-1.162333,-17.394737,0.894563,-0.228592,-0.653913,6.043685,42.255959,4.530839,226.000000,3870.000000,310.000000,72.327011,36.106067,-95.484829,0.651524,0.192107,0.583488,-0.445145,1961.089111,80675.234375,-0.390961,-0.411434,0.351562,-0.221924,-0.258543,0.000000,0.000000,0,202
101,20591,20588,1,1,1.153016,0.638520,9.791926,6.587941,-1.215510,-17.063269,-1.331289,-0.191628,0.263557,5.976465,42.307449,5.188541,215.000000,3879.000000,355.000000,71.135129,38.988581,-94.331524,0.663676,0.173728,0.586650,-0.430342,1961.126709,80674.429688,-0.310717,-0.640331,0.351562,-0.184326,-0.339567,0.000000,0.000000,0,202
101,20833,20777,1,1,1.186537,0.856254,9.808062,7.342384,-1.055877,-16.382309,-11.685864,0.062144,-0.987372,5.188158,42.255959,5.334697,86.000000,3870.000000,365.000000,70.195063,43.704212,-93.489396,0.676236,0.143894,0.597349,-0.406416,1961.065918,80677.343750,-0.278571,-0.298888,0.351562,-0.245117,-0.244417,0.000000,0.000000,0,202
101,20928,20911,1,1,1.156307,1.060041,9.660289,7.852858,-0.949164,-15.564126,-13.643764,-1.170846,1.137670,4.234856,42.845234,5.641625,-70.000000,3973.000000,386.000000,68.868367,47.917677,-91.985614,0.688796,0.118107,0.604354,-0.382580,1961.147095,80673.210938,-0.148483,-0.438297,0.351562,-0.163940,-0.283880,0.000000,0.000000,0,202
101,21023,20911,1,1,1.156307,1.060041,9.660289,7.852858,-0.949164,-15.564126,-13.643764,-1.170846,1.137670,4.234856,42.845234,5.641625,-70.000000,3973.000000,386.000000,68.868367,47.917677,-91.985614,0.688796,0.118107,0.604354,-0.382580,1961.147095,80673.210938,-0.148483,-0.438297,0.351562,-0.163940,-0.283880,0.000000,0.000000,0,202
101,21257,21237,1,1,0.800239,3.327601,9.429383,9.967825,-0.039256,-10.926834,-60.239605,-20.574166,4.615956,-0.965528,43.606140,3.069278,-921.000000,4106.000000,210.000000,62.421140,64.417563,-84.649082,0.720998,0.017213,0.632255,-0.283053,1961.181885,80674.226562,0.025928,-0.195194,0.351562,-0.129150,-0.173191,0.000000,0.000000,0,202
101,21325,21237,1,1,0.800239,3.327601,9.429383,9.967825,-0.039256,-10.926834,-60.239605,-20.574166,4.615956,-0.965528,43.606140,3.069278,-921.000000,4106.000000,210.000000,62.421140,64.417563,-84.649082,0.720998,0.017213,0.632255,-0.283053,1961.181885,80674.226562,0.025928,-0.195194,0.351562,-0.129150,-0.173191,0.000000,0.000000,0,202
101,21395,21237,1,1,0.800239,3.327601,9.429383,9.967825,-0.039256,-10.926834,-60.239605,-20.574166,4.615956,-0.965528,43.606140,3.069278,-921.000000,4106.000000,210.000000,62.421140,64.417563,-84.649082,0.720998,0.017213,0.632255,-0.283053,1961.181885,80674.226562,0.025928,-0.195194,0.351562,-0.129150,-0.173191,0.000000,0.000000,0,202
101,21553,21548,1,1,0.442796,6.789001,6.941246,6.716628,2.082691,-3.091544,-89.880611,-30.368831,18.238808,-9.251922,41.357746,0.511546,-2277.000000,3713.000000,35.000000,144.979754,97.598581,-165.786327,0.736550,-0.146923,0.651359,-0.107889,1961.185059,80675.632812,0.095232,0.057444,0.351562,-0.125977,-0.096999,0.000000,0.000000,0,202
101,21627,21548,1,1,0.442796,6.789001,6.941246,6.716628,2.082691,-3.091544,-89.880611,-30.368831,18.238808,-9.251922,41.357746,0.511546,-2277.000000,3713.000000,35.000000,144.979754,97.598581,-165.786327,0.736550,-0.146923,0.651359,-0.107889,1961.185059,80675.632812,0.095232,0.057444,0.351562,-0.125977,-0.096999,0.000000,0.000000,0,202
101,21849,21785,1,1,-0.054103,8.271269,4.269821,0.091583,2.393642,-0.805986,-101.855879,-10.274503,19.407127,-14.898402,36.700783,-3.040047,-3201.000000,2899.000000,-208.000000,91.213925,117.932970,-108.576293,0.707669,-0.271697,0.649014,0.064552,1961.084717,80678.078125,0.039083,-0.000410,0.351562,-0.226318,-0.214735,0.000000,0.000000,0,202
101,21921,21908,1,1,-0.477508,9.367714,2.023572,-4.154682,2.268354,-1.454137,-94.302120,4.146873,6.346812,-16.475018,33.634277,-2.177726,-3461.000000,2368.000000,-132.000000,85.000229,128.349636,-102.319929,0.675089,-0.332338,0.645437,0.131216,1961.068848,80673.406250,-0.019151,0.288582,0.351562,-0.242188,-0.214785,0.000000,0.000000,0,202
101,21998,21908,1,1,-0.477508,9.367714,2.023572,-4.154682,2.268354,-1.454137,-94.302120,4.146873,6.346812,-16.475018,33.634277,-2.177726,-3461.000000,2368.000000,-132.000000,85.000229,128.349636,-102.319929,0.675089,-0.332338,0.645437,0.131216,1961.068848,80673.406250,-0.019151,0.288582,0.351562,-0.242188,-0.214785,0.000000,0.000000,0,202
101,22163,22099,1,1,-0.524259,9.820480,0.099011,-6.727325,2.274251,-2.996783,-36.750369,3.016333,-4.737272,-16.805006,32.724625,-1.359252,-3513.000000,2204.000000,-93.000000,82.194503,134.240333,-100.822895,0.653435,-0.372190,0.639414,0.160149,1961.088379,80675.242188,-0.074291,-0.038542,0.351562,-0.222656,-0.221954,0.000000,0.000000,0,202
101,22245,22227,1,1,-0.261424,9.981844,-0.227005,-6.958879,2.734026,-3.178600,-3.732652,-1.685999,-11.419046,-16.499460,33.188030,-0.014616,-3463.000000,2285.000000,-1.000000,82.596494,133.837147,-102.223391,0.657494,-0.375530,0.635296,0.151913,1961.166748,80672.875000,-0.049696,0.249212,0.351562,-0.144287,-0.226831,0.000000,0.000000,0,202
101,22326,22227,1,1,-0.261424,9.981844,-0.227005,-6.958879,2.734026,-3.178600,-3.732652,-1.685999,-11.419046,-16.499460,33.188030,-0.014616,-3463.000000,2285.000000,-1.000000,82.596494,133.837147,-102.223391,0.657494,-0.375530,0.635296,0.151913,1961.166748,80672.875000,-0.049696,0.249212,0.351562,-0.144287,-0.226831,0.000000,0.000000,0,202
101,22496,22423,1,1,-0.115933,9.994123,-0.246224,-6.784349,3.006773,-3.101114,1.884690,-0.686958,-5.288564,-16.248913,33.222359,0.657702,-3422.000000,2291.000000,45.000000,83.186117,132.619324,-103.325312,0.663208,-0.371735,0.634021,0.141373,1961.226318,80672.921875,0.023790,-0.006371,0.351562,-0.084717,-0.096860,0.000000,0.000000,0,202
101,22643,22549,1,1,-0.016045,9.958345,-0.241559,-6.583318,3.096283,-2.996574,5.007193,0.691157,-3.794644,-16.193914,33.639999,1.315405,-3413.000000,2364.000000,90.000000,83.538869,131.370301,-103.510608,0.666858,-0.364012,0.636146,0.134589,1961.191040,80675.492188,0.068754,0.222776,0.351562,-0.119995,-0.097346,0.000000,0.000000,0,202
101,22818,22749,1,1,0.076321,9.979908,-0.050278,-6.079580,3.312779,-2.612738,7.253066,1.176371,-3.397740,-15.827260,34.023312,2.630810,-3353.000000,2431.000000,180.000000,84.102093,128.765076,-104.404632,0.673994,-0.351586,0.639184,0.116461,1961.165527,80675.523438,0.108812,0.053078,0.351562,-0.145508,-0.141209,0.000000,0.000000,0,202
101,22908,22874,1,1,0.137452,9.960943,0.148379,-5.575270,3.368907,-2.262557,13.378654,2.316594,-1.533742,-15.460605,34.320808,1.958492,-3293.000000,2483.000000,134.000000,84.669163,126.376354,-104.660286,0.679530,-0.336586,0.643631,0.103383,1961.122437,80676.359375,0.089266,0.460676,0.351562,-0.188599,-0.134678,0.000000,0.000000,0,202
101,22998,22874,1,1,0.137452,9.960943,0.148379,-5.575270,3.368907,-2.262557,13.378654,2.316594,-1.533742,-15.460605,34.320808,1.958492,-3293.000000,2483.000000,134.000000,84.669163,126.376354,-104.660286,0.679530,-0.336586,0.643631,0.103383,1961.122437,80676.359375,0.089266,0.460676,0.351562,-0.188599,-0.134678,0.000000,0.000000,0,202
101,23177,23159,1,1,0.383226,9.673777,2.081144,-1.554610,3.500262,-0.669115,73.788911,-13.172408,-5.639084,-12.307377,38.697445,3.288512,-2777.000000,3248.000000,225.000000,98.167440,114.183530,-117.195815,0.726897,-0.255412,0.636919,0.026840,1961.227905,80672.882812,0.000240,0.308708,0.351562,-0.083130,-0.141125,0.000000,0.000000,0,202
101,23268,23159,1,1,0.383226,9.673777,2.081144,-1.554610,3.500262,-0.669115,73.788911,-13.172408,-5.639084,-12.307377,38.697445,3.288512,-2777.000000,3248.000000,225.000000,98.167440,114.183530,-117.195815,0.726897,-0.255412,0.636919,0.026840,1961.227905,80672.882812,0.000240,0.308708,0.351562,-0.083130,-0.141125,0.000000,0.000000,0,202
101,23362,23354,1,1,0.469328,9.084322,3.921408,3.487509,2.493026,-0.871010,98.602387,-7.538990,-6.229217,-6.685339,42.175865,3.244665,-1857.000000,3856.000000,222.000000,149.802823,102.908247,-167.559225,0.768252,-0.137337,0.620162,-0.079542,1961.215576,80674.710938,0.019183,0.986575,0.351562,-0.095459,-0.081340,0.000000,0.000000,0,202
101,23547,23495,1,1,0.435586,6.574637,6.654442,8.138383,0.055219,-5.168414,143.040239,-5.712242,-16.732256,0.751637,43.520321,2.206957,-640.000000,4091.000000,151.000000,32.494775,68.623942,-50.159062,0.785082,-0.020086,0.588120,-0.193285,1961.287720,80672.015625,0.072955,0.057778,0.351562,-0.023315,-0.030560,0.000000,0.000000,0,202
101,23843,23810,1,1,1.226351,0.826465,9.349985,7.640008,-3.091376,-14.457487,52.312033,-7.041254,-20.698212,9.539125,41.203278,2.236188,798.000000,3686.000000,153.000000,46.934318,47.133281,-72.504015,0.772178,0.077482,0.511597,-0.368791,1961.160645,80674.742188,0.076550,0.067467,0.351562,-0.150391,-0.139626,0.000000,0.000000,0,202
101,23908,23810,1,1,1.226351,0.826465,9.349985,7.640008,-3.091376,-14.457487,52.312033,-7.041254,-20.698212,9.539125,41.203278,2.236188,798.000000,3686.000000,153.000000,46.934318,47.133281,-72.504015,0.772178,0.077482,0.511597,-0.368791,1961.160645,80674.742188,0.076550,0.067467,0.351562,-0.150391,-0.139626,0.000000,0.000000,0,202
101,23977,23810,1,1,1.226351,0.826465,9.349985,7.640008,-3.091376,-14.457487,52.312033,-7.041254,-20.698212,9.539125,41.203278,2.236188,798.000000,3686.000000,153.000000,46.934318,47.133281,-72.504015,0.772178,0.077482,0.511597,-0.368791,1961.160645,80674.742188,0.076550,0.067467,0.351562,-0.150391,-0.139626,0.000000,0.000000,0,202
101,24139,24117,1,1,0.765539,-0.821397,9.893022,6.570098,-5.076193,-15.296333,6.325345,0.246612,-10.006227,9.581903,41.477890,1.052324,805.000000,3734.000000,72.000000,39.646407,44.580583,-70.859968,0.783827,0.048821,0.472648,-0.399795,1961.228394,80673.078125,0.037859,0.052186,0.351562,-0.082642,-0.087800,0.000000,0.000000,0,202
101,24209,24117,1,1,0.765539,-0.821397,9.893022,6.570098,-5.076193,-15.296333,6.325345,0.246612,-10.006227,9.581903,41.477890,1.052324,805.000000,3734.000000,72.000000,39.646407,44.580583,-70.859968,0.783827,0.048821,0.472648,-0.399795,1961.228394,80673.078125,0.037859,0.052186,0.351562,-0.082642,-0.087800,0.000000,0.000000,0,202
101,24284,24117,1,1,0.765539,-0.821397,9.893022,6.570098,-5.076193,-15.296333,6.325345,0.246612,-10.006227,9.581903,41.477890,1.052324,805.000000,3734.000000,72.000000,39.646407,44.580583,-70.859968,0.783827,0.048821,0.472648,-0.399795,1961.228394,80673.078125,0.037859,0.052186,0.351562,-0.082642,-0.087800,0.000000,0.000000,0,202
101,24442,24425,1,1,0.792200,-0.566313,9.924001,7.115016,-5.159555,-14.511586,-2.717025,-3.989256,-3.564949,9.545236,41.638084,-0.146156,799.000000,3762.000000,-10.000000,34.648180,47.213806,-69.166546,0.787866,0.007653,0.469617,-0.398333,1961.356689,80669.617188,0.196975,0.126916,0.351562,0.045654,0.033573,0.000000,0.000000,0,202
101,24582,24425,1,1,0.792200,-0.566313,9.924001,7.115016,-5.159555,-14.511586,-2.717025,-3.989256,-3.564949,9.545236,41.638084,-0.146156,799.000000,3762.000000,-10.000000,34.648180,47.213806,-69.166546,0.787866,0.007653,0.469617,-0.398333,1961.356689,80669.617188,0.196975,0.126916,0.351562,0.045654,0.033573,0.000000,0.000000,0,202
101,24745,24742,1,1,0.630200,-0.517509,9.859201,7.367254,-5.487790,-13.472043,-0.702383,-1.305497,-0.615996,9.575790,41.672409,-0.613856,804.000000,3768.000000,-42.000000,26.880058,49.438962,-64.011058,0.800710,-0.036527,0.456799,-0.385829,1961.236816,80678.359375,0.266589,0.199005,0.351562,-0.074219,-0.064460,0.000000,0.000000,0,202
101,24825,24742,1,1,0.630200,-0.517509,9.859201,7.367254,-5.487790,-13.472043,-0.702383,-1.305497,-0.615996,9.575790,41.672409,-0.613856,804.000000,3768.000000,-42.000000,26.880058,49.438962,-64.011058,0.800710,-0.036527,0.456799,-0.385829,1961.236816,80678.359375,0.266589,0.199005,0.351562,-0.074219,-0.064460,0.000000,0.000000,0,202
101,24904,24742,1,1,0.630200,-0.517509,9.859201,7.367254,-5.487790,-13.472043,-0.702383,-1.305497,-0.615996,9.575790,41.672409,-0.613856,804.000000,3768.000000,-42.000000,26.880058,49.438962,-64.011058,0.800710,-0.036527,0.456799,-0.385829,1961.236816,80678.359375,0.266589,0.199005,0.351562,-0.074219,-0.064460,0.000000,0.000000,0,202
101,25073,25066,1,1,0.847528,-0.635022,9.844954,7.574260,-5.528370,-12.980996,1.922857,0.503569,-0.105344,9.594124,41.615196,-0.906168,807.000000,3758.000000,-62.000000,20.402248,50.933786,-59.137677,0.810418,-0.069761,0.446981,-0.372243,1961.187012,80674.562500,0.081985,0.138608,0.351562,-0.124023,-0.118631,0.000000,0.000000,0,202
101,25159,25066,1,1,0.847528,-0.635022,9.844954,7.574260,-5.528370,-12.980996,1.922857,0.503569,-0.105344,9.594124,41.615196,-0.906168,807.000000,3758.000000,-62.000000,20.402248,50.933786,-59.137677,0.810418,-0.069761,0.446981,-0.372243,1961.187012,80674.562500,0.081985,0.138608,0.351562,-0.124023,-0.118631,0.000000,0.000000,0,202
101,25245,25066,1,1,0.847528,-0.635022,9.844954,7.574260,-5.528370,-12.980996,1.922857,0.503569,-0.105344,9.594124,41.615196,-0.906168,807.000000,3758.000000,-62.000000,20.402248,50.933786,-59.137677,0.810418,-0.069761,0.446981,-0.372243,1961.187012,80674.562500,0.081985,0.138608,0.351562,-0.124023,-0.118631,0.000000,0.000000,0,202
101,25420,25392,1,1,0.946915,-0.767443,9.849818,7.677039,-5.643721,-12.578774,2.006170,0.538207,-0.065366,9.753008,41.392075,0.453084,833.000000,3719.000000,31.000000,15.060391,51.696086,-54.957229,0.817901,-0.094804,0.437882,-0.360984,1961.113770,80676.171875,-0.300429,-0.087992,0.351562,-0.197266,-0.190153,0.000000,0.000000,0,202
101,25574,25392,1,1,0.946915,-0.767443,9.849818,7.677039,-5.643721,-12.578774,2.006170,0.538207,-0.065366,9.753008,41.392075,0.453084,833.000000,3719.000000,31.000000,15.060391,51.696086,-54.957229,0.817901,-0.094804,0.437882,-0.360984,1961.113770,80676.171875,-0.300429,-0.087992,0.351562,-0.197266,-0.190153,0.000000,0.000000,0,202
101,25750,25715,1,1,0.878789,-0.842327,9.829252,7.690333,-5.849018,-11.979017,1.386110,-0.274740,0.281406,9.795784,41.592312,0.979246,840.000000,3754.000000,67.000000,9.204371,51.967067,-50.169713,0.826413,-0.119820,0.426090,-0.348040,1961.237183,80673.273438,-0.135058,-0.112284,0.351562,-0.073853,-0.084367,0.000000,0.000000,0,202
101,25844,25715,1,1,0.878789,-0.842327,9.829252,7.690333,-5.849018,-11.979017,1.386110,-0.274740,0.281406,9.795784,41.592312,0.979246,840.000000,3754.000000,67.000000,9.204371,51.967067,-50.169713,0.826413,-0.119820,0.426090,-0.348040,1961.237183,80673.273438,-0.135058,-0.112284,0.351562,-0.073853,-0.084367,0.000000,0.000000,0,202
101,25937,25906,1,1,0.914142,-0.867005,9.860983,7.741031,-5.929599,-11.735591,2.223993,0.431998,-0.742752,9.905780,41.432121,0.891552,858.000000,3726.000000,61.000000,6.420182,51.924840,-48.105890,0.829717,-0.132177,0.419661,-0.343487,1961.246826,80672.664062,-0.069758,-1.214748,0.351562,-0.064209,-0.105531,0.000000,0.000000,0,202
101,26118,26054,1,1,0.914046,-0.911448,9.834146,7.741036,-5.975289,-11.458989,1.350813,0.809796,0.741071,9.863004,41.517941,0.847705,851.000000,3741.000000,58.000000,3.494009,51.999490,-45.681507,0.833122,-0.144830,0.414442,-0.336408,1961.235596,80674.484375,-0.015047,-0.062097,0.351562,-0.075439,-0.076239,0.000000,0.000000,0,202
101,26215,26182,1,1,0.955414,-0.865437,9.829133,7.815194,-5.952977,-11.127073,0.442843,0.523221,-0.276717,9.973001,41.523663,0.745396,869.000000,3742.000000,51.000000,0.395069,52.061307,-43.250783,0.835866,-0.158852,0.409102,-0.329743,1961.264404,80672.437500,0.076597,-0.811781,0.351562,-0.046631,-0.084029,0.000000,0.000000,0,202
101,26449,26381,1,1,0.941976,-0.869498,9.825604,7.826672,-5.995516,-10.792387,0.385790,-0.118189,-0.496602,9.960778,41.392075,1.300789,867.000000,3719.000000,89.000000,177.288338,128.039423,139.116200,0.838480,-0.172884,0.402932,-0.323588,1961.263550,80673.960938,0.112091,0.027806,0.351562,-0.047485,-0.050027,0.000000,0.000000,0,202
101,26578,26504,1,1,0.918559,-0.834383,9.832141,7.853591,-6.012088,-10.422965,-0.009023,0.101266,-2.001576,10.076885,41.306259,0.423853,886.000000,3704.000000,29.000000,174.208647,128.141725,141.316136,0.840177,-0.187505,0.397006,-0.318327,1961.230347,80675.054688,0.073586,-0.694048,0.351562,-0.080688,-0.046679,0.000000,0.000000,0,202
101,26648,26504,1,1,0.918559,-0.834383,9.832141,7.853591,-6.012088,-10.422965,-0.009023,0.101266,-2.001576,10.076885,41.306259,0.423853,886.000000,3704.000000,29.000000,174.208647,128.141725,141.316136,0.840177,-0.187505,0.397006,-0.318327,1961.230347,80675.054688,0.073586,-0.694048,0.351562,-0.080688,-0.046679,0.000000,0.000000,0,202
101,26803,26737,1,1,0.966865,-0.903478,9.812531,7.877623,-5.977988,-10.294545,1.251726,2.802437,1.074383,10.052442,41.254768,0.380006,882.000000,3695.000000,26.000000,172.176761,127.980997,143.189739,0.841318,-0.196306,0.395762,-0.311480,1961.309570,80671.632812,0.063564,0.046262,0.351562,-0.001465,-0.005713,0.000000,0.000000,0,202
101,26876,26867,1,1,1.100098,-0.934601,9.791154,7.944767,-5.892982,-10.123240,0.435334,2.038766,1.716889,10.113551,41.311981,0.570009,892.000000,3705.000000,39.000000,169.478918,128.040885,145.570988,0.843178,-0.207823,0.392273,-0.303287,1961.235718,80671.898438,-0.008709,-0.714993,0.351562,-0.075317,0.000179,0.000000,0.000000,0,202
101,26948,26867,1,1,1.100098,-0.934601,9.791154,7.944767,-5.892982,-10.123240,0.435334,2.038766,1.716889,10.113551,41.311981,0.570009,892.000000,3705.000000,39.000000,169.478918,128.040885,145.570988,0.843178,-0.207823,0.392273,-0.303287,1961.235718,80671.898438,-0.008709,-0.714993,0.351562,-0.075317,0.000179,0.000000,0.000000,0,202
101,27108,27049,1,1,1.149761,-0.930616,9.772892,7.957951,-5.862435,-9.817787,-0.334258,-0.617167,0.004065,10.150217,41.317699,3.639287,898.000000,3706.000000,-7.000000,166.367726,128.411668,148.054718,0.845274,-0.221627,0.385978,-0.295659,1961.223633,80674.625000,-0.091015,-0.024591,0.351562,-0.087402,-0.080149,0.000000,0.000000,0,202
101,27184,27176,1,1,1.103977,-0.846361,9.821491,7.987046,-5.867656,-9.383285,-0.705276,-1.022578,-1.236123,9.966890,41.352028,0.686934,868.000000,3712.000000,47.000000,163.339179,128.853923,150.304528,0.846692,-0.235771,0.379357,-0.289160,1961.164673,80676.312500,-0.204155,-0.764952,0.351562,-0.146362,-0.083254,0.000000,0.000000,0,202
101,27259,27176,1,1,1.103977,-0.846361,9.821491,7.987046,-5.867656,-9.383285,-0.705276,-1.022578,-1.236123,9.966890,41.352028,0.686934,868.000000,3712.000000,47.000000,163.339179,128.853923,150.304528,0.846692,-0.235771,0.379357,-0.289160,1961.164673,80676.312500,-0.204155,-0.764952,0.351562,-0.146362,-0.083254,0.000000,0.000000,0,202
101,29388,29343,1,1,-8.288772,3.000420,4.286903,-9.405918,-0.580636,-7.103712,-59.383481,-138.917168,16.387405,-0.360548,40.316513,-50.847702,-822.000000,3531.000000,-3479.000000,82.765855,-169.410562,-154.138122,0.626081,-0.741812,0.107727,0.214787,1961.356323,80670.781250,0.150599,0.024471,0.351562,0.045288,-0.049975,0.000000,0.000000,0,202
