seconds, altitude, temp,volts
0,1,69.3F,8.2
0.05,3,69.3F,8.2
0.1,7,69.3F,8.2
0.15,11,69.3F,8.2
0.2,14,69.3F,8.2
0.25,19,69.3F,8.2
0.3,20,69.3F,8.2
0.35,20,69.3F,8.2
0.4,18,69.3F,8.2
0.45,17,69.3F,8.2
0.5,21,69.3F,8.2
0.55,23,69.3F,8.2
0.6,27,69.3F,8.2
0.65,35,69.3F,8.2
0.7,42,69.3F,8.2
0.75,44,69.3F,8.2
0.8,50,69.3F,8.2
0.85,57,69.3F,8.2
0.9,61,69.3F,8.2
0.95,70,69.3F,8.2
1,81,69.3F,8.2
1.05,89,69.3F,8.2
1.1,99,69.3F,8.2
1.15,106,69.3F,8.2
1.2,118,69.3F,8.2
1.25,131,69.3F,8.2
1.3,142,69.3F,8.2
1.35,155,69.3F,8.2
1.4,169,69.3F,8.2
1.45,185,69.3F,8.2
1.5,203,69.3F,8.2
1.55,220,69.3F,8.2
1.6,241,69.3F,8.2
1.65,264,69.3F,8.2
1.7,289,69.3F,8.2
1.75,316,69.3F,8.2
1.8,339,69.3F,8.2
1.85,362,69.3F,8.2
1.9,385,69.3F,8.2
1.95,408,69.2F,8.2
2,431,69.2F,8.2
2.05,457,69.2F,8.2
2.1,481,69.2F,8.2
2.15,502,69.2F,8.2
2.2,524,69.2F,8.2
2.25,547,69.2F,8.2
2.3,571,69.2F,8.2
2.35,593,69.2F,8.2
2.4,614,69.2F,8.2
2.45,633,69.2F,8.2
2.5,653,69.2F,8.2
2.55,673,69.2F,8.2
2.6,693,69.2F,8.2
2.65,714,69.2F,8.2
2.7,735,69.2F,8.2
2.75,754,69.2F,8.2
2.8,772,69.2F,8.2
2.85,791,69.2F,8.2
2.9,812,69.1F,8.2
2.95,831,69.2F,8.2
3,848,69.2F,8.2
3.05,867,69.1F,8.2
3.1,887,69.1F,8.2
3.15,903,69.1F,8.2
3.2,920,69.1F,8.2
3.25,939,69.1F,8.2
3.3,955,69.1F,8.2
3.35,973,69.1F,8.2
3.4,991,69.1F,8.2
3.45,1009,69.1F,8.2
3.5,1025,69.1F,8.2
3.55,1043,69.1F,8.2
3.6,1060,69.1F,8.2
3.65,1077,69.1F,8.2
3.7,1092,69.1F,8.2
3.75,1109,69.1F,8.2
3.8,1125,69.1F,8.2
3.85,1141,69.1F,8.2
3.9,1155,69.1F,8.2
3.95,1171,69.1F,8.2
4,1187,69.1F,8.2
4.05,1202,69.1F,8.2
4.1,1217,69.1F,8.2
4.15,1233,69.1F,8.2
4.2,1247,69.1F,8.2
4.25,1261,69.1F,8.2
4.3,1278,69.1F,8.2
4.35,1290,69.1F,8.2
4.4,1305,69.1F,8.2
4.45,1319,69.1F,8.2
4.5,1333,69.1F,8.2
4.55,1347,69.1F,8.2
4.6,1361,69.1F,8.2
4.65,1373,69.1F,8.2
4.7,1385,69.1F,8.2
4.75,1399,69.1F,8.2
4.8,1413,69.1F,8.2
4.85,1426,69.1F,8.2
4.9,1438,69.1F,8.2
4.95,1451,69.0F,8.2
5,1465,69.0F,8.2
5.05,1478,69.1F,8.2
5.1,1489,69.1F,8.2
5.15,1503,69.0F,8.2
5.2,1513,69.1F,8.2
5.25,1524,69.1F,8.2
5.3,1537,69.0F,8.2
5.35,1548,69.0F,8.2
5.4,1560,69.1F,8.2
5.45,1571,69.0F,8.2
5.5,1582,69.0F,8.2
5.55,1595,69.0F,8.2
5.6,1605,69.0F,8.2
5.65,1618,69.0F,8.2
5.7,1627,69.0F,8.2
5.75,1638,69.0F,8.2
5.8,1648,69.0F,8.2
5.85,1658,69.0F,8.2
5.9,1669,69.0F,8.2
5.95,1677,69.0F,8.2
6,1688,69.0F,8.2
6.05,1697,69.0F,8.2
6.1,1706,69.0F,8.2
6.15,1717,69.0F,8.2
6.2,1726,69.0F,8.2
6.25,1734,69.0F,8.2
6.3,1746,69.0F,8.2
6.35,1755,69.0F,8.2
6.4,1763,69.0F,8.2
6.45,1773,69.0F,8.2
6.5,1780,69.0F,8.2
6.55,1789,69.0F,8.2
6.6,1800,69.0F,8.2
6.65,1809,69.0F,8.2
6.7,1817,69.0F,8.2
6.75,1826,69.0F,8.2
6.8,1835,69.0F,8.2
6.85,1841,69.0F,8.2
6.9,1851,69.0F,8.2
6.95,1857,69.0F,8.2
7,1865,69.0F,8.2
7.05,1872,69.0F,8.2
7.1,1879,69.0F,8.2
7.15,1888,69.0F,8.2
7.2,1895,69.0F,8.2
7.25,1905,69.0F,8.2
7.3,1912,69.0F,8.2
7.35,1918,69.0F,8.2
7.4,1924,69.0F,8.2
7.45,1929,69.0F,8.2
7.5,1937,69.0F,8.2
7.55,1944,69.0F,8.2
7.6,1950,69.0F,8.2
7.65,1958,69.0F,8.2
7.7,1962,69.0F,8.2
7.75,1969,69.0F,8.2
7.8,1976,69.0F,8.2
7.85,1982,69.0F,8.2
7.9,1988,69.0F,8.2
7.95,1993,69.0F,8.2
8,2001,69.0F,8.2
8.05,2006,69.0F,8.2
8.1,2012,69.0F,8.2
8.15,2015,69.0F,8.2
8.2,2021,69.0F,8.2
8.25,2027,69.0F,8.2
8.3,2030,69.0F,8.2
8.35,2036,69.0F,8.2
8.4,2042,69.0F,8.2
8.45,2048,69.0F,8.2
8.5,2052,69.0F,8.2
8.55,2058,69.0F,8.2
8.6,2062,69.0F,8.2
8.65,2068,69.0F,8.2
8.7,2073,69.0F,8.2
8.75,2075,69.0F,8.2
8.8,2079,69.0F,8.2
8.85,2084,69.0F,8.2
8.9,2088,69.0F,8.2
8.95,2092,69.0F,8.2
9,2096,69.0F,8.2
9.05,2100,69.0F,8.2
9.1,2103,69.0F,8.2
9.15,2107,69.0F,8.2
9.2,2110,69.0F,8.2
9.25,2114,69.0F,8.2
9.3,2117,69.0F,8.2
9.35,2120,69.0F,8.2
9.4,2124,69.0F,8.2
9.45,2129,69.0F,8.2
9.5,2131,69.0F,8.2
9.55,2134,69.0F,8.2
9.6,2135,69.0F,8.2
9.65,2139,69.0F,8.2
9.7,2140,69.0F,8.2
9.75,2144,69.0F,8.2
9.8,2146,69.0F,8.2
9.85,2149,69.0F,8.2
9.9,2151,69.0F,8.2
9.95,2154,69.0F,8.2
10,2155,69.0F,8.2
10.05,2157,69.0F,8.2
10.1,2160,69.0F,8.2
10.15,2162,69.0F,8.2
10.2,2164,69.0F,8.2
10.25,2166,69.0F,8.2
10.3,2168,69.0F,8.2
10.35,2169,69.0F,8.2
10.4,2171,69.0F,8.2
10.45,2172,69.0F,8.2
10.5,2173,69.0F,8.2
10.55,2174,69.0F,8.2
10.6,2176,69.0F,8.2
10.65,2177,69.0F,8.2
10.7,2178,69.0F,8.2
10.75,2180,69.0F,8.2
10.8,2179,69.0F,8.2
10.85,2182,69.0F,8.2
10.9,2183,69.0F,8.2
10.95,2183,69.0F,8.2
11,2183,69.0F,8.2
11.05,2183,69.0F,8.2
11.1,2183,69.0F,8.2
11.15,2185,69.0F,8.2
11.2,2185,69.0F,8.2
11.25,2184,69.0F,8.2
11.3,1905,69.2F,8.2
11.35,2154,69.2F,8.2
11.4,2172,69.2F,8.2
11.45,2189,69.3F,8.2
11.5,2187,69.3F,8.2
11.55,2190,69.3F,8.2
11.6,2315,69.3F,8.2
11.65,2206,69.3F,8.2
11.7,2197,69.3F,8.2
11.75,2192,69.4F,8.2
11.8,2187,69.4F,8.2
11.85,2188,69.4F,8.2
11.9,2187,69.4F,8.2
11.95,2186,69.4F,8.2
12,2186,69.4F,8.2
12.05,2183,69.4F,8.2
12.1,2180,69.4F,8.2
12.15,2178,69.4F,8.2
12.2,2178,69.4F,8.2
12.25,2174,69.4F,8.2
12.3,2175,69.4F,8.2
12.35,2176,69.4F,8.2
12.4,2176,69.3F,8.2
12.45,2175,69.4F,8.2
12.5,2176,69.4F,8.2
12.55,2176,69.4F,8.2
12.6,2177,69.3F,8.2
12.65,2178,69.3F,8.2
12.7,2177,69.3F,8.2
12.75,2175,69.3F,8.2
12.8,2173,69.3F,8.2
12.85,2164,69.3F,8.2
12.9,2164,69.3F,8.2
12.95,2161,69.3F,8.2
13,2158,69.3F,8.2
13.05,2157,69.3F,8.2
13.1,2154,69.3F,8.2
13.15,2155,69.3F,8.2
13.2,2150,69.3F,8.2
13.25,2147,69.3F,8.2
13.3,2142,69.3F,8.2
13.35,2136,69.3F,8.2
13.4,2132,69.3F,8.2
13.45,2132,69.3F,8.2
13.5,2125,69.3F,8.2
13.55,2122,69.3F,8.2
13.6,2119,69.3F,8.2
13.65,2118,69.3F,8.2
13.7,2113,69.3F,8.2
13.75,2113,69.2F,8.2
13.8,2109,69.2F,8.2
13.85,2105,69.2F,8.2
13.9,2104,69.3F,8.2
13.95,2101,69.2F,8.2
14,2100,69.2F,8.2
14.05,2097,69.2F,8.2
14.1,2096,69.2F,8.2
14.15,2095,69.2F,8.2
14.2,2097,69.2F,8.2
14.25,2096,69.2F,8.2
14.3,2095,69.2F,8.2
14.35,2091,69.2F,8.2
14.4,2092,69.2F,8.2
14.45,2091,69.2F,8.2
14.5,2088,69.2F,8.2
14.55,2084,69.2F,8.2
14.6,2087,69.2F,8.2
14.65,2084,69.2F,8.2
14.7,2085,69.2F,8.2
14.75,2084,69.2F,8.2
14.8,2080,69.2F,8.2
14.85,2076,69.2F,8.2
14.9,2073,69.2F,8.2
14.95,2071,69.2F,8.2
15,2072,69.2F,8.2
15.05,2069,69.2F,8.2
15.1,2067,69.2F,8.2
15.15,2064,69.2F,8.2
15.2,2059,69.2F,8.2
15.25,2058,69.2F,8.2
15.3,2057,69.2F,8.2
15.35,2053,69.2F,8.2
15.4,2053,69.2F,8.2
15.45,2051,69.2F,8.2
15.5,2048,69.2F,8.2
15.55,2046,69.2F,8.2
15.6,2042,69.2F,8.2
15.65,2039,69.2F,8.2
15.7,2035,69.2F,8.2
15.75,2031,69.2F,8.2
15.8,2026,69.2F,8.2
15.85,2024,69.2F,8.2
15.9,2021,69.2F,8.2
15.95,2020,69.2F,8.2
16,2020,69.2F,8.2
16.05,2016,69.2F,8.2
16.1,2011,69.2F,8.2
16.15,2007,69.2F,8.2
16.2,2003,69.2F,8.2
16.25,1996,69.2F,8.2
16.3,1992,69.2F,8.2
16.35,1990,69.2F,8.2
16.4,1988,69.2F,8.2
16.45,1984,69.2F,8.2
16.5,1983,69.2F,8.2
16.55,1982,69.2F,8.2
16.6,1980,69.2F,8.2
16.65,1976,69.2F,8.2
16.7,1975,69.2F,8.2
16.75,1972,69.2F,8.2
16.8,1971,69.2F,8.2
16.85,1969,69.2F,8.2
16.9,1964,69.2F,8.2
16.95,1960,69.2F,8.2
17,1961,69.2F,8.2
17.05,1954,69.2F,8.2
17.1,1951,69.2F,8.2
17.15,1950,69.3F,8.2
17.2,1948,69.2F,8.2
17.25,1944,69.2F,8.2
17.3,1943,69.2F,8.2
17.35,1941,69.2F,8.2
17.4,1939,69.2F,8.2
17.45,1939,69.2F,8.2
17.5,1932,69.2F,8.2
17.55,1933,69.2F,8.2
17.6,1928,69.3F,8.2
17.65,1927,69.2F,8.2
17.7,1921,69.2F,8.2
17.75,1921,69.3F,8.2
17.8,1917,69.3F,8.2
17.85,1918,69.2F,8.2
17.9,1912,69.3F,8.2
17.95,1912,69.2F,8.2
18,1907,69.3F,8.2
18.05,1905,69.2F,8.2
18.1,1900,69.2F,8.2
18.15,1900,69.2F,8.2
18.2,1891,69.2F,8.2
18.25,1890,69.3F,8.2
18.3,1891,69.3F,8.2
18.35,1887,69.3F,8.2
18.4,1885,69.2F,8.2
18.45,1881,69.3F,8.2
18.5,1881,69.2F,8.2
18.55,1877,69.3F,8.2
18.6,1874,69.3F,8.2
18.65,1873,69.2F,8.2
18.7,1871,69.3F,8.2
18.75,1868,69.3F,8.2
18.8,1869,69.2F,8.2
18.85,1864,69.3F,8.2
18.9,1862,69.3F,8.2
18.95,1859,69.2F,8.2
19,1855,69.3F,8.2
19.05,1852,69.3F,8.2
19.1,1848,69.3F,8.2
19.15,1846,69.3F,8.2
19.2,1844,69.3F,8.2
19.25,1842,69.3F,8.2
19.3,1841,69.3F,8.2
19.35,1840,69.3F,8.2
19.4,1837,69.3F,8.2
19.45,1835,69.3F,8.2
19.5,1833,69.3F,8.2
19.55,1830,69.3F,8.2
19.6,1828,69.2F,8.2
19.65,1824,69.3F,8.2
19.7,1822,69.3F,8.2
19.75,1818,69.3F,8.2
19.8,1817,69.3F,8.2
19.85,1814,69.3F,8.2
19.9,1809,69.3F,8.2
19.95,1807,69.3F,8.2
20,1802,69.3F,8.2
20.05,1798,69.3F,8.2
20.1,1797,69.3F,8.2
20.15,1792,69.3F,8.2
20.2,1789,69.3F,8.2
20.25,1786,69.3F,8.2
20.3,1786,69.3F,8.2
20.35,1783,69.3F,8.2
20.4,1780,69.3F,8.2
20.45,1780,69.3F,8.2
20.5,1776,69.3F,8.2
20.55,1774,69.3F,8.2
20.6,1771,69.3F,8.2
20.65,1767,69.3F,8.2
20.7,1765,69.3F,8.2
20.75,1762,69.3F,8.2
20.8,1759,69.3F,8.2
20.85,1755,69.3F,8.2
20.9,1755,69.3F,8.2
20.95,1753,69.3F,8.2
21,1749,69.3F,8.2
21.05,1747,69.3F,8.2
21.1,1744,69.3F,8.2
21.15,1744,69.3F,8.2
21.2,1739,69.3F,8.2
21.25,1737,69.3F,8.2
21.3,1734,69.3F,8.2
21.35,1731,69.3F,8.2
21.4,1731,69.3F,8.2
21.45,1727,69.3F,8.2
21.5,1726,69.3F,8.2
21.55,1725,69.3F,8.2
21.6,1724,69.3F,8.2
21.65,1724,69.3F,8.2
21.7,1719,69.3F,8.2
21.75,1716,69.3F,8.2
21.8,1713,69.3F,8.2
21.85,1710,69.3F,8.2
21.9,1707,69.3F,8.2
21.95,1705,69.3F,8.2
22,1699,69.3F,8.2
22.05,1701,69.3F,8.2
22.1,1696,69.3F,8.2
22.15,1694,69.3F,8.2
22.2,1688,69.3F,8.2
22.25,1686,69.3F,8.2
22.3,1685,69.3F,8.2
22.35,1683,69.3F,8.2
22.4,1679,69.3F,8.2
22.45,1676,69.3F,8.2
22.5,1673,69.3F,8.2
22.55,1672,69.3F,8.2
22.6,1670,69.3F,8.2
22.65,1668,69.3F,8.2
22.7,1663,69.3F,8.2
22.75,1662,69.3F,8.2
22.8,1659,69.3F,8.2
22.85,1656,69.3F,8.2
22.9,1657,69.3F,8.2
22.95,1654,69.3F,8.2
23,1655,69.3F,8.2
23.05,1655,69.3F,8.2
23.1,1651,69.3F,8.2
23.15,1649,69.3F,8.2
23.2,1650,69.3F,8.2
23.25,1643,69.3F,8.2
23.3,1639,69.3F,8.2
23.35,1635,69.3F,8.2
23.4,1634,69.3F,8.2
23.45,1630,69.3F,8.2
23.5,1625,69.3F,8.2
23.55,1625,69.3F,8.2
23.6,1618,69.3F,8.2
23.65,1616,69.3F,8.2
23.7,1616,69.3F,8.2
23.75,1610,69.3F,8.2
23.8,1609,69.3F,8.2
23.85,1606,69.3F,8.2
23.9,1604,69.2F,8.2
23.95,1600,69.3F,8.2
24,1598,69.3F,8.2
24.05,1596,69.3F,8.2
24.1,1595,69.3F,8.2
24.15,1592,69.3F,8.2
24.2,1591,69.3F,8.2
24.25,1586,69.3F,8.2
24.3,1584,69.3F,8.2
24.35,1582,69.3F,8.2
24.4,1581,69.3F,8.2
24.45,1577,69.3F,8.2
24.5,1575,69.3F,8.2
24.55,1575,69.3F,8.2
24.6,1573,69.3F,8.2
24.65,1570,69.3F,8.2
24.7,1569,69.3F,8.2
24.75,1568,69.3F,8.2
24.8,1566,69.3F,8.2
24.85,1563,69.3F,8.2
24.9,1560,69.3F,8.2
24.95,1554,69.3F,8.2
25,1551,69.3F,8.2
25.05,1547,69.3F,8.2
25.1,1545,69.3F,8.2
25.15,1542,69.3F,8.2
25.2,1541,69.3F,8.2
25.25,1539,69.3F,8.2
25.3,1536,69.3F,8.2
25.35,1532,69.3F,8.2
25.4,1534,69.3F,8.2
25.45,1529,69.3F,8.2
25.5,1528,69.3F,8.2
25.55,1526,69.3F,8.2
25.6,1524,69.3F,8.2
25.65,1523,69.3F,8.2
25.7,1520,69.3F,8.2
25.75,1518,69.3F,8.2
25.8,1514,69.3F,8.2
25.85,1510,69.3F,8.2
25.9,1506,69.3F,8.2
25.95,1503,69.3F,8.2
26,1500,69.3F,8.2
26.05,1497,69.3F,8.2
26.1,1496,69.3F,8.2
26.15,1493,69.3F,8.2
26.2,1491,69.3F,8.2
26.25,1488,69.3F,8.2
26.3,1486,69.3F,8.2
26.35,1481,69.3F,8.2
26.4,1479,69.3F,8.2
26.45,1476,69.3F,8.2
26.5,1474,69.3F,8.2
26.55,1472,69.3F,8.2
26.6,1468,69.3F,8.2
26.65,1465,69.3F,8.2
26.7,1463,69.3F,8.2
26.75,1462,69.3F,8.2
26.8,1458,69.3F,8.2
26.85,1457,69.3F,8.2
26.9,1455,69.3F,8.2
26.95,1451,69.3F,8.2
27,1448,69.3F,8.2
27.05,1447,69.3F,8.2
27.1,1444,69.3F,8.2
27.15,1441,69.3F,8.2
27.2,1438,69.3F,8.2
27.25,1437,69.3F,8.2
27.3,1434,69.3F,8.2
27.35,1431,69.3F,8.2
27.4,1429,69.3F,8.2
27.45,1427,69.3F,8.2
27.5,1423,69.3F,8.2
27.55,1421,69.3F,8.2
27.6,1416,69.3F,8.2
27.65,1416,69.3F,8.2
27.7,1413,69.3F,8.2
27.75,1410,69.3F,8.2
27.8,1408,69.3F,8.2
27.85,1405,69.3F,8.2
27.9,1402,69.3F,8.2
27.95,1402,69.3F,8.2
28,1399,69.3F,8.2
28.05,1396,69.3F,8.2
28.1,1392,69.3F,8.2
28.15,1391,69.3F,8.2
28.2,1389,69.3F,8.2
28.25,1386,69.3F,8.2
28.3,1382,69.3F,8.2
28.35,1382,69.3F,8.2
28.4,1377,69.3F,8.2
28.45,1376,69.3F,8.2
28.5,1373,69.3F,8.2
28.55,1372,69.3F,8.2
28.6,1367,69.3F,8.2
28.65,1366,69.3F,8.2
28.7,1365,69.3F,8.2
28.75,1362,69.3F,8.2
28.8,1357,69.3F,8.2
28.85,1356,69.3F,8.2
28.9,1354,69.3F,8.2
28.95,1350,69.3F,8.2
29,1347,69.3F,8.2
29.05,1344,69.3F,8.2
29.1,1342,69.3F,8.2
29.15,1338,69.3F,8.2
29.2,1337,69.3F,8.2
29.25,1335,69.3F,8.2
29.3,1330,69.3F,8.2
29.35,1326,69.3F,8.2
29.4,1325,69.3F,8.2
29.45,1322,69.3F,8.2
29.5,1319,69.3F,8.2
29.55,1318,69.3F,8.2
29.6,1313,69.3F,8.2
29.65,1311,69.3F,8.2
29.7,1309,69.3F,8.2
29.75,1307,69.3F,8.2
29.8,1304,69.3F,8.2
29.85,1300,69.3F,8.2
29.9,1302,69.3F,8.2
29.95,1297,69.3F,8.2
30,1294,69.3F,8.2
30.05,1294,69.3F,8.2
30.1,1289,69.3F,8.2
30.15,1286,69.3F,8.2
30.2,1283,69.3F,8.2
30.25,1282,69.3F,8.2
30.3,1279,69.3F,8.2
30.35,1275,69.3F,8.2
30.4,1273,69.3F,8.2
30.45,1270,69.3F,8.2
30.5,1267,69.3F,8.2
30.55,1265,69.3F,8.2
30.6,1264,69.3F,8.2
30.65,1260,69.3F,8.2
30.7,1258,69.3F,8.2
30.75,1255,69.3F,8.2
30.8,1254,69.3F,8.2
30.85,1252,69.3F,8.2
30.9,1251,69.3F,8.2
30.95,1248,69.3F,8.2
31,1243,69.3F,8.2
31.05,1242,69.3F,8.2
31.1,1238,69.3F,8.2
31.15,1237,69.3F,8.2
31.2,1234,69.3F,8.2
31.25,1230,69.3F,8.2
31.3,1229,69.3F,8.2
31.35,1227,69.3F,8.2
31.4,1222,69.3F,8.2
31.45,1219,69.3F,8.2
31.5,1216,69.3F,8.2
31.55,1212,69.3F,8.2
31.6,1210,69.3F,8.2
31.65,1210,69.3F,8.2
31.7,1205,69.3F,8.2
31.75,1202,69.3F,8.2
31.8,1200,69.3F,8.2
31.85,1197,69.3F,8.2
31.9,1192,69.3F,8.2
31.95,1189,69.3F,8.2
32,1188,69.3F,8.2
32.05,1184,69.3F,8.2
32.1,1184,69.3F,8.2
32.15,1181,69.3F,8.2
32.2,1178,69.3F,8.2
32.25,1177,69.3F,8.2
32.3,1176,69.3F,8.2
32.35,1171,69.3F,8.2
32.4,1169,69.3F,8.2
32.45,1169,69.3F,8.2
32.5,1165,69.3F,8.2
32.55,1163,69.3F,8.2
32.6,1162,69.3F,8.2
32.65,1161,69.3F,8.2
32.7,1157,69.3F,8.2
32.75,1155,69.3F,8.2
32.8,1153,69.3F,8.2
32.85,1149,69.3F,8.2
32.9,1147,69.3F,8.2
32.95,1146,69.3F,8.2
33,1141,69.3F,8.2
33.05,1139,69.3F,8.2
33.1,1138,69.3F,8.2
33.15,1133,69.3F,8.2
33.2,1132,69.3F,8.2
33.25,1128,69.3F,8.2
33.3,1124,69.3F,8.2
33.35,1122,69.3F,8.2
33.4,1120,69.3F,8.2
33.45,1116,69.3F,8.2
33.5,1115,69.3F,8.2
33.55,1111,69.3F,8.2
33.6,1111,69.3F,8.2
33.65,1108,69.3F,8.2
33.7,1105,69.3F,8.2
33.75,1101,69.3F,8.2
33.8,1101,69.3F,8.2
33.85,1097,69.3F,8.2
33.9,146,69.3F,8.2
33.95,-161,69.3F,8.2
34,1061,69.3F,8.2
34.05,1093,69.3F,8.2
34.1,1067,69.3F,8.2
34.15,1082,69.3F,8.2
34.2,1083,69.3F,8.2
34.25,1083,69.3F,8.2
34.3,1081,69.4F,8.2
34.35,1078,69.4F,8.2
34.4,1076,69.4F,8.2
34.45,1075,69.4F,8.2
34.5,1072,69.4F,8.2
34.55,1068,69.4F,8.2
34.6,1067,69.4F,8.2
34.65,1063,69.4F,8.2
34.7,1060,69.4F,8.2
34.75,1058,69.4F,8.2
34.8,1056,69.4F,8.2
34.85,1054,69.4F,8.2
34.9,1055,69.4F,8.2
34.95,1053,69.4F,8.2
35,1054,69.4F,8.2
35.05,1055,69.4F,8.2
35.1,1062,69.4F,8.2
35.15,1059,69.4F,8.2
35.2,1056,69.4F,8.2
35.25,1054,69.4F,8.2
35.3,1046,69.4F,8.2
35.35,1037,69.4F,8.2
35.4,1030,69.4F,8.2
35.45,1029,69.4F,8.2
35.5,1025,69.4F,8.2
35.55,1026,69.4F,8.2
35.6,1026,69.4F,8.2
35.65,1025,69.4F,8.2
35.7,1024,69.4F,8.2
35.75,1022,69.4F,8.2
35.8,1020,69.4F,8.2
35.85,1019,69.4F,8.2
35.9,1018,69.4F,8.2
35.95,1016,69.4F,8.2
36,1014,69.4F,8.2
36.05,1013,69.4F,8.2
36.1,1011,69.4F,8.2
36.15,1009,69.4F,8.2
36.2,1007,69.4F,8.2
36.25,1006,69.4F,8.2
36.3,1004,69.4F,8.2
36.35,1004,69.4F,8.2
36.4,1003,69.4F,8.2
36.45,1001,69.4F,8.2
36.5,1002,69.4F,8.2
36.55,1005,69.4F,8.2
36.6,997,69.4F,8.2
36.65,997,69.4F,8.2
36.7,996,69.4F,8.2
36.75,995,69.4F,8.2
36.8,991,69.4F,8.2
36.85,991,69.4F,8.2
36.9,992,69.4F,8.2
36.95,989,69.4F,8.2
37,988,69.4F,8.2
37.05,987,69.4F,8.2
37.1,984,69.4F,8.2
37.15,983,69.4F,8.2
37.2,982,69.4F,8.2
37.25,979,69.4F,8.2
37.3,980,69.4F,8.2
37.35,979,69.4F,8.2
37.4,977,69.4F,8.2
37.45,973,69.4F,8.2
37.5,971,69.4F,8.2
37.55,970,69.4F,8.2
37.6,968,69.4F,8.2
37.65,968,69.4F,8.2
37.7,967,69.4F,8.2
37.75,964,69.4F,8.2
37.8,962,69.4F,8.2
37.85,960,69.4F,8.2
37.9,959,69.4F,8.2
37.95,956,69.4F,8.2
38,955,69.4F,8.2
38.05,956,69.4F,8.2
38.1,953,69.4F,8.2
38.15,953,69.4F,8.2
38.2,951,69.4F,8.2
38.25,949,69.5F,8.2
38.3,951,69.5F,8.2
38.35,949,69.5F,8.2
38.4,948,69.5F,8.2
38.45,946,69.5F,8.2
38.5,944,69.5F,8.2
38.55,941,69.5F,8.2
38.6,941,69.5F,8.2
38.65,939,69.5F,8.2
38.7,940,69.5F,8.2
38.75,939,69.5F,8.2
38.8,935,69.5F,8.2
38.85,933,69.5F,8.2
38.9,932,69.5F,8.2
38.95,932,69.5F,8.2
39,933,69.5F,8.2
39.05,929,69.5F,8.2
39.1,928,69.5F,8.2
39.15,926,69.5F,8.2
39.2,925,69.5F,8.2
39.25,922,69.5F,8.2
39.3,921,69.5F,8.2
39.35,918,69.5F,8.2
39.4,917,69.5F,8.2
39.45,916,69.5F,8.2
39.5,913,69.5F,8.2
39.55,913,69.5F,8.2
39.6,913,69.5F,8.2
39.65,910,69.5F,8.2
39.7,910,69.5F,8.2
39.75,907,69.5F,8.2
39.8,907,69.5F,8.2
39.85,906,69.5F,8.2
39.9,904,69.5F,8.2
39.95,903,69.5F,8.2
40,903,69.5F,8.2
40.05,901,69.5F,8.2
40.1,899,69.5F,8.2
40.15,898,69.5F,8.2
40.2,896,69.5F,8.2
40.25,892,69.5F,8.2
40.3,892,69.5F,8.2
40.35,889,69.5F,8.2
40.4,889,69.5F,8.2
40.45,887,69.5F,8.2
40.5,884,69.5F,8.2
40.55,885,69.5F,8.2
40.6,885,69.5F,8.2
40.65,882,69.5F,8.2
40.7,881,69.5F,8.2
40.75,880,69.5F,8.2
40.8,880,69.5F,8.2
40.85,879,69.5F,8.2
40.9,878,69.5F,8.2
40.95,876,69.5F,8.2
41,874,69.5F,8.2
41.05,875,69.5F,8.2
41.1,875,69.5F,8.2
41.15,873,69.5F,8.2
41.2,871,69.5F,8.2
41.25,867,69.5F,8.2
41.3,866,69.5F,8.2
41.35,864,69.5F,8.2
41.4,864,69.5F,8.2
41.45,863,69.5F,8.2
41.5,861,69.5F,8.2
41.55,859,69.5F,8.2
41.6,858,69.5F,8.2
41.65,857,69.5F,8.2
41.7,856,69.5F,8.2
41.75,852,69.5F,8.2
41.8,854,69.5F,8.2
41.85,850,69.5F,8.2
41.9,848,69.5F,8.2
41.95,846,69.5F,8.2
42,846,69.5F,8.2
42.05,845,69.5F,8.2
42.1,843,69.5F,8.2
42.15,842,69.5F,8.2
42.2,841,69.5F,8.2
42.25,841,69.5F,8.2
42.3,838,69.5F,8.2
42.35,837,69.5F,8.2
42.4,836,69.5F,8.2
42.45,835,69.5F,8.2
42.5,833,69.5F,8.2
42.55,831,69.5F,8.2
42.6,831,69.5F,8.2
42.65,830,69.5F,8.2
42.7,827,69.4F,8.2
42.75,826,69.4F,8.2
42.8,823,69.4F,8.2
42.85,822,69.4F,8.2
42.9,822,69.4F,8.2
42.95,820,69.4F,8.2
43,818,69.4F,8.2
43.05,816,69.4F,8.2
43.1,813,69.4F,8.2
43.15,812,69.4F,8.2
43.2,809,69.4F,8.2
43.25,808,69.4F,8.2
43.3,805,69.4F,8.2
43.35,806,69.4F,8.2
43.4,805,69.4F,8.2
43.45,803,69.5F,8.2
43.5,801,69.5F,8.2
43.55,802,69.4F,8.2
43.6,800,69.5F,8.2
43.65,801,69.4F,8.2
43.7,799,69.5F,8.2
43.75,797,69.5F,8.2
43.8,795,69.5F,8.2
43.85,796,69.5F,8.2
43.9,790,69.5F,8.2
43.95,789,69.5F,8.2
44,788,69.5F,8.2
44.05,786,69.5F,8.2
44.1,785,69.5F,8.2
44.15,783,69.5F,8.2
44.2,780,69.5F,8.2
44.25,778,69.5F,8.2
44.3,777,69.5F,8.2
44.35,773,69.5F,8.2
44.4,772,69.5F,8.2
44.45,771,69.5F,8.2
44.5,768,69.5F,8.2
44.55,766,69.5F,8.2
44.6,767,69.5F,8.2
44.65,764,69.5F,8.2
44.7,765,69.5F,8.2
44.75,764,69.5F,8.2
44.8,763,69.5F,8.2
44.85,763,69.5F,8.2
44.9,762,69.5F,8.2
44.95,759,69.5F,8.2
45,758,69.5F,8.2
45.05,755,69.5F,8.2
45.1,753,69.5F,8.2
45.15,754,69.5F,8.2
45.2,752,69.5F,8.2
45.25,752,69.5F,8.2
45.3,750,69.5F,8.2
45.35,746,69.5F,8.2
45.4,745,69.5F,8.2
45.45,745,69.5F,8.2
45.5,742,69.5F,8.2
45.55,740,69.5F,8.2
45.6,742,69.5F,8.2
45.65,741,69.5F,8.2
45.7,739,69.5F,8.2
45.75,738,69.5F,8.2
45.8,737,69.5F,8.2
45.85,735,69.5F,8.2
45.9,731,69.5F,8.2
45.95,732,69.5F,8.2
46,728,69.5F,8.2
46.05,730,69.5F,8.2
46.1,726,69.5F,8.2
46.15,723,69.5F,8.2
46.2,724,69.5F,8.2
46.25,722,69.5F,8.2
46.3,721,69.5F,8.2
46.35,718,69.5F,8.2
46.4,717,69.5F,8.2
46.45,715,69.5F,8.2
46.5,713,69.5F,8.2
46.55,712,69.5F,8.2
46.6,712,69.5F,8.2
46.65,709,69.5F,8.2
46.7,708,69.5F,8.2
46.75,707,69.5F,8.2
46.8,705,69.5F,8.2
46.85,704,69.5F,8.2
46.9,701,69.5F,8.2
46.95,700,69.5F,8.2
47,701,69.5F,8.2
47.05,698,69.5F,8.2
47.1,695,69.5F,8.2
47.15,693,69.5F,8.2
47.2,691,69.5F,8.2
47.25,688,69.5F,8.2
47.3,688,69.5F,8.2
47.35,686,69.5F,8.2
47.4,684,69.5F,8.2
47.45,682,69.5F,8.2
47.5,680,69.5F,8.2
47.55,680,69.5F,8.2
47.6,678,69.5F,8.2
47.65,676,69.5F,8.2
47.7,676,69.5F,8.2
47.75,676,69.5F,8.2
47.8,674,69.5F,8.2
47.85,673,69.5F,8.2
47.9,673,69.5F,8.2
47.95,671,69.5F,8.2
48,668,69.5F,8.2
48.05,666,69.5F,8.2
48.1,662,69.5F,8.2
48.15,663,69.5F,8.2
48.2,662,69.5F,8.2
48.25,658,69.5F,8.2
48.3,658,69.5F,8.2
48.35,659,69.5F,8.2
48.4,658,69.5F,8.2
48.45,656,69.5F,8.2
48.5,655,69.5F,8.2
48.55,653,69.5F,8.2
48.6,650,69.5F,8.2
48.65,650,69.5F,8.2
48.7,651,69.5F,8.2
48.75,650,69.5F,8.2
48.8,651,69.5F,8.2
48.85,647,69.5F,8.2
48.9,646,69.5F,8.2
48.95,646,69.5F,8.2
49,644,69.5F,8.2
49.05,645,69.5F,8.2
49.1,639,69.5F,8.2
49.15,639,69.5F,8.2
49.2,635,69.5F,8.2
49.25,633,69.5F,8.2
49.3,631,69.5F,8.2
49.35,632,69.5F,8.2
49.4,630,69.5F,8.2
49.45,629,69.5F,8.2
49.5,627,69.5F,8.2
49.55,626,69.5F,8.2
49.6,623,69.5F,8.2
49.65,622,69.5F,8.2
49.7,620,69.5F,8.2
49.75,618,69.5F,8.2
49.8,617,69.5F,8.2
49.85,615,69.5F,8.2
49.9,615,69.5F,8.2
49.95,614,69.5F,8.2
50,611,69.5F,8.2
50.05,611,69.5F,8.2
50.1,609,69.5F,8.2
50.15,611,69.5F,8.2
50.2,607,69.5F,8.2
50.25,607,69.5F,8.2
50.3,604,69.5F,8.2
50.35,605,69.5F,8.2
50.4,603,69.5F,8.2
50.45,602,69.5F,8.2
50.5,600,69.5F,8.2
50.55,600,69.5F,8.2
50.6,597,69.5F,8.2
50.65,596,69.5F,8.2
50.7,601,69.5F,8.2
50.75,595,69.5F,8.2
50.8,598,69.5F,8.2
50.85,596,69.5F,8.2
50.9,594,69.5F,8.2
50.95,594,69.5F,8.2
51,589,69.5F,8.2
51.05,589,69.5F,8.2
51.1,587,69.5F,8.2
51.15,585,69.5F,8.2
51.2,585,69.5F,8.2
51.25,584,69.5F,8.2
51.3,582,69.5F,8.2
51.35,581,69.5F,8.2
51.4,579,69.5F,8.2
51.45,577,69.5F,8.2
51.5,577,69.6F,8.2
51.55,573,69.5F,8.2
51.6,572,69.5F,8.2
51.65,573,69.5F,8.2
51.7,570,69.6F,8.2
51.75,569,69.6F,8.2
51.8,568,69.6F,8.2
51.85,566,69.6F,8.2
51.9,564,69.6F,8.2
51.95,562,69.6F,8.2
52,560,69.6F,8.2
52.05,559,69.6F,8.2
52.1,556,69.6F,8.2
52.15,555,69.6F,8.2
52.2,552,69.6F,8.2
52.25,552,69.6F,8.2
52.3,550,69.6F,8.2
52.35,550,69.6F,8.2
52.4,547,69.6F,8.2
52.45,549,69.6F,8.2
52.5,546,69.6F,8.2
52.55,546,69.6F,8.2
52.6,545,69.6F,8.2
52.65,543,69.6F,8.2
52.7,540,69.6F,8.2
52.75,540,69.6F,8.2
52.8,537,69.6F,8.2
52.85,534,69.6F,8.2
52.9,533,69.6F,8.2
52.95,532,69.6F,8.2
53,530,69.6F,8.2
53.05,531,69.6F,8.2
53.1,531,69.6F,8.2
53.15,531,69.6F,8.2
53.2,529,69.6F,8.2
53.25,528,69.6F,8.2
53.3,526,69.6F,8.2
53.35,526,69.6F,8.2
53.4,521,69.6F,8.2
53.45,520,69.6F,8.2
53.5,519,69.6F,8.2
53.55,517,69.6F,8.2
53.6,514,69.6F,8.2
53.65,513,69.6F,8.2
53.7,511,69.6F,8.2
53.75,510,69.6F,8.2
53.8,509,69.6F,8.2
53.85,507,69.6F,8.2
53.9,505,69.6F,8.2
53.95,504,69.6F,8.2
54,502,69.6F,8.2
54.05,500,69.6F,8.2
54.1,500,69.6F,8.2
54.15,499,69.6F,8.2
54.2,497,69.6F,8.2
54.25,496,69.6F,8.2
54.3,495,69.6F,8.2
54.35,492,69.6F,8.2
54.4,490,69.6F,8.2
54.45,489,69.6F,8.2
54.5,488,69.6F,8.2
54.55,488,69.6F,8.2
54.6,486,69.6F,8.2
54.65,486,69.6F,8.2
54.7,486,69.6F,8.2
54.75,484,69.6F,8.2
54.8,484,69.6F,8.2
54.85,481,69.6F,8.2
54.9,482,69.6F,8.2
54.95,479,69.6F,8.2
55,476,69.6F,8.2
55.05,473,69.6F,8.2
55.1,473,69.6F,8.2
55.15,471,69.6F,8.2
55.2,469,69.6F,8.2
55.25,467,69.6F,8.2
55.3,468,69.6F,8.2
55.35,466,69.6F,8.2
55.4,464,69.6F,8.2
55.45,465,69.6F,8.2
55.5,463,69.6F,8.2
55.55,463,69.6F,8.2
55.6,460,69.6F,8.2
55.65,458,69.7F,8.2
55.7,457,69.6F,8.2
55.75,455,69.6F,8.2
55.8,455,69.6F,8.2
55.85,452,69.6F,8.2
55.9,451,69.6F,8.2
55.95,450,69.6F,8.2
56,450,69.6F,8.2
56.05,450,69.6F,8.2
56.1,446,69.6F,8.2
56.15,446,69.6F,8.2
56.2,445,69.6F,8.2
56.25,442,69.6F,8.2
56.3,441,69.6F,8.2
56.35,439,69.6F,8.2
56.4,438,69.6F,8.2
56.45,439,69.6F,8.2
56.5,438,69.6F,8.2
56.55,433,69.6F,8.2
56.6,433,69.6F,8.2
56.65,430,69.6F,8.2
56.7,430,69.6F,8.2
56.75,428,69.6F,8.2
56.8,426,69.6F,8.2
56.85,423,69.6F,8.2
56.9,423,69.6F,8.2
56.95,422,69.6F,8.2
57,419,69.6F,8.2
57.05,419,69.6F,8.2
57.1,414,69.6F,8.2
57.15,414,69.6F,8.2
57.2,414,69.6F,8.2
57.25,412,69.6F,8.2
57.3,410,69.6F,8.2
57.35,410,69.6F,8.2
57.4,408,69.6F,8.2
57.45,404,69.6F,8.2
57.5,403,69.6F,8.2
57.55,401,69.5F,8.2
57.6,401,69.6F,8.2
57.65,402,69.6F,8.2
57.7,398,69.6F,8.2
57.75,398,69.6F,8.2
57.8,395,69.6F,8.2
57.85,393,69.6F,8.2
57.9,390,69.6F,8.2
57.95,391,69.5F,8.2
58,388,69.6F,8.2
58.05,386,69.6F,8.2
58.1,387,69.5F,8.2
58.15,385,69.6F,8.2
58.2,386,69.5F,8.2
58.25,382,69.6F,8.2
58.3,380,69.5F,8.2
58.35,379,69.6F,8.2
58.4,379,69.6F,8.2
58.45,379,69.5F,8.2
58.5,376,69.5F,8.2
58.55,377,69.5F,8.2
58.6,375,69.5F,8.2
58.65,374,69.6F,8.2
58.7,373,69.5F,8.2
58.75,372,69.5F,8.2
58.8,367,69.6F,8.2
58.85,368,69.5F,8.2
58.9,366,69.5F,8.2
58.95,362,69.5F,8.2
59,359,69.5F,8.2
59.05,359,69.5F,8.2
59.1,358,69.5F,8.2
59.15,359,69.5F,8.2
59.2,356,69.5F,8.2
59.25,355,69.5F,8.2
59.3,352,69.5F,8.2
59.35,351,69.5F,8.2
59.4,349,69.5F,8.2
59.45,348,69.5F,8.2
59.5,345,69.5F,8.2
59.55,345,69.5F,8.2
59.6,344,69.5F,8.2
59.65,342,69.5F,8.2
59.7,340,69.5F,8.2
59.75,339,69.5F,8.2
59.8,338,69.5F,8.2
59.85,336,69.5F,8.2
59.9,335,69.6F,8.2
59.95,333,69.5F,8.2
60,331,69.5F,8.2
60.05,330,69.5F,8.2
60.1,331,69.6F,8.2
60.15,330,69.6F,8.2
60.2,327,69.6F,8.2
60.25,326,69.6F,8.2
60.3,321,69.6F,8.2
60.35,322,69.6F,8.2
60.4,323,69.6F,8.2
60.45,323,69.6F,8.2
60.5,321,69.6F,8.2
60.55,316,69.6F,8.2
60.6,318,69.6F,8.2
60.65,318,69.6F,8.2
60.7,317,69.6F,8.2
60.75,317,69.6F,8.2
60.8,315,69.6F,8.2
60.85,311,69.6F,8.2
60.9,313,69.6F,8.2
60.95,310,69.6F,8.2
61,308,69.6F,8.2
61.05,309,69.6F,8.2
61.1,305,69.6F,8.2
61.15,303,69.6F,8.2
61.2,303,69.6F,8.2
61.25,301,69.5F,8.2
61.3,299,69.6F,8.2
61.35,296,69.6F,8.2
61.4,296,69.6F,8.2
61.45,294,69.6F,8.2
61.5,293,69.6F,8.2
61.55,293,69.6F,8.2
61.6,291,69.6F,8.2
61.65,289,69.6F,8.2
61.7,288,69.6F,8.2
61.75,286,69.6F,8.2
61.8,283,69.6F,8.2
61.85,281,69.6F,8.2
61.9,279,69.6F,8.2
61.95,280,69.6F,8.2
62,280,69.6F,8.2
62.05,275,69.6F,8.2
62.1,276,69.6F,8.2
62.15,274,69.6F,8.2
62.2,274,69.6F,8.2
62.25,271,69.6F,8.2
62.3,270,69.6F,8.2
62.35,269,69.6F,8.2
62.4,267,69.6F,8.2
62.45,266,69.6F,8.2
62.5,264,69.6F,8.2
62.55,262,69.6F,8.2
62.6,259,69.6F,8.2
62.65,259,69.6F,8.2
62.7,256,69.6F,8.2
62.75,256,69.6F,8.2
62.8,256,69.6F,8.2
62.85,254,69.6F,8.2
62.9,253,69.6F,8.2
62.95,251,69.6F,8.2
63,252,69.6F,8.2
63.05,251,69.6F,8.2
63.1,249,69.6F,8.2
63.15,249,69.6F,8.2
63.2,245,69.6F,8.2
63.25,249,69.6F,8.2
63.3,246,69.6F,8.2
63.35,243,69.6F,8.2
63.4,242,69.6F,8.2
63.45,240,69.6F,8.2
63.5,237,69.6F,8.2
63.55,233,69.6F,8.2
63.6,233,69.6F,8.2
63.65,232,69.6F,8.2
63.7,230,69.6F,8.2
63.75,229,69.6F,8.2
63.8,226,69.6F,8.2
63.85,226,69.6F,8.2
63.9,224,69.6F,8.2
63.95,223,69.6F,8.2
64,222,69.6F,8.2
64.05,221,69.6F,8.2
64.1,221,69.6F,8.2
64.15,219,69.6F,8.2
64.2,217,69.6F,8.2
64.25,216,69.6F,8.2
64.3,216,69.6F,8.2
64.35,212,69.6F,8.2
64.4,214,69.6F,8.2
64.45,213,69.6F,8.2
64.5,210,69.6F,8.2
64.55,210,69.6F,8.2
64.6,209,69.6F,8.2
64.65,208,69.6F,8.2
64.7,205,69.6F,8.2
64.75,203,69.6F,8.2
64.8,202,69.6F,8.2
64.85,200,69.6F,8.2
64.9,200,69.6F,8.2
64.95,197,69.6F,8.2
65,194,69.6F,8.2
65.05,196,69.6F,8.2
65.1,195,69.6F,8.2
65.15,192,69.6F,8.2
65.2,192,69.6F,8.2
65.25,191,69.6F,8.2
65.3,190,69.6F,8.2
65.35,186,69.6F,8.2
65.4,188,69.6F,8.2
65.45,185,69.6F,8.2
65.5,183,69.6F,8.2
65.55,179,69.6F,8.2
65.6,178,69.6F,8.2
65.65,179,69.6F,8.2
65.7,179,69.6F,8.2
65.75,178,69.6F,8.2
65.8,177,69.6F,8.2
65.85,173,69.6F,8.2
65.9,174,69.6F,8.2
65.95,173,69.6F,8.2
66,171,69.6F,8.2
66.05,170,69.6F,8.2
66.1,168,69.6F,8.2
66.15,167,69.6F,8.2
66.2,164,69.6F,8.2
66.25,162,69.6F,8.2
66.3,162,69.6F,8.2
66.35,162,69.6F,8.2
66.4,158,69.6F,8.2
66.45,158,69.6F,8.2
66.5,155,69.6F,8.2
66.55,155,69.6F,8.2
66.6,154,69.6F,8.2
66.65,152,69.6F,8.2
66.7,150,69.6F,8.2
66.75,148,69.6F,8.2
66.8,147,69.6F,8.2
66.85,146,69.6F,8.2
66.9,144,69.7F,8.2
66.95,142,69.7F,8.2
67,139,69.6F,8.2
67.05,138,69.6F,8.2
67.1,137,69.6F,8.2
67.15,137,69.6F,8.2
67.2,135,69.6F,8.2
67.25,134,69.6F,8.2
67.3,133,69.7F,8.2
67.35,131,69.6F,8.2
67.4,130,69.7F,8.2
67.45,127,69.7F,8.2
67.5,124,69.6F,8.2
67.55,122,69.7F,8.2
67.6,122,69.6F,8.2
67.65,120,69.7F,8.2
67.7,120,69.6F,8.2
67.75,119,69.6F,8.2
67.8,119,69.7F,8.2
67.85,118,69.6F,8.2
67.9,115,69.6F,8.2
67.95,114,69.7F,8.2
68,113,69.7F,8.2
68.05,110,69.7F,8.2
68.1,109,69.7F,8.2
68.15,109,69.7F,8.2
68.2,109,69.6F,8.2
68.25,108,69.6F,8.2
68.3,106,69.6F,8.2
68.35,102,69.7F,8.2
68.4,103,69.7F,8.2
68.45,102,69.7F,8.2
68.5,101,69.6F,8.2
68.55,97,69.7F,8.2
68.6,96,69.6F,8.2
68.65,96,69.6F,8.2
68.7,95,69.6F,8.2
68.75,92,69.7F,8.2
68.8,93,69.6F,8.2
68.85,89,69.7F,8.2
68.9,90,69.6F,8.2
68.95,87,69.7F,8.2
69,85,69.7F,8.2
69.05,85,69.6F,8.2
69.1,82,69.7F,8.2
69.15,81,69.7F,8.2
69.2,81,69.6F,8.2
69.25,82,69.6F,8.2
69.3,79,69.6F,8.2
69.35,76,69.7F,8.2
69.4,74,69.7F,8.2
69.45,72,69.7F,8.2
69.5,70,69.7F,8.2
69.55,68,69.7F,8.2
69.6,66,69.7F,8.2
69.65,65,69.7F,8.2
69.7,64,69.7F,8.2
69.75,63,69.7F,8.2
69.8,63,69.7F,8.2
69.85,61,69.7F,8.2
69.9,58,69.7F,8.2
69.95,57,69.7F,8.2
70,56,69.7F,8.2
70.05,56,69.7F,8.2
70.1,54,69.7F,8.2
70.15,52,69.7F,8.2
70.2,51,69.7F,8.2
70.25,50,69.6F,8.2
70.3,48,69.7F,8.2
70.35,45,69.7F,8.2
70.4,44,69.7F,8.2
70.45,42,69.7F,8.2
70.5,40,69.6F,8.2
70.55,38,69.7F,8.2
70.6,38,69.7F,8.2
70.65,36,69.7F,8.2
70.7,35,69.6F,8.2
70.75,33,69.7F,8.2
70.8,30,69.7F,8.2
70.85,29,69.7F,8.2
70.9,26,69.7F,8.2
70.95,23,69.7F,8.2
71,25,69.7F,8.2
71.05,25,69.7F,8.2
71.1,25,69.7F,8.2
71.15,24,69.7F,8.2
71.2,24,69.7F,8.2
71.25,25,69.7F,8.2
71.3,25,69.7F,8.2
71.35,24,69.7F,8.2
71.4,25,69.6F,8.2
71.45,24,69.7F,8.2
71.5,25,69.7F,8.2
71.55,24,69.7F,8.2
71.6,24,69.7F,8.2
71.65,24,69.7F,8.2
71.7,23,69.7F,8.2
71.75,24,69.7F,8.2
71.8,23,69.7F,8.2
71.85,24,69.7F,8.2
71.9,24,69.7F,8.2
71.95,24,69.7F,8.2
72,24,69.7F,8.2
72.05,24,69.6F,8.2
72.1,23,69.7F,8.2
72.15,24,69.6F,8.2
72.2,25,69.6F,8.2
72.25,24,69.6F,8.2
72.3,24,69.6F,8.2
72.35,25,69.6F,8.2
72.4,23,69.6F,8.2
72.45,23,69.7F,8.2
72.5,24,69.6F,8.2
72.55,24,69.7F,8.2
72.6,25,69.6F,8.2
72.65,23,69.7F,8.2
72.7,23,69.7F,8.2
72.75,23,69.6F,8.2
72.8,24,69.6F,8.2
72.85,24,69.6F,8.2
72.9,23,69.7F,8.2
72.95,25,69.6F,8.2
73,23,69.7F,8.2
73.05,24,69.6F,8.2
73.1,25,69.6F,8.2
73.15,24,69.6F,8.2
73.2,24,69.6F,8.2
73.25,24,69.7F,8.2
73.3,25,69.6F,8.2
73.35,24,69.6F,8.2
73.4,23,69.7F,8.2
73.45,24,69.7F,8.2
73.5,24,69.6F,8.2
73.55,25,69.6F,8.2
73.6,24,69.6F,8.2
73.65,25,69.6F,8.2
73.7,24,69.6F,8.2
73.75,24,69.6F,8.2
73.8,23,69.6F,8.2
73.85,26,69.6F,8.2
73.9,24,69.6F,8.2
73.95,24,69.6F,8.2
74,24,69.6F,8.2
74.05,25,69.6F,8.2
74.1,24,69.6F,8.2
74.15,24,69.7F,8.2
74.2,23,69.6F,8.2
74.25,24,69.6F,8.2
74.3,23,69.7F,8.2
74.35,24,69.6F,8.2
74.4,25,69.6F,8.2
74.45,24,69.7F,8.2
74.5,24,69.6F,8.2
74.55,25,69.6F,8.2
74.6,25,69.6F,8.2
74.65,25,69.6F,8.2
74.7,25,69.6F,8.2
74.75,24,69.6F,8.2
74.8,24,69.6F,8.2
74.85,24,69.6F,8.2
74.9,25,69.6F,8.2
74.95,25,69.6F,8.2
75,24,69.6F,8.2
75.05,24,69.6F,8.2
75.1,25,69.6F,8.2
75.15,24,69.6F,8.2
75.2,24,69.6F,8.2
75.25,24,69.6F,8.2
75.3,24,69.6F,8.2
75.35,23,69.6F,8.2
75.4,25,69.6F,8.2
75.45,23,69.6F,8.2
75.5,24,69.6F,8.2
75.55,24,69.6F,8.2
75.6,24,69.6F,8.2
75.65,24,69.6F,8.2
75.7,25,69.6F,8.2
75.75,24,69.6F,8.2
75.8,25,69.6F,8.2
75.85,24,69.6F,8.2
75.9,26,69.6F,8.2
75.95,26,69.6F,8.2
76,24,69.7F,8.2
76.05,25,69.6F,8.2
76.1,25,69.6F,8.2
76.15,25,69.6F,8.2
76.2,25,69.6F,8.2
76.25,23,69.6F,8.2
76.3,25,69.6F,8.2
76.35,24,69.7F,8.2
76.4,24,69.7F,8.2
76.45,25,69.6F,8.2
76.5,24,69.7F,8.2
76.55,23,69.7F,8.2
76.6,23,69.7F,8.2
76.65,24,69.6F,8.2
76.7,24,69.7F,8.2
76.75,24,69.6F,8.2
76.8,24,69.6F,8.2
76.85,24,69.6F,8.2
76.9,25,69.6F,8.2
76.95,25,69.6F,8.2
77,24,69.6F,8.2
77.05,24,69.6F,8.2
77.1,24,69.6F,8.2
77.15,23,69.6F,8.2
77.2,24,69.6F,8.2
77.25,23,69.6F,8.2
77.3,25,69.6F,8.2
77.35,24,69.6F,8.2
77.4,24,69.7F,8.2
77.45,23,69.6F,8.2
77.5,25,69.6F,8.2
77.55,24,69.6F,8.2
77.6,25,69.6F,8.2
77.65,24,69.6F,8.2
77.7,24,69.6F,8.2
77.75,25,69.6F,8.2
77.8,24,69.6F,8.2
77.85,24,69.6F,8.2
77.9,24,69.6F,8.2
77.95,24,69.6F,8.2
78,24,69.6F,8.2
78.05,24,69.6F,8.2
78.1,24,69.6F,8.2
78.15,24,69.6F,8.2
78.2,24,69.6F,8.2
78.25,24,69.6F,8.2
78.3,26,69.6F,8.2
78.35,23,69.6F,8.2
78.4,25,69.6F,8.2
78.45,24,69.6F,8.2
78.5,25,69.6F,8.2
78.55,24,69.6F,8.2
78.6,24,69.6F,8.2
78.65,26,69.6F,8.2
78.7,24,69.6F,8.2
78.75,24,69.6F,8.2
78.8,24,69.6F,8.2
78.85,24,69.6F,8.2
78.9,23,69.7F,8.2
78.95,24,69.7F,8.2
79,25,69.6F,8.2
79.05,24,69.6F,8.2
79.1,25,69.6F,8.2
79.15,24,69.6F,8.2
79.2,25,69.6F,8.2
79.25,26,69.6F,8.2
79.3,25,69.7F,8.2
79.35,24,69.7F,8.2
79.4,24,69.6F,8.2
79.45,24,69.6F,8.2
79.5,25,69.6F,8.2
79.55,23,69.7F,8.2
